source,bridge_name,span_m,first_vertical_frequency_Hz,zeta_imputed_median,zeta_imputed_lower_95,zeta_imputed_upper_95,zeta_imputed_median_percent,zeta_imputed_lower_95_percent,zeta_imputed_upper_95_percent
Gong,1,25.0,2.44,0.0114370696250789,0.002294829600113707,0.0565259674220647,1.14370696250789,0.2294829600113707,5.65259674220647
Gong,2,18.0,8.5,0.015039063338225512,0.0030718312779515165,0.07768525186788255,1.5039063338225511,0.30718312779515167,7.768525186788255
Gong,3,60.0,2.67,0.0099385170859905,0.001962535942928301,0.04891197247158831,0.99385170859905,0.1962535942928301,4.891197247158831
Gong,4,71.4,1.968,0.008973674671713899,0.0017724178558554632,0.04597636875809152,0.8973674671713899,0.17724178558554632,4.597636875809152
Gong,5,45.0,1.55,0.009648374051830867,0.0018726516057803893,0.04857854957516982,0.9648374051830867,0.18726516057803894,4.857854957516982
Gong,6,31.0,3.112,0.01165726631214999,0.0023273110698380597,0.058406898662118234,1.165726631214999,0.23273110698380597,5.840689866211823
Gong,7,125.0,0.492,0.0064815994862791,0.0012960027995970454,0.03142212201114456,0.6481599486279099,0.12960027995970452,3.142212201114456
Gong,8,16.0,2.5487,0.012843700369124343,0.002442645623799702,0.062436141741813285,1.2843700369124345,0.24426456237997018,6.243614174181329
Gong,9,72.0,0.222,0.006247095336582717,0.001194533538529698,0.033420881797036055,0.6247095336582716,0.1194533538529698,3.3420881797036053
Gong,11,198.15,0.54,0.006106423269559012,0.001255736701321422,0.030141821330511624,0.6106423269559011,0.1255736701321422,3.0141821330511624
Gong,12,84.6,1.311,0.008135947890137218,0.0016969251083154009,0.03967066271355938,0.8135947890137218,0.16969251083154008,3.967066271355938
Gong,13,100.0,2.2,0.008667146268719159,0.0016636095754329777,0.04342882826477109,0.8667146268719159,0.16636095754329777,4.342882826477109
Gong,16,64.0,1.97,0.009268354093743294,0.0018742787447538376,0.04401267488509538,0.9268354093743294,0.18742787447538375,4.401267488509538
Gong,21,430.0,0.204,0.00446029557487382,0.0008835930251827969,0.02265021631861815,0.446029557487382,0.0883593025182797,2.265021631861815
Gong,22,416.0,0.1345,0.004162552641320691,0.000798848720612958,0.02116016509787373,0.4162552641320691,0.0798848720612958,2.1160165097873733
Gong,25,36.5,2.345,0.010553347500818619,0.0021565096317943434,0.05345701138164615,1.055334750081862,0.21565096317943433,5.345701138164615
Gong,26,338.0,0.325,0.0049620541066830465,0.0010363894559649567,0.024266282658837075,0.49620541066830465,0.10363894559649567,2.4266282658837075
Gong,29,240.0,1.451,0.0066765022027587195,0.0013288619169832623,0.03625399517671304,0.667650220275872,0.13288619169832622,3.625399517671304
Gong,31,400.0,1.703,0.006273378730852272,0.001160079327013381,0.03460292114368625,0.6273378730852273,0.1160079327013381,3.460292114368625
Gong,35,45.0,2.062,0.00997721362639914,0.002063345926295047,0.0472360542103015,0.997721362639914,0.2063345926295047,4.7236054210301495
Gong,38,90.0,2.2574,0.008822368594420503,0.001850907198810703,0.042099775878375656,0.8822368594420503,0.18509071988107031,4.209977587837566
Gong,39,110.0,1.475,0.007955617004056533,0.001553320875391622,0.04033590367976574,0.7955617004056533,0.1553320875391622,4.033590367976574
Gong,40,31.7,2.49,0.011193632287167115,0.0022667337774098044,0.05610164707863463,1.1193632287167115,0.22667337774098045,5.610164707863463
Gong,41,125.0,2.05,0.008206901831388965,0.001662423720757879,0.04059801209642972,0.8206901831388965,0.1662423720757879,4.0598012096429725
Gong,43,120.0,0.136,0.005213884640235425,0.0009657911993699469,0.031068706327237954,0.5213884640235424,0.0965791199369947,3.1068706327237954
Gong,44,30.0,5.06,0.012479807612128531,0.002521977327777293,0.060352261171309166,1.247980761212853,0.2521977327777293,6.035226117130916
Gong,45,100.0,3.11,0.009097362177196831,0.0018421684265553491,0.04617706133177793,0.9097362177196832,0.18421684265553492,4.617706133177793
Gong,48,74.2,1.166,0.008153381617787222,0.001685239789730238,0.03951338025619917,0.8153381617787222,0.16852397897302382,3.9513380256199166
Gong,51,120.0,0.742,0.007012852354969899,0.0014116065231636467,0.03453584791424788,0.7012852354969898,0.14116065231636465,3.453584791424788
Gong,53,96.0,0.3883,0.006634015305157597,0.0012394024185586475,0.03306135557522628,0.6634015305157597,0.12394024185586475,3.306135557522628
Gong,56,30.0,3.0,0.011573417917901906,0.00226992208234994,0.05790336713043942,1.1573417917901907,0.226992208234994,5.790336713043942
Gong,57,40.0,1.78,0.010029000037741487,0.002105763113742715,0.04993132159662146,1.0029000037741487,0.2105763113742715,4.993132159662146
Gong,59,12.95,10.21,0.016733815846925924,0.0032316664542524466,0.08632042224583779,1.6733815846925923,0.32316664542524465,8.63204222458378
Gong,60,83.0,1.22,0.008099234254816673,0.0016697292478079404,0.03802574858187415,0.8099234254816673,0.16697292478079404,3.8025748581874153
Gong,61,40.0,3.6895,0.011083829621446575,0.0022551915772382786,0.05494376505662168,1.1083829621446575,0.22551915772382786,5.494376505662168
Gong,63,40.3,4.875,0.011852031869352637,0.0024055373902026364,0.05699539689536295,1.1852031869352637,0.24055373902026364,5.699539689536294
Gong,64,32.7,6.05,0.012781188982990337,0.002708025325192866,0.06126779109559803,1.2781188982990337,0.2708025325192866,6.126779109559803
Gong,65,60.0,0.366,0.007236186859711644,0.0013991726467201073,0.03656777699572057,0.7236186859711644,0.13991726467201074,3.656777699572057
Gong,67,60.0,1.654,0.009204097332185725,0.00175509550216066,0.04616556109706474,0.9204097332185724,0.17550955021606598,4.616556109706474
Gong,72,36.0,2.5,0.010686187066623595,0.0021462413243588953,0.05214878303303145,1.0686187066623596,0.21462413243588954,5.214878303303145
Gong,73,51.0,3.18,0.01041380847110035,0.002094052818621657,0.05225417979280177,1.041380847110035,0.2094052818621657,5.225417979280177
Gong,74,35.0,2.282,0.01071374607054014,0.002083572263546421,0.055185390891576085,1.071374607054014,0.2083572263546421,5.518539089157608
Gong,75,80.0,1.136,0.008207229088396703,0.0017227955652646565,0.039536410833278676,0.8207229088396704,0.17227955652646565,3.9536410833278675
Gong,77,135.0,0.444,0.006333487481544475,0.0012625215362531365,0.03310731560540889,0.6333487481544475,0.12625215362531364,3.310731560540889
Gong,78,58.7,1.7,0.009168322915630554,0.0019032313024654522,0.04515970755060844,0.9168322915630553,0.19032313024654524,4.515970755060844
Gong,79,79.0,1.778,0.008704838717829535,0.0017480690753342938,0.04222840145056585,0.8704838717829535,0.17480690753342937,4.222840145056585
Gong,80,79.4,4.074,0.01014404871022647,0.0019612927787553236,0.049034364874507574,1.014404871022647,0.19612927787553236,4.903436487450757
Gong,84,85.0,1.353,0.008256776999301354,0.0016250031073697328,0.04147607607898189,0.8256776999301354,0.16250031073697327,4.147607607898189
Gong,85,40.0,3.467,0.011086375610574791,0.0022549978899836236,0.05459298436578198,1.108637561057479,0.22549978899836237,5.459298436578198
Gong,86,80.0,1.42,0.008455757049652632,0.0016422655970975788,0.04202456064747373,0.8455757049652632,0.16422655970975789,4.202456064747373
Gong,89,124.0,0.549,0.006632593177107788,0.0013805735161640975,0.030817962962331833,0.6632593177107787,0.13805735161640975,3.0817962962331835
Gong,91,49.45,1.57,0.009572456209250084,0.0018066428315028696,0.045852597259527464,0.9572456209250084,0.18066428315028696,4.585259725952747
Gong,92,84.0,0.4182,0.0068207086250874445,0.0013656531727943599,0.03331173756653525,0.6820708625087445,0.136565317279436,3.331173756653525
Gong,93,65.0,0.3897,0.007063227205927648,0.001393146877893345,0.035360234735133354,0.7063227205927648,0.1393146877893345,3.5360234735133353
Gong,94,210.0,0.5,0.005837597847752125,0.0011315238155746535,0.030671864786588263,0.5837597847752125,0.11315238155746535,3.0671864786588263
Gong,95,49.0,2.466,0.009936194952626397,0.0018999074392951276,0.050848679800390956,0.9936194952626397,0.18999074392951276,5.084867980039095
Gong,97,135.0,0.31,0.005894470223763354,0.0011792590096919096,0.028740520845610372,0.5894470223763354,0.11792590096919096,2.874052084561037
Gong,98,100.0,2.126,0.008479671629013343,0.0016841910700614376,0.04342870701243264,0.8479671629013342,0.16841910700614376,4.342870701243264
Gong,99,15.0,2.9,0.013205931913600966,0.0026550252439252516,0.06433124623033094,1.3205931913600966,0.26550252439252514,6.433124623033095
Wei,Postiguet Footbridge [43],24.0,3.67,0.011118522705571152,0.0023193840722186393,0.05357037884611605,1.1118522705571152,0.23193840722186393,5.3570378846116045
Wei,Viana Footbridge [53],36.3,1.03,0.008351831966017341,0.0016743243489850351,0.0408726482308391,0.8351831966017341,0.1674324348985035,4.087264823083911
Wei,"Weil-am-Rhein Footbridge [54,55]",230.0,0.7,0.005522332172065516,0.001073072315626393,0.027539585115339594,0.5522332172065516,0.10730723156263931,2.7539585115339595
Wei,Cekov Footbridge [64],69.0,2.12,0.00819758850522699,0.0016709993724622295,0.0400938079041442,0.8197588505226989,0.16709993724622296,4.00938079041442
Wei,Texas footbridge [69],40.0,2.38,0.009447095600043302,0.0019285860391082292,0.04655913632999374,0.9447095600043303,0.1928586039108229,4.655913632999374
Wei,"Katzbuckelbruecke bridge [71,73]",73.7,0.45,0.0063505434577497254,0.0012608193175994372,0.0321799332243005,0.6350543457749726,0.12608193175994373,3.21799332243005
Wei,Pribor Footbridge [83],39.0,4.17,0.010246430986623076,0.0021734876719825876,0.04959709207063401,1.0246430986623076,0.21734876719825877,4.959709207063401
