bridge_id,span_m,first_vertical_frequency_Hz,zeta_imputed_median,zeta_imputed_lower_95,zeta_imputed_upper_95,zeta_imputed_median_percent,zeta_imputed_lower_95_percent,zeta_imputed_upper_95_percent
1,25.0,2.44,0.01067034383430889,0.002203658612873745,0.0520879333864193,1.067034383430889,0.2203658612873745,5.2087933386419305
2,18.0,8.5,0.013843626029363771,0.0027931386968182577,0.07167636429258632,1.3843626029363771,0.27931386968182575,7.167636429258632
3,60.0,2.67,0.009363028088392563,0.0019782144695904506,0.04384940215668005,0.9363028088392563,0.19782144695904505,4.384940215668005
4,71.4,1.968,0.008607800123149068,0.0017573440008069963,0.04029405002424988,0.8607800123149068,0.17573440008069963,4.029405002424988
5,45.0,1.55,0.009009886377048502,0.0017903004543207899,0.04397796232054822,0.9009886377048502,0.17903004543207898,4.397796232054822
6,31.0,3.112,0.010616422594818646,0.002270418095927282,0.05184097406204941,1.0616422594818646,0.22704180959272818,5.184097406204941
7,125.0,0.492,0.006325030543853764,0.001264395751528668,0.030566667339721403,0.6325030543853764,0.1264395751528668,3.0566667339721403
8,16.0,2.5487,0.011654701120364833,0.002467323166255288,0.05657713871308076,1.1654701120364832,0.24673231662552883,5.657713871308076
9,72.0,0.222,0.006105058597785526,0.0011846083823087105,0.031230019572484932,0.6105058597785527,0.11846083823087104,3.1230019572484933
11,198.15,0.54,0.005846555836707614,0.0012086613801982563,0.029790770215774164,0.5846555836707613,0.12086613801982563,2.9790770215774165
12,84.6,1.311,0.007738125122804503,0.0015555263920044354,0.038777473224223216,0.7738125122804503,0.15555263920044354,3.8777473224223216
13,100.0,2.2,0.00812779683381627,0.001611547023704054,0.040738756437006814,0.8127796833816269,0.1611547023704054,4.073875643700681
16,64.0,1.97,0.008829642974755678,0.0017752307882081065,0.04168457550018919,0.8829642974755678,0.17752307882081064,4.168457550018919
21,430.0,0.204,0.004410939159793514,0.0009044900907158003,0.021972543891002595,0.44109391597935144,0.09044900907158003,2.1972543891002596
22,416.0,0.1345,0.004181671168515155,0.00079831645803827,0.02187006999846878,0.4181671168515155,0.07983164580382701,2.187006999846878
25,36.5,2.345,0.009920877056216247,0.0020741510656692424,0.04680133799242316,0.9920877056216246,0.20741510656692425,4.680133799242316
26,338.0,0.325,0.004988635353990625,0.0009615102292065466,0.02536884344406278,0.4988635353990625,0.09615102292065467,2.5368843444062783
29,240.0,1.451,0.0067503698928610715,0.0013722710757649594,0.03417527316484558,0.6750369892861071,0.13722710757649595,3.417527316484558
31,400.0,1.703,0.006283498524732605,0.0012019330716247659,0.035473199713385285,0.6283498524732605,0.12019330716247659,3.5473199713385286
35,45.0,2.062,0.009369805236608839,0.001958678655099664,0.04711597391580972,0.9369805236608839,0.19586786550996638,4.7115973915809715
38,90.0,2.2574,0.008537653463483882,0.0016587002098163747,0.04146886209142198,0.8537653463483883,0.16587002098163747,4.146886209142198
39,110.0,1.475,0.007539950208694204,0.00152742474618363,0.03703568548695384,0.7539950208694204,0.152742474618363,3.7035685486953835
40,31.7,2.49,0.010252424673608432,0.0021513525757746186,0.04874984707723269,1.0252424673608433,0.21513525757746185,4.874984707723269
41,125.0,2.05,0.00793107048603343,0.0016161522429968295,0.039634871940229036,0.793107048603343,0.16161522429968295,3.9634871940229037
43,120.0,0.136,0.005087964155910172,0.0009561347406226563,0.028942340400344335,0.5087964155910172,0.09561347406226563,2.8942340400344335
44,30.0,5.06,0.011549306349100227,0.0023162488809114657,0.05820253236407118,1.1549306349100226,0.23162488809114656,5.820253236407118
45,100.0,3.11,0.008758035152397977,0.0018758824335968923,0.04172766002638676,0.8758035152397977,0.18758824335968924,4.172766002638676
48,74.2,1.166,0.007866394817357618,0.0016048863143943747,0.03856385251981677,0.7866394817357618,0.16048863143943748,3.856385251981677
51,120.0,0.742,0.006686802575410525,0.0013563333892139516,0.033717294764660094,0.6686802575410525,0.13563333892139515,3.3717294764660095
53,96.0,0.3883,0.006312166820788239,0.001298421391411357,0.030178463496590095,0.6312166820788239,0.1298421391411357,3.0178463496590093
56,30.0,3.0,0.010685888881988192,0.0021627960179667572,0.049655716188471505,1.0685888881988193,0.2162796017966757,4.96557161884715
57,40.0,1.78,0.00926477341141462,0.0019248099160700733,0.04550477996100035,0.926477341141462,0.19248099160700732,4.550477996100035
59,12.95,10.21,0.01492507751622674,0.0031192534370047256,0.07132644364601114,1.4925077516226741,0.31192534370047253,7.132644364601114
60,83.0,1.22,0.007908039451438966,0.00157798856938318,0.038730682891612314,0.7908039451438966,0.157798856938318,3.8730682891612314
61,40.0,3.6895,0.010523073765866557,0.0020620277419866892,0.05360182526979685,1.0523073765866557,0.20620277419866892,5.360182526979685
63,40.3,4.875,0.010871476534561178,0.0022035590318500394,0.05284638142873318,1.0871476534561177,0.22035590318500395,5.284638142873318
64,32.7,6.05,0.011568460604998321,0.0025052778834557645,0.056287454817584064,1.156846060499832,0.25052778834557643,5.628745481758406
65,60.0,0.366,0.006794909833321714,0.0013092461287736233,0.035728070885947684,0.6794909833321714,0.13092461287736232,3.5728070885947685
67,60.0,1.654,0.008659032780845028,0.0017581511490070026,0.04255989125897441,0.8659032780845028,0.17581511490070026,4.2559891258974405
72,36.0,2.5,0.0100359320025291,0.002045100060202252,0.04902854254566567,1.00359320025291,0.20451000602022518,4.9028542545665665
73,51.0,3.18,0.009915829787751579,0.00200651983175113,0.04770636687074835,0.9915829787751579,0.20065198317511299,4.770636687074835
74,35.0,2.282,0.00986898597177414,0.002126928849487806,0.04698898147221837,0.986898597177414,0.2126928849487806,4.698898147221837
75,80.0,1.136,0.007773639723853118,0.0015368433858530056,0.036794135355254824,0.7773639723853117,0.15368433858530056,3.6794135355254824
77,135.0,0.444,0.006045636795422232,0.0011985341034695118,0.02900941336945798,0.6045636795422231,0.11985341034695118,2.900941336945798
78,58.7,1.7,0.008788728569192852,0.001814413120671448,0.04023706176523706,0.8788728569192852,0.1814413120671448,4.023706176523706
79,79.0,1.778,0.008374143630360535,0.0016801679213551315,0.04008437185134685,0.8374143630360535,0.16801679213551315,4.008437185134685
80,79.4,4.074,0.009487381576284083,0.0018680998073980245,0.047247328279056575,0.9487381576284083,0.18680998073980246,4.724732827905657
84,85.0,1.353,0.007933750424059385,0.0015639641865803444,0.037985885040373916,0.7933750424059385,0.15639641865803444,3.7985885040373915
85,40.0,3.467,0.010398823614240951,0.0020888133626579724,0.05330123593140672,1.039882361424095,0.20888133626579725,5.330123593140672
86,80.0,1.42,0.00805007610099975,0.001593494205647978,0.03940457662438584,0.805007610099975,0.1593494205647978,3.940457662438584
89,124.0,0.549,0.006411971687395562,0.0012731597725251151,0.03245883666458242,0.6411971687395562,0.1273159772525115,3.245883666458242
91,49.45,1.57,0.00888367897082271,0.001820710584776169,0.04229252748241009,0.8883678970822709,0.1820710584776169,4.2292527482410085
92,84.0,0.4182,0.006482664050074357,0.0012651894872060226,0.032902617422092925,0.6482664050074357,0.12651894872060226,3.2902617422092924
93,65.0,0.3897,0.006666409089078082,0.0013206570374728116,0.03442952013003521,0.6666409089078081,0.13206570374728116,3.442952013003521
94,210.0,0.5,0.005744296440931277,0.0011257496439772369,0.02822289845755892,0.5744296440931277,0.11257496439772369,2.822289845755892
95,49.0,2.466,0.009416102905239827,0.001983874077311889,0.04507732209420849,0.9416102905239827,0.1983874077311889,4.507732209420849
97,135.0,0.31,0.005754109151989477,0.0011926138684744657,0.028559211159092386,0.5754109151989477,0.11926138684744657,2.8559211159092386
98,100.0,2.126,0.008365235260833794,0.0016388758460836243,0.039969907379499715,0.8365235260833794,0.16388758460836242,3.9969907379499716
99,15.0,2.9,0.011882688897032,0.0023265766289151035,0.05828647421888313,1.1882688897031999,0.23265766289151035,5.828647421888313
101,24.0,3.67,0.01147384335973414,0.0023463520703898137,0.05612401067669739,1.147384335973414,0.23463520703898136,5.6124010676697385
103,106.0,1.22,0.007427539097278802,0.0014984210961027137,0.03656753991902894,0.7427539097278801,0.14984210961027136,3.6567539919028937
111,36.3,1.03,0.008687593041534412,0.0018485313530488667,0.04399785338988133,0.8687593041534412,0.18485313530488667,4.399785338988133
112,230.0,0.7,0.006019282224095875,0.0011500472543658476,0.028913355132729128,0.6019282224095874,0.11500472543658476,2.891335513272913
124,69.0,2.12,0.008921451452141023,0.0018426773432943166,0.04253548871761824,0.8921451452141023,0.18426773432943166,4.253548871761824
131,40.0,2.38,0.009717921257220069,0.0019891000618803825,0.04767891294299256,0.9717921257220069,0.19891000618803825,4.767891294299257
137,73.7,0.45,0.006812685078975422,0.0013942981624046938,0.034715783817528156,0.6812685078975422,0.13942981624046938,3.4715783817528156
150,39.0,4.17,0.010705915533542783,0.0023001886706188785,0.05108530251958511,1.0705915533542782,0.23001886706188784,5.108530251958511
166,37.0,2.29,0.009894972648361108,0.001987039309557056,0.05035124789838655,0.9894972648361108,0.1987039309557056,5.035124789838655
167,39.0,3.25,0.010344844437384839,0.002082346156959552,0.050407205414477706,1.034484443738484,0.2082346156959552,5.0407205414477705
168,28.0,3.42,0.011098374240037196,0.0022773336888074797,0.05460128900047464,1.1098374240037197,0.22773336888074797,5.460128900047464
169,42.0,3.12,0.010334910220068862,0.0020942512441300474,0.05096855948286234,1.0334910220068863,0.20942512441300473,5.096855948286234
170,37.0,3.42,0.010561954193992671,0.002209865485790372,0.049921108020178115,1.056195419399267,0.2209865485790372,4.9921108020178115
171,37.0,5.6,0.011419046834231703,0.0022573441334225904,0.05561091665428315,1.1419046834231703,0.22573441334225902,5.561091665428315
172,43.0,5.05,0.011086843370744434,0.002309486700539889,0.05413741175907421,1.1086843370744435,0.2309486700539889,5.413741175907421
173,26.0,3.52,0.011206265412316618,0.0023624936620720723,0.05406988523016408,1.1206265412316618,0.23624936620720724,5.406988523016408
174,53.0,2.25,0.009171480658612084,0.0018623609467274432,0.046469342659659414,0.9171480658612085,0.18623609467274432,4.646934265965942
175,41.0,2.25,0.009708704235914667,0.0020515138419135103,0.04508903594396481,0.9708704235914667,0.20515138419135104,4.508903594396481
176,14.0,9.3,0.014725653028928015,0.0029710077480816035,0.07042370375169878,1.4725653028928014,0.29710077480816033,7.042370375169877
177,20.0,3.52,0.011773846693318525,0.002484600570814331,0.05853892150550605,1.1773846693318526,0.24846005708143312,5.853892150550605
178,32.0,1.76,0.009706894711551025,0.001903626908586444,0.04680243943003855,0.9706894711551025,0.1903626908586444,4.6802439430038545
179,29.0,2.0,0.010228666363345813,0.002122320904780221,0.05120807740213406,1.0228666363345813,0.21223209047802208,5.120807740213406
180,16.0,7.1,0.013687159500845343,0.0027842393657486965,0.06838250962146797,1.3687159500845343,0.27842393657486963,6.838250962146796
181,21.0,4.3,0.012010994833200903,0.0023835271928065466,0.05987627680419501,1.2010994833200903,0.23835271928065466,5.987627680419501
182,21.0,5.2,0.012516633620602298,0.002616627589256394,0.06035012316000009,1.2516633620602298,0.2616627589256394,6.035012316000008
183,28.0,4.08,0.011452430454217281,0.0023162762812961165,0.05682398511506173,1.1452430454217282,0.23162762812961166,5.6823985115061735
184,17.0,9.6,0.014129626806416083,0.0028374761235772754,0.06890549682915738,1.4129626806416082,0.28374761235772755,6.890549682915738
185,38.0,3.03,0.010324041118295468,0.0020571367381695517,0.05006838593061729,1.0324041118295468,0.20571367381695518,5.006838593061729
186,25.0,4.77,0.011791178627689273,0.002496212430699083,0.056380698343334056,1.1791178627689274,0.2496212430699083,5.638069834333406
187,30.0,3.42,0.010975509416574936,0.002284441149033828,0.052933327437986996,1.0975509416574936,0.22844411490338282,5.2933327437986994
188,46.0,3.81,0.01025609822100027,0.002033035747979967,0.05268424592626083,1.025609822100027,0.20330357479799668,5.268424592626083
189,50.0,2.93,0.009795822116102311,0.001968551203041236,0.046196929285167054,0.9795822116102311,0.1968551203041236,4.619692928516706
190,21.0,2.66,0.011080048491516673,0.0024411973462991968,0.05222126205370461,1.1080048491516674,0.24411973462991968,5.2221262053704605
191,20.0,2.07,0.010727404394215205,0.002304370825064479,0.05242096369236938,1.0727404394215205,0.2304370825064479,5.242096369236938
192,22.0,7.72,0.01299549230280192,0.002606753262626081,0.0631170960638638,1.299549230280192,0.2606753262626081,6.31170960638638
193,42.0,4.98,0.011001466199172794,0.0022881276100462228,0.05266066299214147,1.1001466199172794,0.22881276100462228,5.266066299214147
194,48.0,5.6,0.010875310323032853,0.0021929506521318016,0.05491474012822334,1.0875310323032854,0.21929506521318015,5.491474012822334
195,26.0,6.54,0.01238664889315361,0.0027039762977723943,0.056890358857959844,1.2386648893153611,0.2703976297772394,5.689035885795985
196,20.0,7.4,0.013303514226681194,0.0027679864946858392,0.06622428333460763,1.3303514226681195,0.2767986494685839,6.622428333460763
197,51.0,3.16,0.009830466781328984,0.002076854829552479,0.04443184935453808,0.9830466781328984,0.2076854829552479,4.443184935453808
198,28.0,1.86,0.010158295237999673,0.0020840613730589803,0.04778985188683008,1.0158295237999673,0.20840613730589802,4.778985188683008
199,19.0,2.5,0.011133377767552112,0.0021378543783387217,0.056912562493911835,1.1133377767552113,0.21378543783387216,5.691256249391183
200,28.0,1.86,0.009922680577796952,0.001986197228679452,0.04968618406741762,0.9922680577796952,0.1986197228679452,4.968618406741762
201,22.0,4.2,0.01189212876068275,0.0024900361869804855,0.05621373134602139,1.189212876068275,0.24900361869804855,5.6213731346021385
202,30.0,2.88,0.010791941334539553,0.00224674099776001,0.050918648864641106,1.0791941334539554,0.224674099776001,5.09186488646411
203,30.0,2.73,0.01048570577431086,0.002163324561306674,0.05018129819807147,1.048570577431086,0.21633245613066743,5.018129819807147
204,25.0,4.0,0.011552982175837452,0.002424541355249916,0.05801041228250743,1.1552982175837452,0.2424541355249916,5.801041228250743
205,28.0,3.81,0.01128103162172803,0.002326731394996999,0.054854796137797125,1.128103162172803,0.2326731394996999,5.485479613779712
206,19.0,6.45,0.013131535127212516,0.002638889170314845,0.06477199132200905,1.3131535127212517,0.2638889170314845,6.477199132200904
207,26.0,3.79,0.011386077600455513,0.00229613011942545,0.05770300560828934,1.1386077600455513,0.229613011942545,5.770300560828934
208,29.0,1.9,0.010037756755166998,0.002004016996442896,0.04924740155772179,1.0037756755166998,0.2004016996442896,4.924740155772179
209,38.0,2.3,0.009704543359426821,0.0020615755146085016,0.046784923799629285,0.9704543359426822,0.20615755146085016,4.678492379962929
210,32.0,3.1,0.010636672546213154,0.002375591177083217,0.05007457113424715,1.0636672546213155,0.2375591177083217,5.0074571134247154
211,22.0,3.58,0.011755041671158324,0.0024413739405198883,0.055406046568780204,1.1755041671158324,0.24413739405198884,5.5406046568780205
212,13.0,10.7,0.015150943430833983,0.0028862871627506393,0.07682877668090933,1.5150943430833983,0.2886287162750639,7.682877668090933
213,11.0,13.5,0.01614502176452412,0.0032782220019783367,0.0822167498966559,1.6145021764524121,0.32782220019783365,8.221674989665589
214,22.0,5.05,0.012124508077283297,0.002594413984103226,0.06070390075364353,1.2124508077283296,0.2594413984103226,6.070390075364353
215,23.0,3.5,0.011370834561344637,0.0023802277890879165,0.05264296642166699,1.1370834561344638,0.23802277890879164,5.264296642166699
216,31.0,4.49,0.011213876356136661,0.002268880459335593,0.05550077605141485,1.121387635613666,0.2268880459335593,5.550077605141485
217,22.0,4.2,0.011926966112353367,0.0023770762597672907,0.05881768438477246,1.1926966112353368,0.23770762597672906,5.881768438477246
218,36.0,2.57,0.010209486729234336,0.0020193808539017205,0.05026528445984337,1.0209486729234336,0.20193808539017205,5.026528445984337
219,37.0,1.9,0.009570678106434869,0.0019508052238956662,0.0467026676907521,0.9570678106434869,0.19508052238956664,4.6702667690752095
220,21.0,6.9,0.012879912109961379,0.002592739525966138,0.06177188329230365,1.2879912109961378,0.2592739525966138,6.177188329230365
221,20.0,3.5,0.011685545798712092,0.0023275842525275034,0.05848347383802206,1.1685545798712091,0.23275842525275034,5.848347383802206
222,22.0,3.71,0.0115262080176395,0.002434419156065917,0.05559930524402351,1.15262080176395,0.24344191560659167,5.559930524402351
223,31.0,2.76,0.010367473848625443,0.0021863253445067424,0.04855459441207065,1.0367473848625444,0.21863253445067424,4.855459441207064
224,32.0,3.13,0.010506914525631048,0.0021446382508459785,0.05213882623414837,1.0506914525631048,0.21446382508459785,5.213882623414837
225,41.0,2.32,0.009738682168358301,0.0019897131021254745,0.04694209294048782,0.9738682168358301,0.19897131021254744,4.694209294048782
226,46.0,2.12,0.009245483558862969,0.001822536386952966,0.04579844431540372,0.9245483558862968,0.1822536386952966,4.579844431540372
227,39.0,2.58,0.009947875300465446,0.0019771615088814733,0.052216364682292224,0.9947875300465446,0.1977161508881473,5.221636468229223
228,25.0,3.76,0.0114231566730075,0.002268640382630373,0.05621334461544891,1.1423156673007502,0.22686403826303728,5.621334461544891
229,38.0,3.86,0.01066968854195145,0.0022159808241407506,0.05421298683301369,1.066968854195145,0.22159808241407505,5.421298683301369
230,56.0,1.9,0.008946583817142712,0.0018366473247607709,0.040770408860486045,0.8946583817142713,0.1836647324760771,4.0770408860486045
231,25.0,5.8,0.01226164384771972,0.0024982573957729784,0.059429678752470384,1.226164384771972,0.24982573957729784,5.942967875247039
232,48.0,2.36,0.009489973149997326,0.0019869676139542738,0.04553700441182765,0.9489973149997326,0.19869676139542738,4.553700441182765
233,32.0,0.81,0.008587700069593543,0.001649561475777534,0.046434854949195546,0.8587700069593542,0.1649561475777534,4.643485494919554
234,75.0,0.94,0.00754906819125443,0.0015665768794138604,0.038270612943596044,0.754906819125443,0.15665768794138604,3.8270612943596043
235,75.0,0.88,0.007480410538662729,0.0014723972072988021,0.03609248635671223,0.7480410538662728,0.1472397207298802,3.609248635671223
236,90.0,2.33,0.008452314497373067,0.0018068501276836508,0.0420679674914786,0.8452314497373067,0.18068501276836507,4.20679674914786
237,25.0,3.22,0.011143410990711228,0.0024268800464456817,0.05415240647136219,1.1143410990711229,0.24268800464456816,5.415240647136219
238,30.0,5.37,0.011811895766873318,0.0024313276263414722,0.0571508762745358,1.1811895766873317,0.24313276263414724,5.71508762745358
239,32.0,5.37,0.011621104473505787,0.0024481128108800863,0.05588284298684552,1.1621104473505788,0.24481128108800862,5.588284298684552
240,49.0,2.47,0.009543207039160437,0.001923016985137408,0.046292407236610836,0.9543207039160437,0.1923016985137408,4.629240723661083
241,110.0,1.95,0.007987940346015927,0.001661256828877568,0.039620418779455414,0.7987940346015927,0.1661256828877568,3.9620418779455413
242,36.0,1.03,0.008737988002250934,0.0017345931006491812,0.04406071014952589,0.8737988002250934,0.17345931006491813,4.406071014952588
243,36.0,3.17,0.01043416834084927,0.0020655006526266273,0.05008841910843041,1.043416834084927,0.20655006526266273,5.008841910843041
244,13.0,3.17,0.012445894173009241,0.0023614312463607406,0.06626361442590736,1.2445894173009242,0.23614312463607406,6.626361442590737
