bridge_id,span_m,first_vertical_frequency_Hz,material_used,zeta_imputed_mean,zeta_imputed_sd,zeta_imputed_median,zeta_imputed_lower_95,zeta_imputed_upper_95,zeta_imputed_mean_percent,zeta_imputed_sd_percent,zeta_imputed_median_percent,zeta_imputed_lower_95_percent,zeta_imputed_upper_95_percent
1.0,25.0,2.44,Steel,0.010696017520167965,0.009532585048714763,0.007817568304776642,0.0017438972853297667,0.03733602753067732,1.0696017520167964,0.9532585048714762,0.7817568304776642,0.17438972853297666,3.733602753067732
2.0,18.0,8.5,FRP,0.024485877088267095,0.021994267596555598,0.01828608551318541,0.004117542719895357,0.08341267538405406,2.4485877088267096,2.1994267596555597,1.828608551318541,0.4117542719895357,8.341267538405406
3.0,60.0,2.67,Steel,0.009507871797671773,0.008267878421001094,0.00707607596239627,0.0016358235200168722,0.03240113047269007,0.9507871797671773,0.8267878421001095,0.707607596239627,0.16358235200168722,3.240113047269007
4.0,71.4,1.968,Steel,0.008958360575454667,0.00783058494931887,0.0067492287267667565,0.0015557663502113821,0.02878408275530012,0.8958360575454667,0.783058494931887,0.6749228726766756,0.15557663502113822,2.878408275530012
5.0,45.0,1.55,Steel,0.0092771038792731,0.008399635320580355,0.006975087846805514,0.0015671074149551075,0.029979200602558997,0.9277103879273101,0.8399635320580354,0.6975087846805514,0.15671074149551076,2.9979200602558995
6.0,31.0,3.112,Steel -concrete composite,0.014939024398077204,0.013800988403425146,0.011210614469728661,0.002426768415166515,0.047967658514569175,1.4939024398077203,1.3800988403425145,1.1210614469728661,0.2426768415166515,4.796765851456917
7.0,125.0,0.492,Steel,0.007362171230498446,0.006676744302958146,0.005444551542693948,0.0012191698722597046,0.02450918655355774,0.7362171230498445,0.6676744302958145,0.5444551542693947,0.12191698722597046,2.450918655355774
8.0,16.0,2.5487,Steel,0.011695369309246296,0.012118189297092078,0.008547780670036784,0.0018366841324862775,0.04064646639724266,1.1695369309246295,1.211818929709208,0.8547780670036784,0.18366841324862776,4.064646639724266
9.0,72.0,0.222,Steel,0.0077853188667910385,0.007594378959648272,0.005553146775692901,0.001182417055787215,0.02754271846153492,0.7785318866791039,0.7594378959648272,0.5553146775692901,0.11824170557872149,2.754271846153492
11.0,198.15,0.54,Steel,0.006943171450040564,0.00622061316673775,0.005180840867745489,0.0011630491739628506,0.023253556443706514,0.6943171450040564,0.6220613166737751,0.5180840867745489,0.11630491739628507,2.3253556443706516
12.0,84.6,1.311,Steel,0.008548258445447827,0.007722375240648896,0.006325281130952102,0.0014221965179952848,0.02871130882632084,0.8548258445447827,0.7722375240648895,0.6325281130952102,0.14221965179952847,2.871130882632084
13.0,100.0,2.2,Steel,0.008703683761754549,0.007894769720970765,0.006455876854017408,0.00147014511431565,0.02883178439380074,0.8703683761754548,0.7894769720970765,0.6455876854017408,0.147014511431565,2.883178439380074
16.0,64.0,1.97,Steel,0.008965181722522746,0.007746969190388455,0.006776196104147574,0.0016079379549420862,0.028965904872753516,0.8965181722522746,0.7746969190388455,0.6776196104147574,0.1607937954942086,2.8965904872753514
21.0,430.0,0.204,Steel -concrete composite,0.008061477243354619,0.0073655415310024215,0.006015842193753038,0.0012874989780583942,0.027272862947128804,0.8061477243354619,0.7365541531002422,0.6015842193753038,0.12874989780583943,2.7272862947128806
22.0,416.0,0.1345,Steel,0.005592013350711383,0.005208695600187131,0.004113877111004099,0.0009032560884375306,0.018937987301630543,0.5592013350711383,0.5208695600187131,0.41138771110040995,0.09032560884375306,1.8937987301630543
25.0,36.5,2.345,Steel -concrete composite,0.01419864764949836,0.0128078642163135,0.010466237614852616,0.0023017890745881406,0.047239173347696416,1.419864764949836,1.28078642163135,1.0466237614852616,0.23017890745881406,4.7239173347696415
26.0,338.0,0.325,Steel -concrete composite,0.008735751996845577,0.008288026736400375,0.006420987828226503,0.0013286765312652323,0.03025597813018909,0.8735751996845577,0.8288026736400376,0.6420987828226503,0.13286765312652324,3.025597813018909
29.0,240.0,1.451,Steel,0.007514456225197217,0.007112600213366579,0.0054965164817485646,0.0011584817570736287,0.025904931488304344,0.7514456225197217,0.7112600213366579,0.5496516481748565,0.11584817570736286,2.5904931488304346
31.0,400.0,1.703,Steel,0.007174899131360858,0.007000626572962209,0.005210008667515953,0.0011050779798924852,0.024961091511295882,0.7174899131360858,0.700062657296221,0.5210008667515953,0.11050779798924852,2.496109151129588
35.0,45.0,2.062,Steel,0.009622880706851546,0.008504167646229507,0.00722011513078656,0.0016066165745860722,0.03251865861803152,0.9622880706851547,0.8504167646229508,0.722011513078656,0.16066165745860722,3.251865861803152
38.0,90.0,2.2574,Steel,0.008757648385816262,0.0076524215947694875,0.006598865414466335,0.0014989038748635171,0.02892328327016668,0.8757648385816262,0.7652421594769487,0.6598865414466335,0.14989038748635172,2.892328327016668
39.0,110.0,1.475,Steel,0.008271386634067643,0.008393986303909523,0.006235670005950269,0.0013724188311077874,0.026712364220261325,0.8271386634067642,0.8393986303909523,0.6235670005950269,0.13724188311077876,2.6712364220261327
40.0,31.7,2.49,Steel,0.01022912360211756,0.009172508653895104,0.007753926688387749,0.001812889683636608,0.033341678997617336,1.022912360211756,0.9172508653895104,0.7753926688387749,0.18128896836366082,3.3341678997617334
41.0,125.0,2.05,Unknown,0.013902999815964046,0.01429562065249129,0.009921011012534644,0.0020833274238520627,0.04771210078769394,1.3902999815964046,1.429562065249129,0.9921011012534644,0.20833274238520627,4.771210078769394
43.0,120.0,0.136,Steel,0.006878121318690066,0.006516446679006397,0.004931518728027148,0.0010211274219503294,0.024647341430536072,0.6878121318690066,0.6516446679006397,0.49315187280271483,0.10211274219503294,2.464734143053607
44.0,30.0,5.06,Steel,0.011196944503931994,0.010186696620873164,0.008404933920106517,0.0018815782384919548,0.037260262400184506,1.1196944503931994,1.0186696620873164,0.8404933920106517,0.18815782384919547,3.7260262400184505
45.0,100.0,3.11,Concrete,0.01264928552220351,0.011898295134279861,0.009354700437013513,0.0021140210952339013,0.04242458895975743,1.2649285522203508,1.1898295134279862,0.9354700437013512,0.2114021095233901,4.242458895975743
48.0,74.2,1.166,Steel,0.00833102647832343,0.007378288206628786,0.006328348526979459,0.001534388800606888,0.026726807088473033,0.833102647832343,0.7378288206628786,0.6328348526979459,0.15343888006068881,2.6726807088473032
51.0,120.0,0.742,Steel,0.007684544209007749,0.006541413607417721,0.005729964458206369,0.0013553415529657777,0.02520238649216666,0.7684544209007749,0.6541413607417721,0.5729964458206369,0.13553415529657778,2.5202386492166657
53.0,96.0,0.3883,Steel,0.007573034249380695,0.007149785357277753,0.0056235725766968225,0.0012554081673338854,0.02595738390741976,0.7573034249380695,0.7149785357277753,0.5623572576696823,0.12554081673338854,2.595738390741976
56.0,30.0,3.0,Aluminium,0.01684547107989517,0.01616993680498656,0.012226536830807867,0.002469681973860322,0.05849662259602174,1.6845471079895171,1.616993680498656,1.2226536830807866,0.24696819738603218,5.849662259602174
57.0,40.0,1.78,Steel,0.009450691719291136,0.007927381178577563,0.00725004860227645,0.0016668377180972566,0.03058109717295991,0.9450691719291135,0.7927381178577563,0.725004860227645,0.16668377180972566,3.058109717295991
59.0,12.95,10.21,Steel,0.013316500783566151,0.012565055312057821,0.009907878087450991,0.002180886067071421,0.045982810226596546,1.3316500783566152,1.256505531205782,0.9907878087450991,0.21808860670714209,4.598281022659655
60.0,83.0,1.22,Steel,0.008453189024604705,0.007641583936517278,0.006292450902607514,0.0014089068321261812,0.028018486096464974,0.8453189024604705,0.7641583936517278,0.6292450902607514,0.14089068321261813,2.8018486096464974
61.0,40.0,3.6895,Steel,0.010466905908367338,0.009545325802448991,0.0077755941069954475,0.0017903732045594623,0.0354783118179218,1.0466905908367339,0.9545325802448992,0.7775594106995447,0.17903732045594623,3.54783118179218
63.0,40.3,4.875,Steel,0.010674023550074298,0.010642112479731085,0.007915585723872834,0.0017776553264844315,0.035574303983027064,1.0674023550074299,1.0642112479731085,0.7915585723872834,0.17776553264844314,3.5574303983027065
64.0,32.7,6.05,Steel,0.010985677847163072,0.010125186546242608,0.008255940643418301,0.0018784342323380397,0.03624355557163366,1.0985677847163071,1.0125186546242608,0.8255940643418301,0.18784342323380396,3.624355557163366
65.0,60.0,0.366,Steel,0.008044015629882552,0.007524029609466004,0.005945985391216119,0.0012713746576226257,0.027523886443030925,0.8044015629882553,0.7524029609466004,0.594598539121612,0.12713746576226256,2.7523886443030925
67.0,60.0,1.654,Steel,0.009089823481768497,0.008126334525159623,0.006846661199161006,0.0015137745300570883,0.02990677245992263,0.9089823481768498,0.8126334525159623,0.6846661199161006,0.15137745300570885,2.990677245992263
72.0,36.0,2.5,Steel,0.010100511169332024,0.009047192492108261,0.007619487139835175,0.0017041447000886024,0.034726507720470576,1.0100511169332023,0.9047192492108261,0.7619487139835175,0.17041447000886023,3.4726507720470576
73.0,51.0,3.18,Steel,0.009649850626215222,0.008344836091866394,0.007356768604657337,0.0016911848305962546,0.03145828335949629,0.9649850626215222,0.8344836091866394,0.7356768604657337,0.16911848305962546,3.145828335949629
74.0,35.0,2.282,Steel,0.01006505784054481,0.008741268187603185,0.007621647149180996,0.0016775186344220102,0.03340510118052688,1.0065057840544809,0.8741268187603185,0.7621647149180997,0.16775186344220103,3.3405101180526877
75.0,80.0,1.136,Steel,0.008163457264984578,0.007159711125795925,0.006255125042080067,0.0014859978319475772,0.02621670464623382,0.8163457264984578,0.7159711125795925,0.6255125042080067,0.14859978319475772,2.621670464623382
77.0,135.0,0.444,Steel,0.007255208965583021,0.006490118324060379,0.005391046798593184,0.0012002979054048216,0.024060185758840464,0.7255208965583021,0.6490118324060379,0.5391046798593184,0.12002979054048216,2.406018575884046
78.0,58.7,1.7,Steel,0.009114156847992202,0.007948193189936793,0.006905495900447643,0.0015555981253476756,0.030791758445766128,0.9114156847992203,0.7948193189936793,0.6905495900447642,0.15555981253476756,3.079175844576613
79.0,79.0,1.778,Steel,0.008753753156541554,0.008086951338059105,0.00658903598195543,0.001491634956297241,0.02898965927252552,0.8753753156541554,0.8086951338059105,0.658903598195543,0.14916349562972409,2.898965927252552
80.0,79.4,4.074,Steel,0.00919753325350616,0.008068846905842229,0.006951612677957977,0.0016650591992664412,0.03011142961484061,0.9197533253506159,0.8068846905842229,0.6951612677957977,0.16650591992664412,3.0111429614840612
84.0,85.0,1.353,Steel,0.008426713118640013,0.007479192589777476,0.006370209145637932,0.0013767297588170894,0.02861249132406561,0.8426713118640013,0.7479192589777476,0.6370209145637932,0.13767297588170893,2.861249132406561
85.0,40.0,3.467,Steel,0.01025522189937013,0.009144690180538805,0.007746897432972946,0.0017342091237236878,0.03488138746727043,1.025522189937013,0.9144690180538805,0.7746897432972946,0.17342091237236879,3.488138746727043
86.0,80.0,1.42,Steel,0.00852385954796828,0.007506544666183276,0.006437965967898001,0.0015417297212158758,0.028321132631516296,0.852385954796828,0.7506544666183276,0.6437965967898001,0.1541729721215876,2.8321132631516295
89.0,124.0,0.549,Steel,0.00740724223913113,0.006435218716220127,0.0055957722114564,0.0012369510270247772,0.024224719730612302,0.740724223913113,0.6435218716220127,0.55957722114564,0.12369510270247772,2.42247197306123
91.0,49.45,1.57,Steel -concrete composite,0.01315944984015067,0.012084928087947243,0.009683548751872275,0.002192945653564794,0.04558778922715438,1.315944984015067,1.2084928087947244,0.9683548751872275,0.21929456535647937,4.5587789227154385
92.0,84.0,0.4182,Steel,0.007655936898225243,0.006750060632118015,0.005745246624645177,0.0012393531826521583,0.024765658531206835,0.7655936898225243,0.6750060632118015,0.5745246624645176,0.12393531826521582,2.4765658531206833
93.0,65.0,0.3897,Steel,0.008160194667355335,0.007726648724306389,0.005887437685360715,0.0012736117121668106,0.027353928359813467,0.8160194667355335,0.772664872430639,0.5887437685360715,0.12736117121668106,2.735392835981347
94.0,210.0,0.5,Steel,0.006708534336503801,0.006037724549766833,0.005085638001786702,0.001160812772912724,0.021646745130586873,0.6708534336503801,0.6037724549766833,0.5085638001786702,0.1160812772912724,2.1646745130586873
95.0,49.0,2.466,Steel,0.00945071166473217,0.007934879811468802,0.007263327489643017,0.001669929546499838,0.030449047517877845,0.9450711664732169,0.7934879811468802,0.7263327489643017,0.1669929546499838,3.0449047517877843
97.0,135.0,0.31,Steel,0.006969645107867098,0.006162247024182568,0.005211532530235651,0.0011633075094634497,0.02305453607750897,0.6969645107867098,0.6162247024182568,0.5211532530235651,0.11633075094634497,2.3054536077508967
98.0,100.0,2.126,Timber,0.02005828640395271,0.01940661768086175,0.014448240976695444,0.002954697718042493,0.07295812754964569,2.0058286403952708,1.940661768086175,1.4448240976695443,0.2954697718042493,7.295812754964569
99.0,15.0,2.9,Unknown,0.018927135398870414,0.018104705117504945,0.013712096276443276,0.0027971082731258127,0.06400584881075062,1.8927135398870414,1.8104705117504944,1.3712096276443275,0.2797108273125813,6.400584881075062
101.0,24.0,3.67,Steel,0.011112276512359317,0.009966480994301679,0.008239059980006281,0.0018978585439711358,0.037363645385330845,1.1112276512359318,0.9966480994301679,0.8239059980006281,0.18978585439711357,3.7363645385330844
103.0,106.0,1.22,Steel,0.00815234551723502,0.007545090099773026,0.00604211017054467,0.0013701066150877685,0.027528990771372178,0.815234551723502,0.7545090099773025,0.604211017054467,0.13701066150877686,2.7528990771372177
111.0,36.3,1.03,Steel,0.009403089681476191,0.008687794478206287,0.006972129824010109,0.0015499915712770796,0.03208286046100975,0.9403089681476191,0.8687794478206288,0.6972129824010109,0.15499915712770795,3.208286046100975
112.0,230.0,0.7,Steel,0.007014406782803265,0.006910625835992985,0.0051394814068337815,0.0011485657114763865,0.023855651534090826,0.7014406782803265,0.6910625835992985,0.5139481406833781,0.11485657114763866,2.3855651534090825
124.0,69.0,2.12,Concrete,0.012770921143165626,0.01127840391150965,0.009572296552608833,0.0021426790763512163,0.04353613125665532,1.2770921143165626,1.127840391150965,0.9572296552608833,0.21426790763512163,4.353613125665532
131.0,40.0,2.38,Concrete,0.01398015557302545,0.01200966308211786,0.010592720351434182,0.0022965594246304056,0.04625801701058013,1.398015557302545,1.200966308211786,1.0592720351434182,0.22965594246304055,4.6258017010580135
137.0,73.7,0.45,Steel -concrete composite,0.011266141470097291,0.010782378909775929,0.008245218107643938,0.0017114936153490032,0.03791861030064971,1.126614147009729,1.078237890977593,0.8245218107643938,0.17114936153490032,3.7918610300649713
150.0,39.0,4.17,Timber,0.02437422752663639,0.024582746406249523,0.017417378548429986,0.003386716334417781,0.08918573369953145,2.4374227526636387,2.4582746406249525,1.7417378548429987,0.3386716334417781,8.918573369953146
166.0,37.0,2.29,Steel,0.010001813171317712,0.008975915479617066,0.007393480882728198,0.001664851356346793,0.03349736528081491,1.0001813171317713,0.8975915479617066,0.7393480882728198,0.1664851356346793,3.3497365280814906
167.0,39.0,3.25,Steel,0.010105229092168634,0.008754177094996322,0.007649982593904101,0.0017872330486717065,0.03272716108585167,1.0105229092168635,0.8754177094996322,0.7649982593904101,0.17872330486717064,3.272716108585167
168.0,28.0,3.42,Steel,0.010900518577983468,0.0099848742266948,0.008048144676725068,0.0018222679358259309,0.03669277763668792,1.090051857798347,0.99848742266948,0.8048144676725069,0.18222679358259308,3.669277763668792
169.0,42.0,3.12,Steel,0.010170243093035575,0.008996672108334283,0.007603072354394174,0.0017591745295319045,0.033656482985630856,1.0170243093035576,0.8996672108334283,0.7603072354394175,0.17591745295319045,3.3656482985630856
170.0,37.0,3.42,Steel,0.010216220588813133,0.008950293210396398,0.007756976703767128,0.0018548242413862978,0.034110062073040404,1.0216220588813134,0.8950293210396398,0.7756976703767129,0.18548242413862978,3.41100620730404
171.0,37.0,5.6,Steel,0.010830192497300425,0.009799996416403913,0.008105962989172068,0.0018906423756247113,0.035506435648971164,1.0830192497300426,0.9799996416403913,0.8105962989172069,0.18906423756247112,3.5506435648971166
172.0,43.0,5.05,Steel,0.010680861199674468,0.009963121811922184,0.007818582136849744,0.0018083170201802319,0.037572457667317885,1.0680861199674467,0.9963121811922184,0.7818582136849744,0.18083170201802318,3.7572457667317884
173.0,26.0,3.52,Steel,0.010830733412447826,0.009530441918581956,0.008238552219691084,0.001820740681611672,0.034923582894921486,1.0830733412447826,0.9530441918581956,0.8238552219691084,0.1820740681611672,3.4923582894921488
174.0,53.0,2.25,Steel,0.009397678005400707,0.008153335871751143,0.007105903823580598,0.0016397459348376996,0.030512809673368186,0.9397678005400707,0.8153335871751143,0.7105903823580598,0.16397459348376997,3.0512809673368184
175.0,41.0,2.25,Steel,0.009858128153852425,0.009424615665041944,0.007298079416113837,0.001632797577264627,0.032995456049324974,0.9858128153852425,0.9424615665041944,0.7298079416113836,0.1632797577264627,3.2995456049324976
176.0,14.0,9.3,Steel,0.013175938925686316,0.012519208037172127,0.009751813089969065,0.0021894976657361597,0.04437700634890672,1.3175938925686315,1.2519208037172127,0.9751813089969065,0.21894976657361598,4.437700634890672
177.0,20.0,3.52,Steel,0.011300154673398056,0.009883609403310224,0.008510631765660508,0.0019150030856251742,0.03773682761547476,1.1300154673398055,0.9883609403310224,0.8510631765660508,0.19150030856251743,3.773682761547476
178.0,32.0,1.76,Steel,0.010122903873515755,0.009427771717955195,0.007437899486215909,0.0018029736169376722,0.0342895559001249,1.0122903873515756,0.9427771717955195,0.7437899486215909,0.18029736169376723,3.4289555900124897
179.0,29.0,2.0,Steel,0.010218105044964856,0.009142782218740382,0.007629177990086195,0.0017313145521110364,0.03466590557934855,1.0218105044964856,0.9142782218740382,0.7629177990086196,0.17313145521110365,3.4665905579348553
180.0,16.0,7.1,Steel,0.01260098729370806,0.012056003959039796,0.00933665259006686,0.0021137306660728027,0.04277037018519821,1.2600987293708061,1.2056003959039796,0.9336652590066861,0.21137306660728028,4.277037018519821
181.0,21.0,4.3,Steel,0.011450448502177071,0.010226342526473687,0.008641288096806492,0.0019110294637428003,0.03805473987600494,1.145044850217707,1.0226342526473686,0.8641288096806492,0.19110294637428002,3.805473987600494
182.0,21.0,5.2,Steel,0.011540501371931907,0.010559500978301445,0.008710460745749746,0.0019308687335212488,0.0380927003201538,1.1540501371931906,1.0559500978301444,0.8710460745749746,0.19308687335212488,3.80927003201538
183.0,28.0,4.08,Steel,0.010936726406417225,0.00942474065209709,0.00822850732938883,0.0019201572621982215,0.036871811715991194,1.0936726406417225,0.9424740652097091,0.822850732938883,0.19201572621982216,3.6871811715991196
184.0,17.0,9.6,Steel,0.012857795929586463,0.01150981231041371,0.009560657864387697,0.0021565027837600966,0.04324451577444077,1.2857795929586464,1.150981231041371,0.9560657864387697,0.21565027837600967,4.324451577444077
185.0,38.0,3.03,Steel,0.010215510243121595,0.00885714123432193,0.0076729579262287545,0.0018492055868765784,0.03407291030752337,1.0215510243121595,0.885714123432193,0.7672957926228754,0.18492055868765783,3.4072910307523374
186.0,25.0,4.77,Steel,0.011077252955271453,0.00938029464831249,0.008454005011001825,0.0019890794853712652,0.03580607853145591,1.1077252955271453,0.9380294648312489,0.8454005011001825,0.1989079485371265,3.580607853145591
187.0,30.0,3.42,Steel,0.010415225257747567,0.00878034722143757,0.007884937936700184,0.001907387775899207,0.033200330941781396,1.0415225257747567,0.878034722143757,0.7884937936700185,0.1907387775899207,3.3200330941781395
188.0,46.0,3.81,Steel,0.010202209931683854,0.009356531230605957,0.007628958926927824,0.0017015340374637992,0.03384866521395024,1.0202209931683854,0.9356531230605958,0.7628958926927825,0.1701534037463799,3.3848665213950238
189.0,50.0,2.93,Steel,0.009635393445687326,0.008033668667979645,0.007383914923769426,0.0017655367853464917,0.03060272706403725,0.9635393445687326,0.8033668667979644,0.7383914923769426,0.17655367853464918,3.060272706403725
190.0,21.0,2.66,Steel,0.010903455215778278,0.009586299541125456,0.008172313986640442,0.001908282941653977,0.036184775930012084,1.090345521577828,0.9586299541125456,0.8172313986640442,0.1908282941653977,3.6184775930012085
191.0,20.0,2.07,Steel,0.010747271622102521,0.009548412350193342,0.008103475561986628,0.0018079700782047076,0.035070227525734306,1.074727162210252,0.9548412350193343,0.8103475561986628,0.18079700782047076,3.5070227525734308
192.0,22.0,7.72,Steel,0.011980466945689827,0.010646302812257336,0.008898184490125157,0.0020942714527859637,0.040121620697278794,1.1980466945689827,1.0646302812257336,0.8898184490125157,0.20942714527859638,4.0121620697278795
193.0,42.0,4.98,Steel,0.010586448471495124,0.009421635826583244,0.007789303520324758,0.001834601690256218,0.035209584925024615,1.0586448471495125,0.9421635826583243,0.7789303520324758,0.1834601690256218,3.5209584925024613
194.0,48.0,5.6,Steel,0.010524857756413814,0.009508169248472647,0.007786916842127033,0.0017622372988940825,0.03568138394656897,1.0524857756413815,0.9508169248472648,0.7786916842127033,0.17622372988940824,3.568138394656897
195.0,26.0,6.54,Steel,0.011670587150438958,0.010696283788747365,0.008622738088138751,0.001863414135432221,0.039952572068196884,1.1670587150438958,1.0696283788747365,0.862273808813875,0.18634141354322212,3.9952572068196885
196.0,20.0,7.4,Steel,0.012184457191088856,0.010891263951664237,0.008992762111688642,0.0020001438565551265,0.040899536628987244,1.2184457191088855,1.0891263951664236,0.8992762111688642,0.20001438565551266,4.089953662898725
197.0,51.0,3.16,Steel,0.009731307182170945,0.00841871747148345,0.00731045781248851,0.0016933980465792932,0.03188496455052458,0.9731307182170945,0.841871747148345,0.731045781248851,0.16933980465792933,3.1884964550524577
198.0,28.0,1.86,Steel,0.010103080529892844,0.009380719046191258,0.007612214392742021,0.0017858670858558175,0.032710038847400244,1.0103080529892843,0.9380719046191258,0.7612214392742022,0.17858670858558176,3.2710038847400242
199.0,19.0,2.5,Steel,0.011145993049411952,0.010489400728530017,0.008247367679431766,0.0018358377158738143,0.03748484017374498,1.114599304941195,1.0489400728530016,0.8247367679431766,0.18358377158738143,3.748484017374498
200.0,28.0,1.86,Steel,0.01006766714872076,0.00872521042849997,0.00763211750599802,0.0017544734259071703,0.033159947866209495,1.006766714872076,0.8725210428499971,0.7632117505998021,0.17544734259071704,3.3159947866209496
201.0,22.0,4.2,Steel,0.011318347306750983,0.01012754009921921,0.008498180245529549,0.0018950757837109206,0.039019351645908015,1.1318347306750984,1.012754009921921,0.849818024552955,0.18950757837109206,3.9019351645908014
202.0,30.0,2.88,Concrete,0.015168865162867208,0.01430470924400675,0.011184365575065804,0.0025366257067105393,0.05185676881793681,1.5168865162867207,1.430470924400675,1.1184365575065804,0.2536625706710539,5.185676881793682
203.0,30.0,2.73,Concrete,0.014843236988799908,0.012919347271413197,0.0112002071964367,0.002518522427111527,0.04929620558389963,1.4843236988799908,1.2919347271413197,1.12002071964367,0.2518522427111527,4.9296205583899635
204.0,25.0,4.0,Concrete,0.015709691936432044,0.013931236881323788,0.011834457904375598,0.0027235781935670542,0.052018494881481914,1.5709691936432044,1.3931236881323787,1.18344579043756,0.27235781935670544,5.201849488148191
205.0,28.0,3.81,Concrete,0.01564448903910152,0.014302541791363923,0.011568418273766782,0.002575682774807534,0.05350648800937223,1.5644489039101521,1.4302541791363923,1.1568418273766783,0.2575682774807534,5.350648800937223
206.0,19.0,6.45,Concrete,0.017228509037623532,0.015392650079239283,0.012990734034972551,0.0028009611420844608,0.05699237801069451,1.7228509037623532,1.5392650079239283,1.299073403497255,0.2800961142084461,5.699237801069451
207.0,26.0,3.79,Concrete,0.015672393277073166,0.014487902108262559,0.01170760472293799,0.002583805546250768,0.0540342681198124,1.5672393277073167,1.4487902108262558,1.170760472293799,0.2583805546250768,5.40342681198124
208.0,29.0,1.9,Concrete,0.014408276720988562,0.012526881030507198,0.010897718062178059,0.0024478895179688384,0.046882799556502576,1.4408276720988562,1.2526881030507198,1.089771806217806,0.24478895179688384,4.688279955650257
209.0,38.0,2.3,Concrete,0.014230309738008328,0.01257256830323866,0.010558583815727997,0.0022880520443002163,0.04884621129454983,1.4230309738008329,1.257256830323866,1.0558583815727998,0.22880520443002164,4.884621129454983
210.0,32.0,3.1,Concrete,0.015244103658085316,0.014358221137610748,0.01105946380995728,0.002316708614143569,0.05246704676579195,1.5244103658085315,1.435822113761075,1.105946380995728,0.23167086141435692,5.246704676579195
211.0,22.0,3.58,Concrete,0.01600801341246766,0.014474510816253233,0.012018645313727724,0.0027057333319569117,0.053967612508492205,1.6008013412467659,1.4474510816253232,1.2018645313727725,0.27057333319569116,5.39676125084922
212.0,13.0,10.7,Concrete,0.019113867869704832,0.017123687069108565,0.014084926471567907,0.0030832364514930097,0.06631634238075225,1.9113867869704833,1.7123687069108564,1.4084926471567907,0.308323645149301,6.631634238075225
213.0,11.0,13.5,Concrete,0.02036726338632264,0.01888177206776046,0.014764275380375516,0.0030359660361605743,0.07037211897203362,2.0367263386322643,1.8881772067760458,1.4764275380375516,0.30359660361605745,7.0372118972033615
214.0,22.0,5.05,Concrete,0.016366008056356487,0.014230801863236107,0.012405809228951292,0.0028078226348096833,0.05349674669004993,1.6366008056356487,1.4230801863236107,1.2405809228951292,0.28078226348096835,5.349674669004993
215.0,23.0,3.5,Concrete,0.01587457087472299,0.014352204937199428,0.011860341813799139,0.002565864662902834,0.05257710155995291,1.5874570874722989,1.4352204937199429,1.186034181379914,0.25658646629028337,5.257710155995291
216.0,31.0,4.49,Concrete,0.015367718971756941,0.013782758637967482,0.011467192053134682,0.002581481080463608,0.05136762847066624,1.536771897175694,1.3782758637967483,1.1467192053134683,0.2581481080463608,5.136762847066624
217.0,22.0,4.2,Concrete,0.016114950755332366,0.013946707937398163,0.01213211596870567,0.0027255842298182956,0.054012442802348154,1.6114950755332365,1.3946707937398164,1.213211596870567,0.27255842298182953,5.401244280234815
218.0,36.0,2.57,Concrete,0.01452038521813996,0.013281610659856813,0.01076865761545722,0.0023914996496195193,0.04990669110943191,1.452038521813996,1.3281610659856813,1.076865761545722,0.23914996496195193,4.990669110943191
219.0,37.0,1.9,Concrete,0.01392793796111697,0.012383744902237214,0.010426645588836006,0.0023185163122879096,0.04580966702302532,1.392793796111697,1.2383744902237215,1.0426645588836005,0.23185163122879096,4.580966702302533
220.0,21.0,6.9,Concrete,0.017235863631319407,0.01640002804391053,0.012455265537518852,0.002706082397970064,0.058523905911193295,1.7235863631319408,1.6400028043910528,1.2455265537518851,0.2706082397970064,5.852390591119329
221.0,20.0,3.5,Concrete,0.016290569997365806,0.014627043589515134,0.012045396941468573,0.002638196070891894,0.05594937171900623,1.6290569997365805,1.4627043589515134,1.2045396941468574,0.2638196070891894,5.5949371719006225
222.0,22.0,3.71,Concrete,0.01590959055184715,0.014316807094269218,0.01192937438603953,0.0025843245160540266,0.053645530272598066,1.5909590551847148,1.4316807094269217,1.192937438603953,0.2584324516054027,5.364553027259807
223.0,31.0,2.76,Concrete,0.014761940188785972,0.013112598832876975,0.011043898429940528,0.0024531113310709875,0.049231329433328405,1.4761940188785971,1.3112598832876976,1.1043898429940529,0.24531113310709873,4.92313294333284
224.0,32.0,3.13,Concrete,0.015034120492695365,0.013857035015800595,0.01101565916626036,0.002278970144334912,0.05119375960020554,1.5034120492695364,1.3857035015800596,1.101565916626036,0.2278970144334912,5.119375960020554
225.0,41.0,2.32,Concrete,0.014066065664489518,0.012693558687687284,0.010543676301420241,0.0022881155973961485,0.048418389081829,1.4066065664489518,1.2693558687687285,1.0543676301420242,0.22881155973961484,4.8418389081829005
226.0,46.0,2.12,Concrete,0.013583021213031265,0.012498489945155105,0.0101033388209843,0.002237310275836666,0.04515500384049212,1.3583021213031266,1.2498489945155105,1.01033388209843,0.22373102758366661,4.515500384049212
227.0,39.0,2.58,Concrete,0.01438301787734667,0.013082427043813127,0.010600943311138688,0.0022988478805779393,0.04901501868320025,1.438301787734667,1.3082427043813127,1.0600943311138689,0.22988478805779392,4.901501868320024
228.0,25.0,3.76,Concrete,0.015653301057260045,0.014303594543432333,0.011493038749463159,0.002610972346481382,0.05313623530490462,1.5653301057260045,1.4303594543432334,1.1493038749463158,0.26109723464813817,5.313623530490462
229.0,38.0,3.86,Steel,0.010583791153695132,0.009527101602004682,0.007939149191180186,0.0017240981607897774,0.035335781268507394,1.0583791153695132,0.9527101602004682,0.7939149191180186,0.17240981607897773,3.533578126850739
230.0,56.0,1.9,Steel,0.009199053657983638,0.008344831674374767,0.006860558555428732,0.001581260259066599,0.030662809888300585,0.9199053657983638,0.8344831674374766,0.6860558555428732,0.15812602590665992,3.0662809888300586
231.0,25.0,5.8,Timber,0.02582822420797853,0.023138965701371677,0.01913099613050069,0.003786828160513879,0.0884313360459254,2.582822420797853,2.313896570137168,1.913099613050069,0.37868281605138787,8.84313360459254
232.0,48.0,2.36,Steel,0.009605828259109014,0.008489489841174525,0.007285674355313968,0.0017054042580968553,0.03161760808878673,0.9605828259109014,0.8489489841174526,0.7285674355313968,0.17054042580968554,3.1617608088786735
233.0,32.0,0.81,Concrete,0.013208704896212096,0.01187664223801996,0.009744419984507263,0.002048174240479053,0.044078033090021514,1.3208704896212096,1.1876642238019959,0.9744419984507263,0.20481742404790532,4.407803309002151
234.0,75.0,0.94,Steel,0.00828660712614668,0.007461640010654866,0.006266804080791104,0.0014401579410823506,0.027249853612581403,0.828660712614668,0.7461640010654866,0.6266804080791104,0.14401579410823506,2.7249853612581405
235.0,75.0,0.88,Steel,0.008380431453401291,0.007364258945353868,0.006311452207161042,0.0014409648630740518,0.02776203177729337,0.8380431453401291,0.7364258945353869,0.6311452207161042,0.14409648630740518,2.7762031777293372
236.0,90.0,2.33,Steel,0.008781897230249526,0.007857737475075231,0.006550269993963369,0.0014956869538716503,0.029329182035440736,0.8781897230249527,0.785773747507523,0.6550269993963369,0.14956869538716502,2.9329182035440735
237.0,25.0,3.22,Steel,0.010882996241470273,0.009485017864388231,0.008135943948977112,0.0018478497842684522,0.036074137327534256,1.0882996241470273,0.9485017864388231,0.8135943948977111,0.18478497842684521,3.6074137327534257
238.0,30.0,5.37,FRP,0.022329797312141318,0.020731320124424066,0.01642799334097151,0.003468684253520496,0.07688897441193529,2.2329797312141317,2.0731320124424064,1.642799334097151,0.3468684253520496,7.688897441193529
239.0,32.0,5.37,FRP,0.02187496593527931,0.020694045616024392,0.01615075292957785,0.0036464148727072556,0.07340190374026742,2.1874965935279307,2.0694045616024392,1.615075292957785,0.36464148727072554,7.340190374026742
240.0,49.0,2.47,Steel,0.009777260190198247,0.009629989799092275,0.007243346911114107,0.0016650920851263161,0.03241773775121375,0.9777260190198247,0.9629989799092276,0.7243346911114107,0.16650920851263162,3.2417737751213753
241.0,110.0,1.95,Steel -concrete composite,0.011983800591028567,0.010901641252541045,0.00888115439080929,0.0018583205829337613,0.04166576861931354,1.1983800591028568,1.0901641252541046,0.8881154390809289,0.18583205829337612,4.166576861931354
242.0,36.0,1.03,Steel,0.009371602344520754,0.0081938612129952,0.007026220555299445,0.001493950587299808,0.03108291214389008,0.9371602344520754,0.8193861212995199,0.7026220555299445,0.1493950587299808,3.1082912143890082
243.0,36.0,3.17,Steel,0.010184085001508589,0.009073985407045253,0.007642720545346638,0.0017079582809459797,0.03399210307888055,1.018408500150859,0.9073985407045253,0.7642720545346638,0.17079582809459798,3.399210307888055
244.0,13.0,3.17,Unknown,0.019729195074438936,0.01955013795108906,0.01411102815086216,0.002858888681094493,0.07000538050516752,1.9729195074438937,1.955013795108906,1.4111028150862162,0.2858888681094493,7.000538050516752
245.0,99.4,1.95,Steel,0.008348495645507173,0.006994375385058571,0.006398804569382284,0.0014580635084206841,0.026652556169086954,0.8348495645507172,0.6994375385058571,0.6398804569382284,0.14580635084206842,2.6652556169086954
247.0,55.0,2.51,Steel,0.009710911937974744,0.00922834539837578,0.007198876201980049,0.0015338660986615898,0.033594680907200775,0.9710911937974744,0.9228345398375779,0.7198876201980049,0.15338660986615898,3.3594680907200773
248.0,60.0,3.1,Steel,0.009468856060356093,0.00853147178452526,0.007144409676945095,0.0015492857057977445,0.030702044426350692,0.9468856060356092,0.853147178452526,0.7144409676945095,0.15492857057977447,3.0702044426350694
250.0,23.0,2.15,Steel -concrete composite,0.015415938309940225,0.014530536399680702,0.011394819785805862,0.0023565114065893372,0.05270332303549069,1.5415938309940225,1.4530536399680702,1.139481978580586,0.23565114065893372,5.270332303549069
