No,span_m,width_m,vertical_natural_frequency_Hz,vertical_damping_ratio,cross_section,bridge_type,girder_material,deck_material,lateral_natural_frequency_Hz,lateral_damping_ratio,bridge_name,mass_subset_no,mass_source_material_type,total_length_m,mass_source_width_m,total_mass_kg,mass_per_unit_length_kg_m,occupancy_mass_ratio,mass_data_merge_status
1,25,3,2.44,,box,girder,Steel  ,Steel  ,1.04,,,,,,,,,,
2,18,4,8.5,,GFRP,girder,FRP,Steel ,2.82,,,,,,,,,,
3,60,4.5,2.67,,box,girder,Steel ,Steel ,2.2,,,,,,,,,,
4,71.4,5,1.968,,box,girder,Steel ,Steel ,0.566,,,,,,,,,,
5,45,4.5,1.55,,box,arch,Steel ,Steel ,0.5855,,,,,,,,,,
6,31,4,3.112,,CFST-CSW,girder,Steel -concrete composite,concrete,5.417,,,,,,,,,,
7,125,3,0.492,,section Steel ,suspension,Steel ,mixed,0.569,,,,,,,,,,
8,16,4,2.5487,,section Steel ,girder,Steel ,timber,0.7183,,,,,,,,,,
9,72,7.38,0.222,,section Steel ,cable-stayed,Steel ,concrete,1.145,0.02,,,,,,,,,
10,216.7,3.8,0.504,0.005,box,suspension,Steel ,Steel ,1.154,0.005,,,,,,,,,
11,198.15,15,0.54,,box,arch,Steel ,Steel ,1.296,,,,,,,,,,
12,84.6,2.5,1.311,,box,arch,Steel ,Steel ,1.629,,,,,,,,,,
13,100,2.4,2.2,,box,arch,Steel ,Steel ,1.21,,,,,,,,,,
14,41.85,4,2.072,0.004,box,cable-stayed,Steel ,Steel ,3.417,,,,,,,,,,
15,200,6,1.338,0.005,box,cable-stayed,Steel ,Steel ,0.599,0.005,,,,,,,,,
16,64,5,1.97,,box,girder,Steel ,Steel ,2.49,,,,,,,,,,
17,120,9,1.6647,0.02,box,arch,Steel ,epoxy resin,2.7725,,,,,,,,,,
18,130,12.94,0.6965,0.005,box,arch,Steel ,concrete,1.2491,0.005,,,,,,,,,
19,125,7.6,1.118,0.00249,box,girder,Steel ,Steel ,2.141,0.01325,,,,,,,,,
20,65.729,4,1.9,0.01,Steel  truss,girder,Steel ,concrete,Unknown,,,,,,,,,,
21,430,6,0.204,,Steel -concrete composite,suspension,Steel -concrete composite,reinforced glass,0.157,,,,,,,,,,
22,416,4.4,0.1345,,Steel  tubular truss,suspension,Steel ,reinforced glass,0.1664,,,,,,,,,,
23,580,4.6,0.19,0.02,Steel -concrete composite,suspension,Steel -concrete composite,reinforced glass,0.185,0.02,,,,,,,,,
24,68.27,5.3,2.65,0.02,Steel -concrete composite,girder,Steel -concrete composite,concrete,12.35,0.02,,,,,,,,,
25,36.5,6.15,2.345,,Steel -concrete composite,girder,Steel -concrete composite,concrete,3.426,,,,,,,,,,
26,338,3.7125,0.325,,Steel -concrete composite,suspension,Steel -concrete composite,concrete,0.157,,,,,,,,,,
27,122.7,4,0.817,0.01,precast hollow slab,arch,Concrete,concrete,0.599,0.01,,,,,,,,,
28,39.5,3,1.737,0.011,girder,arch,Timber,plank,3.444,0.011,,,,,,,,,
29,240,10,1.451,,box,cable-stayed,Steel ,Unknown,1.075,,,,,,,,,,
30,103,1.8,0.61,0.0095,Unknown,arch,Steel ,Steel ,1.72,0.0069,,,,,,,,,
31,400,8.5,1.703,,box,suspension,Steel ,Unknown,0.616,,,,,,,,,,
32,70.5,7.265,0.84,0.02,box,suspension,Steel ,Steel ,0.91,0.02,,,,,,,,,
33,192,2.3,0.312,0.02,Steel -concrete composite,suspension,Steel -concrete composite,reinforced glass,0.195,0.02,,,,,,,,,
34,110,9.6,1.114,0.005,box,girder,Steel ,Steel ,2.266,0.005,,,,,,,,,
35,45,7,2.062,,box,cable-stayed,Steel ,Steel ,1.444,,,,,,,,,,
36,420,4,0.25,0.005,section Steel ,suspension,Steel ,concrete,0.23,0.005,,,,,,,,,
37,442,2,0.279,0.0015,section Steel ,suspension,Steel ,reinforced glass,0.262,0.0015,,,,,,,,,
38,90,9,2.2574,,box and section Steel ,suspension,Steel ,mixed,5.02,,,,,,,,,,
39,110,6,1.475,,box,cable-stayed,Steel ,mixed,1.98,,,,,,,,,,
40,31.7,4,2.49,,box,girder,Steel ,floor tile,1.04,,,,,,,,,,
41,125,1.8,2.05,,Unknown,arch,Unknown,Unknown,0.32,,,,,,,,,,
42,46,3.7,2.12,0.015,box,girder,Concrete ,Concrete ,5.15,,,,,,,,,,
43,120,2.1,0.136,,section Steel ,suspension,Steel ,Steel ,0.083,,,,,,,,,,
44,30,2,5.06,,Steel  truss,arch,Steel ,Steel ,2.74,,,,,,,,,,
45,100,5,3.11,,prestressed concrete beam,arch,Concrete ,Concrete ,0.99,,,,,,,,,,
46,60,9,1.465,0.005,box,arch,Steel ,Unknown,2.115,,,,,,,,,,
47,42.06,4.7,4.09,0.0038,Steel  truss,girder,Steel ,mixed,2.56,,,,,,,,,,
48,74.2,3.1,1.166,,box,suspension,Steel ,Steel ,1.267,,,,,,,,,,
49,42.2,3.5,2.1,0.02,box,girder,Steel ,Steel ,1.22,0.02,,,,,,,,,
50,62.9,2.4,1.86,0.0058,Steel  truss,girder,Steel ,mixed,1.66,,,,,,,,,,
51,120,4,0.742,,box,suspension,Steel ,Steel ,0.455,,,,,,,,,,
52,369,3.6,0.375,0.005,section Steel ,suspension,Steel ,timber,0.297,0.005,,,,,,,,,
53,96,4,0.3883,,section Steel ,suspension,Steel ,reinforced glass,0.4015,,,,,,,,,,
54,72,7.38,0.569,0.01,Steel -concrete composite,cable-stayed,Steel -concrete composite,Concrete ,1.347,0.01,,,,,,,,,
55,44,5.15,1.571,0.005,Steel  truss,girder,Steel ,Unknown,0.601,0.005,,,,,,,,,
56,30,5.4789,3,,truss,girder,Aluminium ,Concrete ,5.2,,,,,,,,,,
57,40,2.7,1.78,,box,girder,Steel ,Unknown,3.09,,,,,,,,,,
58,10,2.4,5.03,0.0325,Steel  truss,girder,Steel ,timber,2.23,0.0325,,,,,,,,,
59,12.95,5.4789,10.21,,section Steel ,girder,Steel ,timber,10.9,,,,,,,,,,
60,83,4,1.22,,box,girder,Steel ,Steel ,1.574,,,,,,,,,,
61,40,5.5,3.6895,,box,arch,Steel ,rubber plate,6.3025,,,,,,,,,,
62,33,5.5,3.681,0.00413,box,cable-stayed,Steel ,Steel ,3.309,0.00413,,,,,,,,,
63,40.3,5.5,4.875,,box,arch,Steel ,mixed,6.2,,,,,,,,,,
64,32.7,5,6.05,,Steel  truss,girder,Steel ,Unknown,2.82,,,,,,,,,,
65,60,7.5,0.366,,Steel  truss,cable-stayed,Steel ,reinforced glass,0.614,,,,,,,,,,
66,100,7.5,2.096,0.02,Steel  truss,girder,Steel ,Unknown,1.085,0.02,,,,,,,,,
67,60,7,1.654,,box,arch,Steel ,Steel ,4.678,,,,,,,,,,
68,44,4.7,1.88,0.015,box,girder,Concrete ,Concrete ,3.22,,,,,,,,,,
69,72,4.5,1.475,0.004,box,cable-stayed,Steel ,rubber plate,2.141,0.004,,,,,,,,,
70,68.75,5,1.96,0.005,Steel  truss,girder,Steel -concrete composite,Concrete ,1.99,0.005,,,,,,,,,
71,81,7,2.96,0.004,Steel  truss,cable-stayed,Steel ,mixed,1.61,0.004,,,,,,,,,
72,36,5,2.5,,section Steel ,arch,Steel ,mixed,10.75,,,,,,,,,,
73,51,6,3.18,,box,arch,Steel ,Steel ,8.487,,,,,,,,,,
74,35,2.4,2.282,,Steel  tubular truss,girder,Steel ,Steel ,1.374,,,,,,,,,,
75,80,6,1.136,,box,cable-stayed,Steel ,Steel ,Unknown,,,,,,,,,,
76,140,6,0.774,0.005,box,girder,Steel ,Steel ,1.444,0.005,,,,,,,,,
77,135,9.6,0.444,,section Steel ,cable-stayed,Steel ,Steel ,1.042,,,,,,,,,,
78,58.7,6,1.7,,Steel  tubular truss,cable-stayed,Steel ,Steel ,Unknown,,,,,,,,,,
79,79,3,1.778,,box,suspension,Steel ,Steel ,3.889,,,,,,,,,,
80,79.4,3.75,4.074,,box,cable-stayed,Steel ,mixed,2.2,,,,,,,,,,
81,183,4.4,0.4885,0.02,section Steel ,suspension,Steel ,mixed,0.4389,0.02,,,,,,,,,
82,23.5,2.4,1.772,0.005,box and section Steel ,girder,Steel ,concrete,3.009,0.005,,,,,,,,,
83,64,14.6,1.64,0.008,box,girder,Concrete ,Concrete ,0.987,,,,,,,,,,
84,85,5,1.353,,box,girder,Steel ,mixed,1.25,,,,,,,,,,
85,40,4.5,3.467,,box,girder,Steel ,Concrete ,3.857,,,,,,,,,,
86,80,4,1.42,,section Steel ,suspension,Steel ,Steel ,1.04,,,,,,,,,,
87,75,5,2.6,0.004,box,girder,Steel ,Unknown,1.64,,,,,,,,,,
88,60.6,6,2.65,0.0109,Steel  truss,girder,Steel ,mixed,2.06,,,,,,,,,,
89,124,36.5,0.549,,giant star and variable cross section Steel  beams,cable-stayed,Steel ,reinforced glass,0.684,,,,,,,,,,
90,46.412,3.7,2.12,0.015,Unknown,girder,Unknown,Unknown,5.15,0.015,,,,,,,,,
91,49.45,8.475,1.57,,Steel -concrete composite,arch,Steel -concrete composite,Unknown,0.57,,,,,,,,,,
92,84,1.8,0.4182,,section Steel ,suspension,Steel ,Steel ,0.2705,,,,,,,,,,
93,65,3,0.3897,,section Steel ,suspension,Steel ,Steel ,3.0646,,,,,,,,,,
94,210,3,0.5,,section Steel ,suspension,Steel ,reinforced glass,0.2,,,,,,,,,,
95,49,3,2.466,,box,girder,Steel ,Unknown,Unknown,,,,,,,,,,
96,55,4.5,1.87,0.03,box,girder,Steel ,Unknown,5.65,0.03,,,,,,,,,
97,135,9.6,0.31,,box,cable-stayed,Steel ,Steel ,2.35,,,,,,,,,,
98,100,2.5,2.126,,wood beam,arch,Timber,timber,2.692,,,,,,,,,,
99,15,17.67,2.9,,Unknown,girder,Unknown,Unknown,Unknown,,,,,,,,,,
100,38,5,2.16,0.01,Unknown,girder,Unknown,Unknown,Unknown,,,,,,,,,,
101,24,2.2,3.67,,,,Steel ,,,,,,,,,,,,
102,34,3,2.07,0.0043,,,Steel ,,,,,,,,,,,,
103,106,12-14.8,1.22,,,,Steel ,,,,,,,,,,,,
104,42,3,2.99,0.0019,,,Steel ,,,,,,,,,,,,
105,140,N/A,1.12,0.004,,,Steel ,,,,Changi Mezzanine Bridge,1,Steel,200,4.2,1300000,6500,0.068,matched_existing_master_record
106,75.2,N/A,1.67,0.0026,,,Steel ,,,,,,,,,,,,
107,130,3,1.8,0.0034,,,Steel ,,,,,,,,,,,,
108,36,N/A,2.97,0.0118,,,Steel ,,,,,,,,,,,,
109,111,N/A,3.52,0.0041,,,Steel ,,,,,,,,,,,,
110,12,2.3,9.39,0.01,,,Steel ,,,,,,,,,,,,
111,36.3,2.5,1.03,,,,Steel ,,,,,,,,,,,,
112,230,5-5.5,0.7,,,,Steel ,,,,,,,,,,,,
113,90,N/A,2.19,0.0034,,,Steel ,,,,,,,,,,,,
114,14,5,3.08,0.0247,,,Steel ,,,,,,,,,,,,
115,30,4.8,3.24,0.0031,,,Steel ,,,,,,,,,,,,
116,65,6,1.9,0.005,,,Steel ,,,,Helix Bridge,7,Steel,280,6,1700000,6071,0.104,matched_existing_master_record
117,29,3,3.75,0.0108,,,Steel ,,,,,,,,,,,,
118,4.8,2.7,1.64,0.0024,,,Steel ,,,,,,,,,,,,
119,63.9,2.5-5.0,1.03,0.0075,,,Steel ,,,,,,,,,,,,
120,38.5,N/A,2.9,0.0045,,,Steel ,,,,,,,,,,,,
121,90,N/A,1.28,0.006,,,Steel ,,,,,,,,,,,,
122,23,Apr-14,6.06,0.053,,,Steel ,,,,,,,,,,,,
123,38.25,13.35,1.66,0.0041,,,Steel ,,,,,,,,,,,,
124,69,3,2.12,,,,Concrete,,,,Cekov Footbridge,2,Concrete,80,3,376000,4700,0.067,matched_existing_master_record
125,60,3.3,2.33,0.0124,,,Concrete,,,,,,,,,,,,
126,30,3.8,0.99,0.0069,,,Concrete,,,,,,,,,,,,
127,27.1,3.26,2.33,0.009,,,Concrete,,,,,,,,,,,,
128,23.5,3.26,3,0.009,,,Concrete,,,,,,,,,,,,
129,40,4,2.44,0.0081,,,Concrete,,,,Krakow Footbridge,3,Concrete,80,4,472000,5900,0.071,matched_existing_master_record
130,72,3,0.94,0.0034,,,Concrete,,,,Baker Bridge,4,Concrete,109,3,150000,1376,0.229,matched_existing_master_record
131,40,3.66,2.38,,,,Concrete,,,,,,,,,,,,
132,34,4.1,2.35,0.0088,,,Concrete,,,,Stanisławice Footbridge,5,Concrete,62,4.1,279000,4500,0.096,matched_existing_master_record
133,156,3.64,0.72,0.019,,,Concrete,,,,,,,,,,,,
134,42.5,3,1,0.0051,,,Steel -concrete composite,,,,,,,,,,,,
135,50,2.88,1.29,0.0093,,,Steel -concrete composite,,,,,,,,,,,,
136,105,N/A,0.42,0.0116,,,Steel -concrete composite,,,,,,,,,,,,
137,73.7,3.5,0.45,,,,Steel -concrete composite,,,,,,,,,,,,
138,35,3.3,2.08,0.0122,,,Steel -concrete composite,,,,,,,,,,,,
139,110,4,1.54,0.0053,,,Steel -concrete composite,,,,,,,,,,,,
140,50.1,3,1.55,0.0014,,,Steel -concrete composite,,,,,,,,,,,,
141,27,5.3,2.09,0.017,,,Steel -concrete composite,,,,Rotterdam Footbridge,6,Steel–concrete,136,5.3,721000,5301,0.105,matched_existing_master_record
142,60,3,1.46,0.0067,,,Steel -concrete composite,,,,,,,,,,,,
143,60,3,2.17,0.005,,,Steel -concrete composite,,,,,,,,,,,,
144,173,4.1 and 3.1,0.75,0.0064,,,Steel -concrete composite,,,,,,,,,,,,
145,60,N/A,1.95,0.0146,,,Steel -concrete composite,,,,,,,,,,,,
146,21.2,N/A,4,0.022,,,Steel ,,,,,,,,,,,,
147,92,5,1.4,0.047,,,Timber,,,,,,,,,,,,
148,92,2.4,1.45,0.024,,,Timber,,,,,,,,,,,,
149,20,2-Mar,3.54,0.0305,,,Timber,,,,,,,,,,,,
150,39,3,4.17,,,,Timber,,,,,,,,,,,,
151,46,2.1,1.28,0.011,,,Aluminium,,,,,,,,,,,,
152,63,2.12,1.52,0.004,,,FRP,,,,Aberfeldy Bridge,24,FRP,113,2.12,23000,204,1.094,matched_existing_master_record
153,16.9,0.78,4.75,0.023,,,FRP,,,,Parsons Bridge,16,FRP,16.9,0.78,1800,107,0.766,matched_existing_master_record
154,15,2,4.78,0.0065,,,FRP,,,,Delft Bridge A,18,FRP,20,2,4500,300,0.7,matched_existing_master_record
155,14.9,4.5,6.12,0.079,,,FRP,,,,Delft Bridge B,19,FRP,14.9,4.5,6600,441,1.071,matched_existing_master_record
156,12.5,1.93,13,0.0517,,,FRP,,,,Pontresina Bridge,25,FRP,12.5,1.93,1680,135,1.5,matched_existing_master_record
157,47,3.5,1.99,0.015,,,FRP,,,,Halgavor Bridge,23,FRP,47,3.5,8600,182,2.019,matched_existing_master_record
158,51.3,2.1,0.96,0.0249,,,FRP,,,,Wilcott Bridge,22,FRP,51.3,2.1,31000,605,0.365,matched_existing_master_record
159,14,1.42,11.93,0.018,,,FRP,,,,St Austell Bridge,17,FRP,25,1.42,5000,358,0.417,matched_existing_master_record
160,10.6,4,9.4,0.023,,,FRP,,,,,,,,,,,,
161,10.1,N/A,8.1,0.026,,,FRP,,,,,,,,,,,,
162,25,2.5-3.6,7.5,0.026,,,FRP,,,,Prato Bridge,21,FRP,25,2.5–3.6,8000,295–425,0.89,matched_existing_master_record
163,17.8,2,6.4,0.012,,,FRP,,,,,,,,,,,,
164,12,N/A,17.4,0.027,,,FRP,,,,,,,,,,,,
165,14,N/A,15.1,0.014,,,FRP,,,,Dover Seawall Wellards Way,20,FRP,29,2.4,5500,379,0.665,matched_existing_master_record
166,37,1.7,2.29,,Steel  Box-Girders,trapezoidal,Steel ,,1.86,,,,,,,,,,
167,39,1.8,3.25,,Steel  Box-Girders,trapezoidal,Steel ,,2.44,,,,,,,,,,
168,28,2.2,3.42,,Steel  Box-Girders,trapezoidal,Steel ,,2.15,,,,,,,,,,
169,42,2,3.12,,Steel  Box-Girders,trapezoidal,Steel ,,2.7,,,,,,,,,,
170,37,2,3.42,,Steel  Box-Girders,trapezoidal,Steel ,,2.25,,,,,,,,,,
171,37,2,5.6,,Steel  Box-Girders,trapezoidal,Steel ,,3.9,,,,,,,,,,
172,43,1.7,5.05,,Steel  Box-Girders,trapezoidal,Steel ,,3.42,,,,,,,,,,
173,26,2,3.52,,Steel  Box-Girders,trapezoidal,Steel ,,6.7,,,,,,,,,,
174,53,2,2.25,,Steel  Box-Girders,trapezoidal,Steel ,,2.9,,,,,,,,,,
175,41,2,2.25,,Steel  Box-Girders,rectangular,Steel ,,1.95,,,,,,,,,,
176,14,2,9.3,,Steel  Box-Girders,rectangular,Steel ,,2.93,,,,,,,,,,
177,20,2,3.52,,Steel  Box-Girders,rectangular,Steel ,,6.93,,,,,,,,,,
178,32,2.1,1.76,,Steel  Box-Girders,rectangular,Steel ,,1.76,,,,,,,,,,
179,29,2,2,,Steel  Box-Girders,rectangular,Steel ,,3.7,,,,,,,,,,
180,16,2,7.1,,Steel  Box-Girders,rectangular,Steel ,,3.65,,,,,,,,,,
181,21,2.5,4.3,,Steel  Truss I + I,I + I,Steel ,,6.8,,,,,,,,,,
182,21,2,5.2,,Steel  Truss I + I,I + I,Steel ,,2,,,,,,,,,,
183,28,2,4.08,,Steel  Truss I + I,I + I,Steel ,,2,,,,,,,,,,
184,17,2,9.6,,Steel  Truss I + I,I + I,Steel ,,3.36,,,,,,,,,,
185,38,1.7,3.03,,Steel  Truss I + I,I + slab,Steel ,,1.17,,,,,,,,,,
186,25,2,4.77,,Steel  Truss I + I,truss 2D,Steel ,,4.79,,,,,,,,,,
187,30,2.8,3.42,,Steel  Truss I + I,truss 2D,Steel ,,2.73,,,,,,,,,,
188,46,2.4,3.81,,Steel  Truss I + I,truss 2D,Steel ,,1.95,,,,,,,,,,
189,50,3,2.93,,Steel  Truss I + I,n/straight truss 2D,Steel ,,2.25,,,,,,,,,,
190,21,2,2.66,,Steel  Truss I + I,truss 2D,Steel ,,2.26,,,,,,,,,,
191,20,1.4,2.07,,Steel  Truss I + I,truss 2D,Steel ,,2.07,,,,,,,,,,
192,22,2,7.72,,Steel  Truss I + I,truss 2D,Steel ,,5.03,,,,,,,,,,
193,42,2.5,4.98,,Steel  Truss I + I,truss 2D,Steel ,,2.73,,,,,,,,,,
194,48,2.5,5.6,,Steel  Truss I + I,truss 3D,Steel ,,2.2,,,,,,,,,,
195,26,2.5,6.54,,Steel  Truss I + I,truss 3D,Steel ,,5.4,,,,,,,,,,
196,20,2,7.4,,Steel  Truss I + I,tubular,Steel ,,3.2,,,,,,,,,,
197,51,3.3,3.16,,Steel  Truss I + I,light curve tubular,Steel ,,3.16,,,,,,,,,,
198,28,2,1.86,,Steel  Truss I + I,triangle,Steel ,,2.44,,,,,,,,,,
199,19,2,2.5,,Steel  Truss I + I,triangle,Steel ,,3.71,,,,,,,,,,
200,28,2,1.86,,Steel  Truss I + I,triangle,Steel ,,3.32,,,,,,,,,,
201,22,2,4.2,,Steel  Truss I + I,triangle,Steel ,,5.4,,,,,,,,,,
202,30,2.1,2.88,,Reinforced Concrete,I + slab + I,Concrete,,4.32,,,,,,,,,,
203,30,2.1,2.73,,Reinforced Concrete,I + slab + I,Concrete,,3.91,,,,,,,,,,
204,25,2.5,4,,Reinforced Concrete,I + slab + I,Concrete,,2.91,,,,,,,,,,
205,28,2.5,3.81,,Reinforced Concrete,I + slab + I,Concrete,,1.76,,,,,,,,,,
206,19,2.5,6.45,,Reinforced Concrete,I + slab + I,Concrete,,5.57,,,,,,,,,,
207,26,2,3.79,,Reinforced Concrete,I + slab + I,Concrete,,3.73,,,,,,,,,,
208,29,1.5,1.9,,Reinforced Concrete,I + slab + I,Concrete,,1.9,,,,,,,,,,
209,38,1.8,2.3,,Reinforced Concrete,I + slab + I,Concrete,,2.06,,,,,,,,,,
210,32,1.8,3.1,,Reinforced Concrete,I + slab + I,Concrete,,1.8,,,,,,,,,,
211,22,2,3.58,,Reinforced Concrete,I + slab + I,Concrete,,2.6,,,,,,,,,,
212,13,2,10.7,,Reinforced Concrete,I + slab + I,Concrete,,2.6,,,,,,,,,,
213,11,2,13.5,,Reinforced Concrete,I + slab + I,Concrete,,2.6,,,,,,,,,,
214,22,2,5.05,,Reinforced Concrete,I + slab + I,Concrete,,3.55,,,,,,,,,,
215,23,1.5,3.5,,Reinforced Concrete,I + slab + I,Concrete,,4.1,,,,,,,,,,
216,31,1.7,4.49,,Reinforced Concrete,I + slab,Concrete,,1.37,,,,,,,,,,
217,22,2,4.2,,Reinforced Concrete,n/straight triangle,Concrete,,5.4,,,,,,,,,,
218,36,2,2.57,,Reinforced Concrete,large curve trapezoidal,Concrete,,1.24,,,,,,,,,,
219,37,2,1.9,,Reinforced Concrete,U,Concrete,,2.1,,,,,,,,,,
220,21,2,6.9,,Reinforced Concrete,U,Concrete,,6.9,,,,,,,,,,
221,20,2.3,3.5,,Reinforced Concrete,T + T,Concrete,,1.6,,,,,,,,,,
222,22,4,3.71,,Reinforced Concrete,rectangular,Concrete,,6.3,,,,,,,,,,
223,31,2,2.76,,Reinforced Concrete,U,Concrete,,2.52,,,,,,,,,,
224,32,2,3.13,,Reinforced Concrete,U/V,Concrete,,2.52,,,,,,,,,,
225,41,2.2,2.32,,Reinforced Concrete,U/V,Concrete,,2.52,,,,,,,,,,
226,46,2.4,2.12,,Reinforced Concrete,U/V,Concrete,,2.07,,,,,,,,,,
227,39,2,2.58,,Reinforced Concrete,U/V,Concrete,,2.76,,,,,,,,,,
228,25,2,3.76,,Reinforced Concrete,U/V,Concrete,,3,,,,,,,,,,
229,38,4,3.86,,Steel  variable cross-section,trapezoidal,Steel ,,7.3,,,,,,,,,,
230,56,4,1.9,,Steel  variable cross-section,I + I,Steel ,,2.16,,,,,,,,,,
231,25,2.5,5.8,,Other Types,Timber U,Timber,,5.8,,,,,,,,,,
232,48,2.5,2.36,,Other Types,Steel  ribbon,Steel ,,1.12,,,,,,,,,,
233,32,2.8,0.81,,Other Types,RC ribbon,Concrete,,2.15,,,,,,,,,,
234,75,2.4,0.94,,Other Types,Steel  arch,Steel ,,1.83,,,,,,,,,,
235,75,2.4,0.88,,Other Types,Steel  arch,Steel ,,1.7,,,,,,,,,,
236,90,2,2.33,,Other Types,Steel  bow-string,Steel ,,0.63,,,,,,,,,,
237,25,2,3.22,,Other Types,Steel  bow-string,Steel ,,3.22,,,,,,,,,,
238,30,2.5,5.37,,Other Types,Fiber-glass,FRP ,,2.7,,,,,,,,,,
239,32,2.5,5.37,,Other Types,Fiber-glass,FRP ,,4,,,,,,,,,,
240,49,4.4,2.47,,Other Types,S-shape Steel  [+] 2D,Steel ,,1.36,,,,,,,,,,
241,110,4,1.95,,Other Types,n/straight S + RC arch-girder,Steel -concrete composite,,0.91,,,,,,,,,,
242,36,2.5,1.03,,Other Types,Steel  cantilever,Steel ,,0.98,,,,,,,,,,
243,36,2.5,3.17,,Other Types,Steel  cantilever,Steel ,,4.09,,,,,,,,,,
244,13,2,3.17,,Other Types,ring Cable-stayed,Unknown,,,,,,,,,,,,
245,99.4,3,1.95,,,Warren-type lateral beams,Steel ,,,,Cavaillon Footbridge,10,Warren-type lateral beams,99.4,3,37600,378,0.833,matched_existing_master_record
246,180,11,1.97,0.002,,Steel  box girder,Steel ,,,,Stade de France Footbridge,11,Steel box girder,180,11,595000,3306,0.349,matched_existing_master_record
247,55,3.5,2.51,,,Bow-string Steel  arch,Steel ,,,,Montigny-lès-Cormeilles Footbridge,12,Bow-string steel arch,55,3.5,85000,1545,0.238,matched_existing_master_record
248,60,3,3.1,,,Suspended Steel  box girder,Steel ,,,,Footbridge over the Aisne at Soissons,13,Suspended steel box girder,60,3,105000,1750,0.18,matched_existing_master_record
249,106,15,1.66,0.005,,Steel  arch,Steel ,,,,Solférino Footbridge,14,Steel arch,106,Dec-15,900000,8491,0.183,matched_existing_master_record
250,23,2.5,2.15,,,Mixed Steel –concrete beam,Steel -concrete composite,,,,Mont-Saint-Martin Footbridge,15,Mixed steel–concrete beam,23,2.5,22000,957,0.274,matched_existing_master_record
251,78,3,2.04,0.0026,,,Steel,,,,Podgorica Bridge,8,Steel,104,3,260000,2500,0.126,added_missing_from_uploaded_master
252,44,5,1.65,,,,Concrete,,,,Noisy-le-Grand Footbridge,9,Concrete ribbed slab,88,5,860000,9773,0.054,added_missing_from_uploaded_master
