mu,xi_b,contribution_Steel,contribution_Concrete,contribution_Steel-concrete composite,contribution_FRP,contribution_Timber,contribution_Other,raw_weight,weight,weight_percent,contribution_Steel_normalised,contribution_Concrete_normalised,contribution_Steel-concrete composite_normalised,contribution_FRP_normalised,contribution_Timber_normalised,contribution_Other_normalised,mu_key,xi_key,weight_common,weight_common_percent
0.05,0.005,0.0381364103618421,0.0192119562396179,0.0,0.0,0.0,0.0,0.05734836660146,0.0872954613972418,8.729546139724189,0.0580510960618502,0.0292443653353916,0.0,0.0,0.0,0.0,0.05,0.005,0.11484680233395363,11.484680233395363
0.05,0.01,0.0136523276881167,0.0254412115863787,0.0,0.0,0.0,0.0,0.0390935392744954,0.0595080339835066,5.950803398350662,0.0207815202996584,0.0387265136838482,0.0,0.0,0.0,0.0,0.05,0.01,0.07828937847165002,7.828937847165002
0.05,0.015,0.0048743061266447,0.0120617278343023,0.0,0.0,0.0,0.0,0.016936033960947,0.0257799652627349,2.5779965262734983,0.0074196498964631,0.0183603153662718,0.0,0.0,0.0,0.0,0.05,0.015,0.03391638611350594,3.391638611350594
0.05,0.02,0.0049751169305098,0.0069502310008305,0.0,0.0,0.0,0.0,0.0119253479313404,0.0181527184064995,1.8152718406499524,0.0075731037114321,0.0105796146950673,0.0,0.0,0.0,0.0,0.05,0.02,0.023881902097616276,2.3881902097616274
0.1,0.005,0.0381364103618421,0.0064039854132059,0.0105333964029947,0.0,0.0,0.0,0.0550737921780428,0.0838331130246291,8.38331130246291,0.0580510960618502,0.0097481217784638,0.0160338951843149,0.0,0.0,0.0,0.1,0.005,0.11029170138373057,11.029170138373058
0.1,0.01,0.0136523276881167,0.0084804038621262,0.0060901641845703,0.0,0.0,0.0,0.0282228957348133,0.042960782514668,4.296078251466809,0.0207815202996584,0.012908837894616,0.0092704243203935,0.0,0.0,0.0,0.1,0.01,0.05651964510642862,5.651964510642863
0.1,0.015,0.0048743061266447,0.0040205759447674,0.0031166076660156,0.0,0.0,0.0,0.0120114897374278,0.0182838431298983,1.8283843129898325,0.0074196498964631,0.0061201051220906,0.0047440881113445,0.0,0.0,0.0,0.1,0.015,0.024054411125557014,2.4054411125557014
0.1,0.02,0.0049751169305098,0.0023167436669435,0.0036689758300781,0.0,0.0,0.0,0.0109608364275315,0.0166845427331961,1.6684542733196164,0.0075731037114321,0.0035265382316891,0.0055849007900748,0.0,0.0,0.0,0.1,0.02,0.02195035515755139,2.195035515755139
0.15,0.005,0.0381364103618421,0.0,0.0,0.0,0.0,0.0,0.0381364103618421,0.0580510960618502,5.805109606185028,0.0580510960618502,0.0,0.0,0.0,0.0,0.0,0.15,0.005,0.0763726160326511,7.6372616032651095
0.15,0.01,0.0136523276881167,0.0,0.0,0.0,0.0,0.0,0.0136523276881167,0.0207815202996584,2.0781520299658416,0.0207815202996584,0.0,0.0,0.0,0.0,0.0,0.15,0.01,0.02734038076954735,2.734038076954735
0.15,0.015,0.0048743061266447,0.0,0.0,0.0,0.0,0.0,0.0048743061266447,0.0074196498964631,0.7419649896463167,0.0074196498964631,0.0,0.0,0.0,0.0,0.0,0.15,0.015,0.009761367331213406,0.9761367331213405
0.15,0.02,0.0049751169305098,0.0,0.0,0.0,0.0,0.0,0.0049751169305098,0.0075731037114321,0.7573103711432149,0.0075731037114321,0.0,0.0,0.0,0.0,0.0,0.15,0.02,0.00996325274052396,0.996325274052396
0.2,0.005,0.0762728207236842,0.0,0.0,0.0,0.0,0.0,0.0762728207236842,0.1161021921237005,11.610219212370056,0.1161021921237005,0.0,0.0,0.0,0.0,0.0,0.2,0.005,0.1527452320653023,15.27452320653023
0.2,0.01,0.0273046553762335,0.0,0.0,0.0,0.0,0.0,0.0273046553762335,0.0415630405993168,4.156304059931683,0.0415630405993168,0.0,0.0,0.0,0.0,0.0,0.2,0.01,0.0546807615390947,5.46807615390947
0.2,0.015,0.0097486122532894,0.0,0.0,0.0,0.0,0.0,0.0097486122532894,0.0148392997929263,1.4839299792926337,0.0148392997929263,0.0,0.0,0.0,0.0,0.0,0.2,0.015,0.019522734662426943,1.9522734662426944
0.2,0.02,0.0099502338610197,0.0,0.0,0.0,0.0,0.0,0.0099502338610197,0.0151462074228642,1.5146207422864295,0.0151462074228642,0.0,0.0,0.0,0.0,0.0,0.2,0.02,0.01992650548104792,1.992650548104792
0.25,0.005,0.0381364103618421,0.0064039854132059,0.0,0.0,0.0,0.0,0.044540395775048,0.0677992178403141,6.779921784031415,0.0580510960618502,0.0097481217784638,0.0,0.0,0.0,0.0,0.25,0.005,0.08919734479975198,8.9197344799752
0.25,0.01,0.0136523276881167,0.0084804038621262,0.0,0.0,0.0,0.0,0.022132731550243,0.0336903581942744,3.3690358194274483,0.0207815202996584,0.012908837894616,0.0,0.0,0.0,0.0,0.25,0.01,0.044323380003581485,4.432338000358149
0.25,0.015,0.0048743061266447,0.0040205759447674,0.0,0.0,0.0,0.0,0.0088948820714121,0.0135397550185537,1.3539755018553772,0.0074196498964631,0.0061201051220906,0.0,0.0,0.0,0.0,0.25,0.015,0.01781304025864425,1.781304025864425
0.25,0.02,0.0049751169305098,0.0023167436669435,0.0,0.0,0.0,0.0,0.0072918605974533,0.0110996419431212,1.1099641943121272,0.0075731037114321,0.0035265382316891,0.0,0.0,0.0,0.0,0.25,0.02,0.014602802526221354,1.4602802526221355
