mu_key,xi_key,C_raw,percentile,C_fit,C_fit_shifted
0.01,0.005,0.26665738088790714,50.0,0.28636730056102994,0.3363673005610299
0.01,0.01,0.3245691333299474,50.0,0.32311310309142127,0.37311310309142126
0.01,0.015,0.3599282696642076,50.0,0.35985890562181255,0.40985890562181254
0.01,0.02,0.3873123175576511,50.0,0.3966047081522039,0.4466047081522038
0.01,0.025,0.40749724557624445,50.0,0.43335051068259517,0.48335051068259516
0.01,0.03,0.4428542846996597,50.0,0.47009631321298645,0.5200963132129864
0.05,0.005,0.2680837061243385,50.0,0.2792291740264923,0.32922917402649227
0.05,0.01,0.3177946691336921,50.0,0.31609020870022114,0.36609020870022113
0.05,0.015,0.3705333367731759,50.0,0.35295124337394995,0.40295124337394994
0.05,0.02,0.41444883430804663,50.0,0.3898122780476788,0.43981227804767875
0.05,0.025,0.4479850587905471,50.0,0.4266733127214076,0.4766733127214076
0.05,0.03,0.4732382988162561,50.0,0.46353434739513644,0.5135343473951365
0.1,0.005,0.2719034485882251,50.0,0.2703065158583202,0.32030651585832026
0.1,0.01,0.3237134956998975,50.0,0.30731159071122105,0.357311590711221
0.1,0.015,0.358028446286371,50.0,0.3443166655641217,0.3943166655641217
0.1,0.02,0.4015145264276031,50.0,0.3813217404170225,0.4313217404170224
0.1,0.025,0.4294158850567916,50.0,0.4183268152699232,0.4683268152699232
0.1,0.03,0.45373855520406714,50.0,0.45533189012282393,0.505331890122824
0.15,0.005,0.24897001077246794,50.0,0.2613838576901482,0.3113838576901482
0.15,0.01,0.2992322665006947,50.0,0.2985329727222209,0.3485329727222209
0.15,0.015,0.3389372806425178,50.0,0.33568208775429353,0.3856820877542935
0.15,0.02,0.3756402727686061,50.0,0.3728312027863662,0.42283120278636616
0.15,0.025,0.4080555400117638,50.0,0.40998031781843886,0.45998031781843884
0.15,0.03,0.43945113608597586,50.0,0.4471294328505115,0.49712943285051153
0.2,0.005,0.23604026787908183,50.0,0.25246119952197615,0.30246119952197614
0.2,0.01,0.290417795352206,50.0,0.28975435473322075,0.33975435473322074
0.2,0.015,0.3360772047703875,50.0,0.3270475099444653,0.3770475099444653
0.2,0.02,0.373069750200418,50.0,0.3643406651557099,0.41434066515570983
0.2,0.025,0.3892564036456445,50.0,0.40163382036695444,0.45163382036695443
0.2,0.03,0.42718566256032786,50.0,0.438926975578199,0.48892697557819903
0.25,0.005,0.2335053973579537,50.0,0.24353854135380412,0.2935385413538041
0.25,0.01,0.28520706672721496,50.0,0.2809757367442206,0.3309757367442206
0.25,0.015,0.32069331151227987,50.0,0.31841293213463706,0.36841293213463705
0.25,0.02,0.35900183375260847,50.0,0.3558501275250536,0.4058501275250535
0.25,0.025,0.4028088719095176,50.0,0.39328732291547003,0.44328732291547
0.25,0.03,0.41432323405765603,50.0,0.4307245183058865,0.48072451830588653
0.01,0.005,0.2891727386595105,52.5,0.303663837862389,0.353663837862389
0.01,0.01,0.3457159229392956,52.5,0.33817916005408977,0.38817916005408976
0.01,0.015,0.38026408961858243,52.5,0.37269448224579066,0.42269448224579065
0.01,0.02,0.39627276178754095,52.5,0.4072098044374915,0.45720980443749154
0.01,0.025,0.41910805717004973,52.5,0.44172512662919233,0.4917251266291923
0.01,0.03,0.4516177638470519,52.5,0.4762404488208932,0.5262404488208932
0.05,0.005,0.2730984529397757,52.5,0.2934658854442103,0.3434658854442103
0.05,0.01,0.3360043479399563,52.5,0.3286118971468798,0.37861189714687976
0.05,0.015,0.3830301216560969,52.5,0.3637579088495492,0.4137579088495492
0.05,0.02,0.4200816593689369,52.5,0.3989039205522186,0.44890392055221867
0.05,0.025,0.45121189516578175,52.5,0.43404993225488814,0.4840499322548881
0.05,0.03,0.4765009275406523,52.5,0.4691959439575576,0.5191959439575575
0.1,0.005,0.2749908050741792,52.5,0.280718444921487,0.330718444921487
0.1,0.01,0.32973721605235534,52.5,0.3166528185128672,0.3666528185128672
0.1,0.015,0.3661182992863133,52.5,0.35258719210424744,0.4025871921042474
0.1,0.02,0.40362559212787935,52.5,0.3885215656956276,0.43852156569562767
0.1,0.025,0.43630430222872096,52.5,0.42445593928700787,0.47445593928700786
0.1,0.03,0.45724807016183155,52.5,0.4603903128783881,0.510390312878388
0.15,0.005,0.25342876543675125,52.5,0.26797100439876376,0.3179710043987637
0.15,0.01,0.3039334342268188,52.5,0.3046937398788547,0.35469373987885466
0.15,0.015,0.345148571410481,52.5,0.34141647535894565,0.39141647535894564
0.15,0.02,0.37657912347542016,52.5,0.37813921083903657,0.4281392108390366
0.15,0.025,0.40976332584930303,52.5,0.4148619463191276,0.4648619463191276
0.15,0.03,0.44833037902676326,52.5,0.45158468179921857,0.5015846817992184
0.2,0.005,0.23722579243183167,52.5,0.2552235638760404,0.30522356387604044
0.2,0.01,0.2970887166591726,52.5,0.2927346612448421,0.3427346612448421
0.2,0.015,0.338887040065862,52.5,0.33024575861364386,0.38024575861364385
0.2,0.02,0.3752501354784688,52.5,0.36775685598244556,0.4177568559824456
0.2,0.025,0.39080150135800534,52.5,0.4052679533512473,0.4552679533512473
0.2,0.03,0.4321552008467075,52.5,0.44277905072004903,0.49277905072004896
0.25,0.005,0.23375478691588894,52.5,0.24247612335331714,0.29247612335331713
0.25,0.01,0.2876638419108707,52.5,0.2807755826108296,0.33077558261082957
0.25,0.015,0.32589745831455785,52.5,0.31907504186834207,0.36907504186834206
0.25,0.02,0.36629014050150316,52.5,0.3573745011258545,0.40737450112585455
0.25,0.025,0.40500761517562256,52.5,0.395673960383367,0.44567396038336704
0.25,0.03,0.41573930037104034,52.5,0.43397341964087954,0.4839734196408795
0.01,0.005,0.3159136569731136,55.0,0.32202461371853397,0.37202461371853396
0.01,0.01,0.3550381252263828,55.0,0.35350479368589666,0.40350479368589665
0.01,0.015,0.3867577114856227,55.0,0.38498497365325934,0.4349849736532593
0.01,0.02,0.419416436081833,55.0,0.4164651536206219,0.46646515362062196
0.01,0.025,0.4237615334928534,55.0,0.44794533358798466,0.4979453335879846
0.01,0.03,0.4556562495386978,55.0,0.4794255135553473,0.5294255135553473
0.05,0.005,0.3001459653265124,55.0,0.3084433039823606,0.3584433039823606
0.05,0.01,0.3429899658243716,55.0,0.3412763961209269,0.3912763961209269
0.05,0.015,0.39127659050238456,55.0,0.3741094882594932,0.42410948825949313
0.05,0.02,0.4325343327547645,55.0,0.4069425803980595,0.4569425803980595
0.05,0.025,0.45478728545907987,55.0,0.43977567253662586,0.4897756725366258
0.05,0.03,0.47910075551207837,55.0,0.4726087646751921,0.5226087646751921
0.1,0.005,0.2772561191459659,55.0,0.29146666681214384,0.3414666668121438
0.1,0.01,0.3339373862531276,55.0,0.3259908991647147,0.3759908991647147
0.1,0.015,0.3703295262552535,55.0,0.3605151315172856,0.4105151315172855
0.1,0.02,0.4112199892697076,55.0,0.3950393638698564,0.44503936386985643
0.1,0.025,0.4385179697498943,55.0,0.4295635962224273,0.4795635962224272
0.1,0.03,0.4618085297918699,55.0,0.4640878285749981,0.5140878285749981
0.15,0.005,0.255368026562626,55.0,0.2744900296419271,0.3244900296419271
0.15,0.01,0.31111759695289737,55.0,0.3107054022085025,0.3607054022085025
0.15,0.015,0.3492498649761945,55.0,0.34692077477507793,0.39692077477507787
0.15,0.02,0.38154426000284564,55.0,0.3831361473416533,0.43313614734165334
0.15,0.025,0.41105757266910087,55.0,0.4193515199082288,0.4693515199082287
0.15,0.03,0.4512155577121864,55.0,0.4555668924748041,0.5055668924748041
0.2,0.005,0.23813088758323567,55.0,0.25751339247171035,0.30751339247171033
0.2,0.01,0.30026318895265436,55.0,0.29541990525229034,0.3454199052522903
0.2,0.015,0.34222782047648415,55.0,0.3333264180328703,0.3833264180328702
0.2,0.02,0.3798522298946882,55.0,0.3712329308134502,0.42123293081345026
0.2,0.025,0.3923528082741765,55.0,0.4091394435940302,0.45913944359403014
0.2,0.03,0.4416260370781684,55.0,0.4470459563746101,0.49704595637461013
0.25,0.005,0.2339074816760569,55.0,0.2405367553014936,0.2905367553014936
0.25,0.01,0.29023974099241967,55.0,0.28013440829607816,0.3301344082960781
0.25,0.015,0.33194439645860846,55.0,0.3197320612906627,0.3697320612906626
0.25,0.02,0.36966446953855747,55.0,0.35932971428524707,0.4093297142852471
0.25,0.025,0.40600924658882453,55.0,0.3989273672798317,0.4489273672798316
0.25,0.03,0.41898489853937265,55.0,0.43852502027441614,0.4885250202744162
0.01,0.005,0.32632425724616027,57.5,0.3300404201915118,0.3800404201915118
0.01,0.01,0.36880591729155576,57.5,0.3631766916054236,0.4131766916054236
0.01,0.015,0.4061729346364984,57.5,0.39631296301933544,0.44631296301933543
0.01,0.02,0.4422560916834636,57.5,0.4294492344332473,0.4794492344332473
0.01,0.025,0.4564353005511821,57.5,0.46258550584715913,0.5125855058471591
0.01,0.03,0.4708160282935752,57.5,0.4957217772610709,0.545721777261071
0.05,0.005,0.3036236813907037,57.5,0.3155572805204918,0.3655572805204918
0.05,0.01,0.34606046372220844,57.5,0.3496865852958932,0.3996865852958932
0.05,0.015,0.4001200389614989,57.5,0.3838158900712946,0.43381589007129456
0.05,0.02,0.43353410335339376,57.5,0.4179451948466959,0.4679451948466959
0.05,0.025,0.45870338474824895,57.5,0.4520744996220973,0.5020744996220974
0.05,0.03,0.48631984517564686,57.5,0.48620380439749866,0.5362038043974986
0.1,0.005,0.2789833559071875,57.5,0.29745335593171685,0.34745335593171683
0.1,0.01,0.33884981221507954,57.5,0.33282395240898016,0.38282395240898015
0.1,0.015,0.3714307983697414,57.5,0.3681945488862434,0.4181945488862434
0.1,0.02,0.41278931014673714,57.5,0.40356514536350674,0.4535651453635067
0.1,0.025,0.4413876019781023,57.5,0.43893574184077,0.48893574184077004
0.1,0.03,0.4705071761938997,57.5,0.4743063383180333,0.5243063383180333
0.15,0.005,0.25962647629245533,57.5,0.27934943134294193,0.3293494313429419
0.15,0.01,0.3134526669160025,57.5,0.31596131952206713,0.3659613195220671
0.15,0.015,0.3592750130301094,57.5,0.3525732077011923,0.4025732077011923
0.15,0.02,0.39536828912488414,57.5,0.3891850958803175,0.4391850958803175
0.15,0.025,0.42029410479014195,57.5,0.4257969840594428,0.4757969840594428
0.15,0.03,0.4542055758557652,57.5,0.46240887223856797,0.5124088722385679
0.2,0.005,0.24318743421648392,57.5,0.26124550675416697,0.31124550675416696
0.2,0.01,0.3049076375878867,57.5,0.2990986866351541,0.3490986866351541
0.2,0.015,0.347423679478825,57.5,0.3369518665161412,0.3869518665161412
0.2,0.02,0.384397971577694,57.5,0.3748050463971283,0.4248050463971283
0.2,0.025,0.4008969636587351,57.5,0.41265822627811544,0.4626582262781155
0.2,0.03,0.44332775586060735,57.5,0.45051140615910257,0.5005114061591026
0.25,0.005,0.23706021237586392,57.5,0.243141582165392,0.293141582165392
0.25,0.01,0.2920277768643415,57.5,0.28223605374824107,0.33223605374824106
0.25,0.015,0.33559480019802734,57.5,0.3213305253310901,0.3713305253310901
0.25,0.02,0.37184326520649147,57.5,0.36042499691393914,0.41042499691393913
0.25,0.025,0.40713650231565884,57.5,0.3995194684967882,0.44951946849678825
0.25,0.03,0.42051491886553494,57.5,0.4386139400796372,0.4886139400796372
0.01,0.005,0.32718010322882984,60.0,0.33469229448137117,0.38469229448137116
0.01,0.01,0.3727147628174785,60.0,0.37023628581951745,0.42023628581951744
0.01,0.015,0.42197772388196053,60.0,0.40578027715766374,0.4557802771576638
0.01,0.02,0.44787856831986445,60.0,0.44132426849581,0.49132426849581007
0.01,0.025,0.49131255347307595,60.0,0.4768682598339563,0.5268682598339564
0.01,0.03,0.49848134590156307,60.0,0.5124122511721027,0.5624122511721027
0.05,0.005,0.30896749306327564,60.0,0.3200479184171076,0.3700479184171076
0.05,0.01,0.3591422930618172,60.0,0.3560674769419662,0.4060674769419662
0.05,0.015,0.4019842302610869,60.0,0.3920870354668248,0.4420870354668248
0.05,0.02,0.43883506574834374,60.0,0.4281065939916834,0.4781065939916834
0.05,0.025,0.4641156849573082,60.0,0.464126152516542,0.514126152516542
0.05,0.03,0.48773485204291234,60.0,0.5001457110414006,0.5501457110414006
0.1,0.005,0.288156279365809,60.0,0.30174244833677816,0.35174244833677815
0.1,0.01,0.3464491435384611,60.0,0.3383564658450272,0.38835646584502714
0.1,0.015,0.37483349228672985,60.0,0.37497048335327615,0.4249704833532762
0.1,0.02,0.4180068682380974,60.0,0.41158450086152515,0.4615845008615252
0.1,0.025,0.4431530756611679,60.0,0.44819851836977415,0.4981985183697742
0.1,0.03,0.4728376353335293,60.0,0.48481253587802314,0.5348125358780232
0.15,0.005,0.2619413847470988,60.0,0.28343697825644876,0.33343697825644875
0.15,0.01,0.32106093529351937,60.0,0.32064545474808814,0.37064545474808813
0.15,0.015,0.36209421528002195,60.0,0.3578539312397275,0.4078539312397275
0.15,0.02,0.40388982383440003,60.0,0.3950624077313669,0.44506240773136696
0.15,0.025,0.4232129852285943,60.0,0.4322708842230063,0.48227088422300635
0.15,0.03,0.4679629961835887,60.0,0.4694793607146457,0.5194793607146457
0.2,0.005,0.24775544900557323,60.0,0.2651315081761193,0.3151315081761193
0.2,0.01,0.30853490269757755,60.0,0.3029344436511491,0.35293444365114907
0.2,0.015,0.35150555957106794,60.0,0.34073737912617885,0.3907373791261789
0.2,0.02,0.3952836356588015,60.0,0.3785403146012086,0.42854031460120867
0.2,0.025,0.40361041097010086,60.0,0.4163432500762384,0.46634325007623845
0.2,0.03,0.44869610841682495,60.0,0.4541461855512682,0.5041461855512682
0.25,0.005,0.23937558440178935,60.0,0.24682603809578985,0.29682603809578983
0.25,0.01,0.29310146860474406,60.0,0.28522343255421,0.33522343255421005
0.25,0.015,0.3373924042072774,60.0,0.3236208270126302,0.3736208270126302
0.25,0.02,0.3739503309954162,60.0,0.36201822147105034,0.4120182214710504
0.25,0.025,0.4085335969202898,60.0,0.40041561592947056,0.4504156159294706
0.25,0.03,0.4233957583288414,60.0,0.4388130103878907,0.48881301038789077
0.01,0.005,0.34471870603558485,62.5,0.34572839310779513,0.3957283931077951
0.01,0.01,0.3786328615414574,62.5,0.3815005397034401,0.4315005397034401
0.01,0.015,0.44264263908372997,62.5,0.417272686299085,0.46727268629908497
0.01,0.02,0.455372357183574,62.5,0.4530448328947299,0.50304483289473
0.01,0.025,0.5100310037429765,62.5,0.4888169794903749,0.5388169794903749
0.01,0.03,0.5177169043666352,62.5,0.5245891260860197,0.5745891260860198
0.05,0.005,0.3159760379626031,62.5,0.3294792886833911,0.3794792886833911
0.05,0.01,0.3728425840003014,62.5,0.36571451996895543,0.4157145199689554
0.05,0.015,0.4059600426673089,62.5,0.4019497512545197,0.4519497512545197
0.05,0.02,0.45516053063253287,62.5,0.438184982540084,0.488184982540084
0.05,0.025,0.4716832670887999,62.5,0.47442021382564836,0.5244202138256483
0.05,0.03,0.49264515557952826,62.5,0.5106554451112125,0.5606554451112126
0.1,0.005,0.29043171478353175,62.5,0.30916790815288614,0.35916790815288613
0.1,0.01,0.3480415917446027,62.5,0.34598199530084967,0.39598199530084965
0.1,0.015,0.37941762008933944,62.5,0.38279608244881314,0.4327960824488131
0.1,0.02,0.4239017806918515,62.5,0.4196101695967766,0.46961016959677665
0.1,0.025,0.4490992928225496,62.5,0.45642425674474013,0.5064242567447401
0.1,0.03,0.47426523098733864,62.5,0.49323834389270355,0.5432383438927036
0.15,0.005,0.2653324932772965,62.5,0.2888565276223811,0.3388565276223811
0.15,0.01,0.33073953697875547,62.5,0.32624947063274384,0.37624947063274383
0.15,0.015,0.3705972032038326,62.5,0.3636424136431065,0.4136424136431065
0.15,0.02,0.4079966442354266,62.5,0.4010353566534692,0.4510353566534692
0.15,0.025,0.4311888154898722,62.5,0.4384282996638319,0.48842829966383183
0.15,0.03,0.47081709365373964,62.5,0.47582124267419457,0.5258212426741946
0.2,0.005,0.25001172116887893,62.5,0.2685451470918761,0.3185451470918761
0.2,0.01,0.3129353227786631,62.5,0.3065169459646381,0.356516945964638
0.2,0.015,0.35814422209101454,62.5,0.34448874483739994,0.39448874483739993
0.2,0.02,0.4019259193185451,62.5,0.3824605437101618,0.43246054371016185
0.2,0.025,0.40754174087669415,62.5,0.4204323425829237,0.47043234258292366
0.2,0.03,0.4525657073860274,62.5,0.45840414145568553,0.5084041414556856
0.25,0.005,0.24019768353966342,62.5,0.2482337665613711,0.2982337665613711
0.25,0.01,0.29575968388661716,62.5,0.28678442129653225,0.33678442129653224
0.25,0.015,0.34258105980982856,62.5,0.3253350760316933,0.3753350760316933
0.25,0.02,0.37468330488957274,62.5,0.3638857307668544,0.4138857307668544
0.25,0.025,0.41010103892622257,62.5,0.40243638550201555,0.4524363855020155
0.25,0.03,0.42946059951517696,62.5,0.44098704023717655,0.4909870402371766
0.01,0.005,0.3736609339907324,65.0,0.37126597492860325,0.42126597492860324
0.01,0.01,0.4254973903998107,65.0,0.40369392333555815,0.4536939233355581
0.01,0.015,0.4573192069048578,65.0,0.436121871742513,0.486121871742513
0.01,0.02,0.4760786581746026,65.0,0.46854982014946783,0.5185498201494677
0.01,0.025,0.5175948260496958,65.0,0.5009777685564227,0.5509777685564227
0.01,0.03,0.5276911248697914,65.0,0.5334057169633775,0.5834057169633775
0.05,0.005,0.33417693977945767,65.0,0.3498447267153541,0.3998447267153541
0.05,0.01,0.38016194873353887,65.0,0.38384259096648476,0.4338425909664847
0.05,0.015,0.4155953515972899,65.0,0.4178404552176153,0.4678404552176153
0.05,0.02,0.46670646034017066,65.0,0.45183831946874586,0.5018383194687458
0.05,0.025,0.4820770976343365,65.0,0.48583618371987647,0.5358361837198764
0.05,0.03,0.5035798481654908,65.0,0.519834047971007,0.569834047971007
0.1,0.005,0.29900320803342645,65.0,0.3230681664487927,0.3730681664487927
0.1,0.01,0.355548777928487,65.0,0.35902842550514297,0.4090284255051429
0.1,0.015,0.3906848431638231,65.0,0.39498868456149316,0.4449886845614932
0.1,0.02,0.4325685273215638,65.0,0.4309489436178434,0.48094894361784335
0.1,0.025,0.4712769999022723,65.0,0.46690920267419367,0.5169092026741936
0.1,0.03,0.48926429141667066,65.0,0.5028694617305438,0.5528694617305439
0.15,0.005,0.2658049949374175,65.0,0.29629160618223127,0.3462916061822313
0.15,0.01,0.33882519573280995,65.0,0.3342142600438012,0.38421426004380116
0.15,0.015,0.380639279297935,65.0,0.37213691390537107,0.4221369139053711
0.15,0.02,0.41370147032785326,65.0,0.41005956776694097,0.4600595677669409
0.15,0.025,0.43849076531542214,65.0,0.44798222162851087,0.4979822216285108
0.15,0.03,0.47281982344074985,65.0,0.4859048754900807,0.5359048754900807
0.2,0.005,0.25024627991240544,65.0,0.2695150459156699,0.31951504591566987
0.2,0.01,0.31736583615727715,65.0,0.30940009458245943,0.35940009458245936
0.2,0.015,0.3661376049249787,65.0,0.349285143249249,0.39928514324924896
0.2,0.02,0.40631062914832894,65.0,0.3891701919160385,0.43917019191603845
0.2,0.025,0.41061395038235077,65.0,0.42905524058282807,0.479055240582828
0.2,0.03,0.4562910478254755,65.0,0.46894028924961756,0.5189402892496175
0.25,0.005,0.2408803093737998,65.0,0.24273848564910847,0.2927384856491084
0.25,0.01,0.29760742791768374,65.0,0.2845859291211177,0.3345859291211176
0.25,0.015,0.3486997511951832,65.0,0.3264333725931269,0.37643337259312687
0.25,0.02,0.37576170388637536,65.0,0.3682808160651361,0.418280816065136
0.25,0.025,0.41325815534378707,65.0,0.41012825953714527,0.4601282595371452
0.25,0.03,0.4550216412347716,65.0,0.45197570300915446,0.5019757030091545
0.01,0.005,0.3785200909835288,67.5,0.3815761440591215,0.4315761440591215
0.01,0.01,0.442792785313097,67.5,0.4143529443357376,0.4643529443357376
0.01,0.015,0.46603279232548495,67.5,0.4471297446123537,0.49712974461235365
0.01,0.02,0.4955677171060691,67.5,0.4799065448889699,0.5299065448889699
0.01,0.025,0.520880414294882,67.5,0.512683345165586,0.5626833451655859
0.01,0.03,0.5324425507600922,67.5,0.5454601454422021,0.5954601454422022
0.05,0.005,0.3409825089679942,67.5,0.3586078733468752,0.4086078733468752
0.05,0.01,0.3927970529774706,67.5,0.39321840945164577,0.44321840945164576
0.05,0.015,0.42141937724825873,67.5,0.4278289455564163,0.47782894555641625
0.05,0.02,0.47199837200271105,67.5,0.46243948166118687,0.5124394816611869
0.05,0.025,0.4860507855192156,67.5,0.4970500177659574,0.5470500177659573
0.05,0.03,0.5136263755057752,67.5,0.531660553870728,0.581660553870728
0.1,0.005,0.30360491020280433,67.5,0.3298975349565674,0.3798975349565673
0.1,0.01,0.36511375360350584,67.5,0.3668002408465309,0.4168002408465309
0.1,0.015,0.4083676577805744,67.5,0.4037029467364945,0.4537029467364944
0.1,0.02,0.46153427478840864,67.5,0.44060565262645807,0.4906056526264581
0.1,0.025,0.48074979641195936,67.5,0.47750835851642165,0.5275083585164216
0.1,0.03,0.5199601981298058,67.5,0.5144110644063853,0.5644110644063853
0.15,0.005,0.26654577333346813,67.5,0.3011871965662595,0.3511871965662595
0.15,0.01,0.341268692076651,67.5,0.34038207224141614,0.3903820722414161
0.15,0.015,0.3871797232402444,67.5,0.3795769479165727,0.42957694791657264
0.15,0.02,0.41709320001785444,67.5,0.4187718235917293,0.46877182359172936
0.15,0.025,0.45130110139341134,67.5,0.45796669926688593,0.5079666992668859
0.15,0.03,0.48181273256829243,67.5,0.49716157494204255,0.5471615749420426
0.2,0.005,0.2569192191087941,67.5,0.27247685817595163,0.3224768581759516
0.2,0.01,0.3224947313224351,67.5,0.3139639036363013,0.36396390363630127
0.2,0.015,0.3711435623498776,67.5,0.3554509490966509,0.40545094909665086
0.2,0.02,0.4082437896873767,67.5,0.3969379945570005,0.44693799455700056
0.2,0.025,0.432592450494464,67.5,0.43842504001735016,0.4884250400173501
0.2,0.03,0.4573602060888212,67.5,0.4799120854776998,0.5299120854776999
0.25,0.005,0.2427655574045966,67.5,0.2437665197856438,0.2937665197856438
0.25,0.01,0.3000856298411874,67.5,0.28754573503118647,0.33754573503118646
0.25,0.015,0.3516385793760003,67.5,0.33132495027672915,0.3813249502767291
0.25,0.02,0.38341920873617474,67.5,0.37510416552227177,0.4251041655222718
0.25,0.025,0.41817184610850405,67.5,0.4188833807678145,0.46888338076781444
0.25,0.03,0.4638630240587085,67.5,0.46266259601335713,0.5126625960133572
0.01,0.005,0.3839040849816718,70.0,0.3911710785137067,0.4411710785137067
0.01,0.01,0.45023899685751656,70.0,0.42314177874003883,0.4731417787400389
0.01,0.015,0.4711567762684115,70.0,0.4551124789663711,0.505112478966371
0.01,0.02,0.5113387547267547,70.0,0.4870831791927033,0.5370831791927032
0.01,0.025,0.5276712225149575,70.0,0.5190538794190355,0.5690538794190354
0.01,0.03,0.5341577334759048,70.0,0.5510245796453677,0.6010245796453676
0.05,0.005,0.3448298804957083,70.0,0.3675141116424197,0.4175141116424197
0.05,0.01,0.40501169721008223,70.0,0.40155387681943583,0.4515538768194359
0.05,0.015,0.4348148281444239,70.0,0.435593641996452,0.485593641996452
0.05,0.02,0.4750201173522432,70.0,0.46963340717346813,0.5196334071734681
0.05,0.025,0.49339367582924076,70.0,0.5036731723504843,0.5536731723504842
0.05,0.03,0.5153332920543583,70.0,0.5377129375275004,0.5877129375275003
0.1,0.005,0.3060210301343989,70.0,0.337942903053311,0.387942903053311
0.1,0.01,0.3828521940773728,70.0,0.37456899941868205,0.4245689994186821
0.1,0.015,0.4221603105353501,70.0,0.4111950957840531,0.4611950957840531
0.1,0.02,0.46628412366560695,70.0,0.4478211921494242,0.49782119214942416
0.1,0.025,0.4892651248698357,70.0,0.4844472885147953,0.5344472885147952
0.1,0.03,0.5214272573197192,70.0,0.5210733848801663,0.5710733848801662
0.15,0.005,0.27185875859954317,70.0,0.30837169446420226,0.35837169446420225
0.15,0.01,0.3465613440484019,70.0,0.3475841220179282,0.39758412201792825
0.15,0.015,0.4002467424613741,70.0,0.38679654957165427,0.43679654957165426
0.15,0.02,0.43909272685810913,70.0,0.4260089771253802,0.47600897712538026
0.15,0.025,0.4690751395127023,70.0,0.4652214046791063,0.5152214046791062
0.15,0.03,0.48435500886594324,70.0,0.5044338322328322,0.5544338322328322
0.2,0.005,0.25931147779694447,70.0,0.27880048587509354,0.32880048587509353
0.2,0.01,0.3231912307557468,70.0,0.32059924461717443,0.3705992446171745
0.2,0.015,0.3723605438576806,70.0,0.3623980033592554,0.4123980033592554
0.2,0.02,0.40875474383536387,70.0,0.4041967621013363,0.4541967621013363
0.2,0.025,0.4367648864779674,70.0,0.4459955208434173,0.49599552084341725
0.2,0.03,0.46105537556701265,70.0,0.4877942795854982,0.5377942795854982
0.25,0.005,0.2542021610597887,70.0,0.24922927728598482,0.2992292772859848
0.25,0.01,0.30392482037292257,70.0,0.29361436721642065,0.3436143672164207
0.25,0.015,0.35593893822643435,70.0,0.33799945714685653,0.3879994571468565
0.25,0.02,0.3903211202890152,70.0,0.3823845470772924,0.43238454707729235
0.25,0.025,0.4405142826516487,70.0,0.4267696370077283,0.47676963700772823
0.25,0.03,0.46625947318258215,70.0,0.4711547269381641,0.521154726938164
0.01,0.005,0.4020603387513254,72.5,0.40296972529007996,0.45296972529007995
0.01,0.01,0.45448386816482217,72.5,0.4338369582652462,0.4838369582652462
0.01,0.015,0.4899953011673624,72.5,0.46470419124041246,0.5147041912404123
0.01,0.02,0.5155983890296691,72.5,0.4955714242155787,0.5455714242155787
0.01,0.025,0.5389232655666628,72.5,0.5264386571907449,0.5764386571907449
0.01,0.03,0.5354135100014147,72.5,0.5573058901659111,0.6073058901659111
0.05,0.005,0.3544130557902034,72.5,0.3781068150173381,0.4281068150173381
0.05,0.01,0.41413985551509547,72.5,0.4114238047617197,0.4614238047617197
0.05,0.015,0.4476968938554827,72.5,0.4447407945061012,0.49474079450610114
0.05,0.02,0.47547503060748897,72.5,0.47805778425048284,0.5280577842504828
0.05,0.025,0.4969276295366036,72.5,0.5113747739948643,0.5613747739948644
0.05,0.03,0.5265288456370046,72.5,0.5446917637392459,0.5946917637392458
0.1,0.005,0.30960874543816996,72.5,0.3470281771764108,0.3970281771764108
0.1,0.01,0.38787930294712,72.5,0.3834073628823116,0.4334073628823116
0.1,0.015,0.4360287608862984,72.5,0.41978654858821224,0.46978654858821217
0.1,0.02,0.47846447915953605,72.5,0.45616573429411295,0.5061657342941128
0.1,0.025,0.5153511382263581,72.5,0.49254492000001354,0.5425449200000136
0.1,0.03,0.5231794016812978,72.5,0.5289241057059143,0.5789241057059142
0.15,0.005,0.27835067903441035,72.5,0.31594953933548353,0.3659495393354836
0.15,0.01,0.3509582638517512,72.5,0.3553909210029034,0.4053909210029034
0.15,0.015,0.4135751356372123,72.5,0.3948323026703232,0.44483230267032314
0.15,0.02,0.44627324887354064,72.5,0.43427368433774305,0.484273684337743
0.15,0.025,0.4751572383364095,72.5,0.4737150660051628,0.5237150660051628
0.15,0.03,0.49203654079957126,72.5,0.5131564476725826,0.5631564476725825
0.2,0.005,0.2648167445695911,72.5,0.2848709014945563,0.3348709014945563
0.2,0.01,0.32525475507932555,72.5,0.32737447912349527,0.37737447912349525
0.2,0.015,0.37634345224841836,72.5,0.36987805675243424,0.41987805675243417
0.2,0.02,0.41011044729512014,72.5,0.4123816343813732,0.46238163438137314
0.2,0.025,0.43855192961442907,72.5,0.45488521201031207,0.5048852120103121
0.2,0.03,0.4714186495094521,72.5,0.4973887896392511,0.547388789639251
0.25,0.005,0.2581525345013103,72.5,0.253792263653629,0.303792263653629
0.25,0.01,0.31734984109930536,72.5,0.29935803724408716,0.3493580372440871
0.25,0.015,0.3601307973490925,72.5,0.3449238108345452,0.39492381083454514
0.25,0.02,0.4156073659508139,72.5,0.3904895844250033,0.44048958442500324
0.25,0.025,0.44568997215863443,72.5,0.43605535801546136,0.4860553580154614
0.25,0.03,0.47547124361866067,72.5,0.48162113160591946,0.5316211316059194
0.01,0.005,0.41896931218517885,75.0,0.41821273984821866,0.46821273984821865
0.01,0.01,0.46387242772646187,75.0,0.4478291541183232,0.4978291541183232
0.01,0.015,0.5290222904383081,75.0,0.47744556838842767,0.5274455683884277
0.01,0.02,0.5270745729591759,75.0,0.5070619826585322,0.5570619826585322
0.01,0.025,0.5466750815545571,75.0,0.5366783969286367,0.5866783969286368
0.01,0.03,0.5379215787963445,75.0,0.5662948111987411,0.6162948111987412
0.05,0.005,0.368260848213966,75.0,0.3914900783261302,0.4414900783261302
0.05,0.01,0.4238428947777803,75.0,0.4238207826623223,0.4738207826623223
0.05,0.015,0.4551237904370635,75.0,0.45615148699851443,0.5061514869985144
0.05,0.02,0.48752981032354775,75.0,0.48848219133470655,0.5384821913347067
0.05,0.025,0.503945232716712,75.0,0.5208128956708987,0.5708128956708988
0.05,0.03,0.5387700740025011,75.0,0.5531436000070908,0.6031436000070909
0.1,0.005,0.3144369234800472,75.0,0.3580867514235196,0.4080867514235196
0.1,0.01,0.3960318489136363,75.0,0.3938103183423213,0.44381031834232126
0.1,0.015,0.4444763723875603,75.0,0.4295338852611229,0.47953388526112295
0.1,0.02,0.4849600021744597,75.0,0.46525745217992454,0.5152574521799246
0.1,0.025,0.5262281122309214,75.0,0.5009810190987262,0.5509810190987262
0.1,0.03,0.5354001412465854,75.0,0.5367045860175279,0.586704586017528
0.15,0.005,0.2871326192547935,75.0,0.32468342452090904,0.37468342452090897
0.15,0.01,0.3529454063163552,75.0,0.3637998540223202,0.4137998540223202
0.15,0.015,0.41955366984110837,75.0,0.4029162835237313,0.45291628352373137
0.15,0.02,0.45687211007449524,75.0,0.4420327130251425,0.49203271302514257
0.15,0.025,0.4773237036957283,75.0,0.4811491425265537,0.5311491425265538
0.15,0.03,0.4963405188053239,75.0,0.5202655720279649,0.5702655720279649
0.2,0.005,0.26892047720703743,75.0,0.29128009761829843,0.34128009761829836
0.2,0.01,0.32804249104742583,75.0,0.33378938970231914,0.38378938970231913
0.2,0.015,0.3845189426767273,75.0,0.3762986817863398,0.42629868178633984
0.2,0.02,0.41114346903822885,75.0,0.4188079738703605,0.46880797387036055
0.2,0.025,0.4398884113539644,75.0,0.4613172659543812,0.5113172659543813
0.2,0.03,0.48033894225460483,75.0,0.5038265580384019,0.553826558038402
0.25,0.005,0.2621398039484349,75.0,0.2578767707156878,0.3078767707156878
0.25,0.01,0.3369221276546077,75.0,0.3037789253823181,0.35377892538231803
0.25,0.015,0.3658421115215693,75.0,0.34968108004894827,0.3996810800489483
0.25,0.02,0.42549855601882286,75.0,0.3955832347155785,0.44558323471557854
0.25,0.025,0.4466613505059456,75.0,0.4414853893822087,0.49148538938220876
0.25,0.03,0.4851315755940056,75.0,0.487387544048839,0.537387544048839
0.01,0.005,0.42851487951267253,77.5,0.4338859677246728,0.4838859677246728
0.01,0.01,0.4870654247521444,77.5,0.46319384126526914,0.5131938412652691
0.01,0.015,0.5445417509619405,77.5,0.4925017148058654,0.5425017148058654
0.01,0.02,0.5332094590030191,77.5,0.5218095883464619,0.5718095883464618
0.01,0.025,0.5690997365121122,77.5,0.551117461887058,0.6011174618870581
0.01,0.03,0.550457039927167,77.5,0.5804253354276544,0.6304253354276544
0.05,0.005,0.38277706057369915,77.5,0.4059882747034038,0.4559882747034038
0.05,0.01,0.43262393978937447,77.5,0.4382026383140239,0.48820263831402383
0.05,0.015,0.47494000237116624,77.5,0.4704170019246439,0.5204170019246439
0.05,0.02,0.5137145720639957,77.5,0.502631365535264,0.5526313655352639
0.05,0.025,0.5192947832365051,77.5,0.534845729145884,0.5848457291458841
0.05,0.03,0.542107267509592,77.5,0.567060092756504,0.6170600927565041
0.1,0.005,0.3277576912195697,77.5,0.37111615842681756,0.4211161584268175
0.1,0.01,0.400742328165314,77.5,0.4069636346249673,0.45696363462496725
0.1,0.015,0.4665126427386428,77.5,0.44281111082311697,0.492811110823117
0.1,0.02,0.5024668219858079,77.5,0.47865858702126685,0.5286585870212668
0.1,0.025,0.5340924755764216,77.5,0.5145060632194165,0.5645060632194165
0.1,0.03,0.5661639744322489,77.5,0.5503535394175663,0.6003535394175663
0.15,0.005,0.3008549211277958,77.5,0.3362440421502313,0.3862440421502312
0.15,0.01,0.37351897408666196,77.5,0.3757246309359107,0.4257246309359106
0.15,0.015,0.42591525244238376,77.5,0.4152052197215901,0.4652052197215901
0.15,0.02,0.47295751494684646,77.5,0.4546858085072696,0.5046858085072695
0.15,0.025,0.48104759771603295,77.5,0.494166397292949,0.544166397292949
0.15,0.03,0.5008174790662763,77.5,0.5336469860786284,0.5836469860786284
0.2,0.005,0.27654493641650346,77.5,0.301371925873645,0.35137192587364496
0.2,0.01,0.3336986237752912,77.5,0.3444856272468541,0.39448562724685404
0.2,0.015,0.38780939897535643,77.5,0.3875993286200632,0.4375993286200632
0.2,0.02,0.4137815858545523,77.5,0.4307130299932724,0.4807130299932723
0.2,0.025,0.4430667653928725,77.5,0.47382673136648146,0.5238267313664815
0.2,0.03,0.48814681179564273,77.5,0.5169404327396906,0.5669404327396906
0.25,0.005,0.2819559092079716,77.5,0.2664998095970587,0.3164998095970587
0.25,0.01,0.3428511688501145,77.5,0.31324662355779753,0.36324662355779747
0.25,0.015,0.3714284985664912,77.5,0.3599934375185363,0.4099934375185363
0.25,0.02,0.4409662047940571,77.5,0.40674025147927517,0.4567402514792751
0.25,0.025,0.4725438846522065,77.5,0.4534870654400139,0.503487065440014
0.25,0.03,0.5073119548914287,77.5,0.5002338794007527,0.5502338794007527
0.01,0.005,0.4372232509507277,80.0,0.4396437194065531,0.48964371940655305
0.01,0.01,0.4925173034411628,80.0,0.47069554611493125,0.5206955461149312
0.01,0.015,0.5495906663788251,80.0,0.5017473728233095,0.5517473728233094
0.01,0.02,0.5378912287762537,80.0,0.5327991995316876,0.5827991995316877
0.01,0.025,0.5773202924773274,80.0,0.5638510262400658,0.6138510262400658
0.01,0.03,0.5808645324870784,80.0,0.5949028529484439,0.644902852948444
0.05,0.005,0.3960915147422694,80.0,0.4134717752858612,0.46347177528586114
0.05,0.01,0.45777095514162985,80.0,0.4471673805553003,0.4971673805553003
0.05,0.015,0.5010783385730683,80.0,0.4808629858247395,0.5308629858247395
0.05,0.02,0.5207519975647302,80.0,0.5145585910941787,0.5645585910941787
0.05,0.025,0.5433094146274277,80.0,0.5482541963636178,0.5982541963636179
0.05,0.03,0.5460901424030649,80.0,0.581949801633057,0.631949801633057
0.1,0.005,0.3343193932273115,80.0,0.3807568451349963,0.4307568451349963
0.1,0.01,0.4153082269524729,80.0,0.4177571736057617,0.46775717360576163
0.1,0.015,0.469672655191284,80.0,0.4547575020765271,0.504757502076527
0.1,0.02,0.506331965473369,80.0,0.4917578305472925,0.5417578305472925
0.1,0.025,0.5442141519605103,80.0,0.5287581590180579,0.5787581590180579
0.1,0.03,0.5755897015716382,80.0,0.5657584874888233,0.6157584874888233
0.15,0.005,0.30380571767085174,80.0,0.34804191498413145,0.39804191498413144
0.15,0.01,0.38018811805479785,80.0,0.38834696665622304,0.438346966656223
0.15,0.015,0.42924911351293205,80.0,0.4286520183283147,0.4786520183283146
0.15,0.02,0.47753170096061787,80.0,0.4689570700004063,0.5189570700004064
0.15,0.025,0.4824293465801873,80.0,0.509262121672498,0.559262121672498
0.15,0.03,0.5303339911789914,80.0,0.5495671733445895,0.5995671733445895
0.2,0.005,0.28121783594964367,80.0,0.31532698483326654,0.36532698483326653
0.2,0.01,0.3403824254196374,80.0,0.35893675970668437,0.40893675970668436
0.2,0.015,0.4024591237880708,80.0,0.40254653458010226,0.4525465345801022
0.2,0.02,0.44059501651506094,80.0,0.44615630945352014,0.4961563094535202
0.2,0.025,0.46946094944563266,80.0,0.48976608432693797,0.5397660843269381
0.2,0.03,0.5131066405986201,80.0,0.5333758592003558,0.5833758592003558
0.25,0.005,0.3062552232670869,80.0,0.2826120546824017,0.3326120546824016
0.25,0.01,0.3625532752559492,80.0,0.3295265527571457,0.37952655275714575
0.25,0.015,0.41026903827138766,80.0,0.3764410508318899,0.4264410508318898
0.25,0.02,0.45345955523017023,80.0,0.42335554890663396,0.473355548906634
0.25,0.025,0.4830813289046328,80.0,0.47027004698137803,0.5202700469813781
0.25,0.03,0.515461909451385,80.0,0.5171845450561221,0.5671845450561221
0.01,0.005,0.44780265327841184,82.5,0.4479513245149126,0.4979513245149126
0.01,0.01,0.4976778065067657,82.5,0.4797200423562229,0.5297200423562229
0.01,0.015,0.5518316501925188,82.5,0.5114887601975332,0.5614887601975332
0.01,0.02,0.5566610637776804,82.5,0.5432574780388435,0.5932574780388435
0.01,0.025,0.5849269490611483,82.5,0.5750261958801539,0.625026195880154
0.01,0.03,0.5978970090253086,82.5,0.6067949137214642,0.6567949137214643
0.05,0.005,0.4008512281340529,82.5,0.42157820661269985,0.47157820661269984
0.05,0.01,0.47692714054275115,82.5,0.45662768814576166,0.5066276881457616
0.05,0.015,0.5108358172775,82.5,0.4916771696788234,0.5416771696788235
0.05,0.02,0.5437077228493513,82.5,0.5267266512118852,0.5767266512118853
0.05,0.025,0.5764903091517434,82.5,0.5617761327449471,0.6117761327449471
0.05,0.03,0.5683887165183392,82.5,0.5968256142780088,0.6468256142780089
0.1,0.005,0.3425065826838439,82.5,0.38861180923493394,0.4386118092349339
0.1,0.01,0.42195942004514125,82.5,0.4277622453826851,0.4777622453826851
0.1,0.015,0.47211085820000986,82.5,0.4669126815304362,0.5169126815304362
0.1,0.02,0.517025999288099,82.5,0.5060631176781873,0.5560631176781874
0.1,0.025,0.5498111834781731,82.5,0.5452135538259385,0.5952135538259385
0.1,0.03,0.5773014137340747,82.5,0.5843639899736897,0.6343639899736897
0.15,0.005,0.31461483262335205,82.5,0.355645411857168,0.405645411857168
0.15,0.01,0.394384771795873,82.5,0.3988968026196086,0.4488968026196085
0.15,0.015,0.4384253743219768,82.5,0.442148193382049,0.49214819338204907
0.15,0.02,0.47926628708822616,82.5,0.4853995841444895,0.5353995841444896
0.15,0.025,0.4949737573522899,82.5,0.52865097490693,0.5786509749069301
0.15,0.03,0.5377943330898585,82.5,0.5719023656693706,0.6219023656693706
0.2,0.005,0.2878061151126312,82.5,0.3226790144794021,0.3726790144794021
0.2,0.01,0.3677580050868938,82.5,0.370031359856532,0.42003135985653195
0.2,0.015,0.4177275325453257,82.5,0.4173837052336618,0.46738370523366185
0.2,0.02,0.4501074474309179,82.5,0.46473605061079165,0.5147360506107918
0.2,0.025,0.4860398116286725,82.5,0.5120883959879216,0.5620883959879216
0.2,0.03,0.5616858394911475,82.5,0.5594407413650514,0.6094407413650514
0.25,0.005,0.31133286799489635,82.5,0.2897126171016362,0.3397126171016362
0.25,0.01,0.37967935994028384,82.5,0.34116591709345545,0.3911659170934554
0.25,0.015,0.4223520087237537,82.5,0.3926192170852746,0.44261921708527463
0.25,0.02,0.4656230975227423,82.5,0.44407251707709383,0.4940725170770939
0.25,0.025,0.518196804905438,82.5,0.495525817068913,0.5455258170689131
0.25,0.03,0.5549736072080095,82.5,0.5469791170607322,0.5969791170607323
0.01,0.005,0.4735541353973371,85.0,0.45995599990150604,0.5099559999015061
0.01,0.01,0.501630713811399,85.0,0.491252866358476,0.5412528663584759
0.01,0.015,0.5536368389188219,85.0,0.5225497328154459,0.572549732815446
0.01,0.02,0.5686561253611088,85.0,0.5538465992724159,0.6038465992724158
0.01,0.025,0.6024232056936227,85.0,0.5851434657293858,0.6351434657293858
0.01,0.03,0.6180615745923197,85.0,0.6164403321863557,0.6664403321863558
0.05,0.005,0.41218453875700733,85.0,0.4335531771051588,0.48355317710515877
0.05,0.01,0.4927787729759996,85.0,0.46895173282040425,0.5189517328204042
0.05,0.015,0.5383540643840332,85.0,0.5043502885356497,0.5543502885356497
0.05,0.02,0.5724368704534405,85.0,0.5397488442508952,0.5897488442508951
0.05,0.025,0.5922442653675847,85.0,0.5751473999661406,0.6251473999661407
0.05,0.03,0.5807663134044186,85.0,0.610545955681386,0.6605459556813861
0.1,0.005,0.34762190878350346,85.0,0.4005496486097247,0.4505496486097247
0.1,0.01,0.4333847568598733,85.0,0.44107531589781457,0.4910753158978145
0.1,0.015,0.4803613645655406,85.0,0.48160098318590444,0.5316009831859044
0.1,0.02,0.5357739590876182,85.0,0.5221266504739943,0.5721266504739942
0.1,0.025,0.5574930605326274,85.0,0.5626523177620842,0.6126523177620843
0.1,0.03,0.5819846002399254,85.0,0.6031779850501741,0.6531779850501741
0.15,0.005,0.31721924932504686,85.0,0.3675461201142906,0.4175461201142906
0.15,0.01,0.3956215780343283,85.0,0.4131988989752249,0.4631988989752248
0.15,0.015,0.4418429054808152,85.0,0.45885167783615916,0.5088516778361591
0.15,0.02,0.48207198592590267,85.0,0.5045044566970935,0.5545044566970935
0.15,0.025,0.5221588313939677,85.0,0.5501572355580278,0.6001572355580278
0.15,0.03,0.545141661574424,85.0,0.595810014418962,0.645810014418962
0.2,0.005,0.3118097228499371,85.0,0.3345425916188565,0.3845425916188565
0.2,0.01,0.39545216553023166,85.0,0.3853224820526352,0.43532248205263513
0.2,0.015,0.4227118903698396,85.0,0.43610237248641387,0.4861023724864139
0.2,0.02,0.46842222461572136,85.0,0.48688226292019265,0.5368822629201926
0.2,0.025,0.5203438705521896,85.0,0.5376621533539713,0.5876621533539713
0.2,0.03,0.5939451927799475,85.0,0.58844204378775,0.63844204378775
0.25,0.005,0.3292762641166696,85.0,0.30153906312342244,0.3515390631234224
0.25,0.01,0.3935321821098892,85.0,0.35744606513004556,0.4074460651300455
0.25,0.015,0.4466570397758099,85.0,0.41335306713666864,0.4633530671366687
0.25,0.02,0.49045830234417453,85.0,0.46926006914329177,0.5192600691432917
0.25,0.025,0.5675899692923105,85.0,0.5251670711499148,0.5751670711499148
0.25,0.03,0.5919289090049851,85.0,0.5810740731565379,0.631074073156538
0.01,0.005,0.5003294464790382,87.5,0.4734276055143613,0.5234276055143613
0.01,0.01,0.5193524961130703,87.5,0.5035297479413949,0.553529747941395
0.01,0.015,0.5659318451969083,87.5,0.5336318903684284,0.5836318903684284
0.01,0.02,0.5796642022848522,87.5,0.5637340327954621,0.6137340327954621
0.01,0.025,0.6161210784331274,87.5,0.5938361752224957,0.6438361752224957
0.01,0.03,0.630265577289131,87.5,0.6239383176495293,0.6739383176495294
0.05,0.005,0.42053555382649394,87.5,0.4470860417600212,0.49708604176002114
0.05,0.01,0.502194335760916,87.5,0.4823368414955642,0.5323368414955643
0.05,0.015,0.5520856383941475,87.5,0.5175876412311072,0.5675876412311073
0.05,0.02,0.5775520134670415,87.5,0.5528384409666502,0.6028384409666503
0.05,0.025,0.6014619862414995,87.5,0.5880892407021933,0.6380892407021933
0.05,0.03,0.6033034239498225,87.5,0.6233400404377364,0.6733400404377364
0.1,0.005,0.36102673959787346,87.5,0.41415908706709603,0.464159087067096
0.1,0.01,0.44186652492812584,87.5,0.4558457084382759,0.5058457084382759
0.1,0.015,0.49250699175747187,87.5,0.4975323298094556,0.5475323298094557
0.1,0.02,0.5469775771509043,87.5,0.5392189511806355,0.5892189511806355
0.1,0.025,0.5732980203364588,87.5,0.5809055725518153,0.6309055725518153
0.1,0.03,0.5912700190743059,87.5,0.6225921939229951,0.6725921939229952
0.15,0.005,0.32443111529721097,87.5,0.3812321323741709,0.4312321323741709
0.15,0.01,0.40065353992963826,87.5,0.42935457538098754,0.4793545753809876
0.15,0.015,0.45114075008042825,87.5,0.4774770183878041,0.5274770183878041
0.15,0.02,0.4988287327896642,87.5,0.5255994613946208,0.5755994613946208
0.15,0.025,0.5664880160373766,87.5,0.5737219044014373,0.6237219044014374
0.15,0.03,0.5603902759745375,87.5,0.621844347408254,0.671844347408254
0.2,0.005,0.32422805072499244,87.5,0.34830517768124575,0.39830517768124574
0.2,0.01,0.41023899312214984,87.5,0.40286344232369914,0.4528634423236992
0.2,0.015,0.47851421815655126,87.5,0.4574217069661525,0.5074217069661525
0.2,0.02,0.4987550928125267,87.5,0.511979971608606,0.561979971608606
0.2,0.025,0.5576718669048547,87.5,0.5665382362510594,0.6165382362510594
0.2,0.03,0.605974916407434,87.5,0.6210965008935128,0.6710965008935128
0.25,0.005,0.34723950019330857,87.5,0.31537822298832063,0.36537822298832057
0.25,0.01,0.4102092937045739,87.5,0.3763723092664108,0.42637230926641084
0.25,0.015,0.4795588446250716,87.5,0.43736639554450096,0.487366395544501
0.25,0.02,0.5141955301797556,87.5,0.4983604818225912,0.5483604818225912
0.25,0.025,0.574896265217522,87.5,0.5593545681006814,0.6093545681006814
0.25,0.03,0.6590864937892505,87.5,0.6203486543787716,0.6703486543787717
0.01,0.005,0.5316950764166274,90.0,0.48817803649508096,0.538178036495081
0.01,0.01,0.5365632313114863,90.0,0.516412989094331,0.566412989094331
0.01,0.015,0.6021233562498398,90.0,0.5446479416935809,0.5946479416935809
0.01,0.02,0.5830717767390449,90.0,0.5728828942928309,0.622882894292831
0.01,0.025,0.6290879816638812,90.0,0.6011178468920808,0.6511178468920809
0.01,0.03,0.6448798894449331,90.0,0.6293527994913307,0.6793527994913308
0.05,0.005,0.430909232937821,90.0,0.46339850327346427,0.5133985032734644
0.05,0.01,0.5149045088619869,90.0,0.498477141182983,0.548477141182983
0.05,0.015,0.573336364301646,90.0,0.5335557790925016,0.5835557790925017
0.05,0.02,0.5849162475421461,90.0,0.5686344170020203,0.6186344170020204
0.05,0.025,0.6136240739024397,90.0,0.603713054911539,0.6537130549115391
0.05,0.03,0.6251231349007914,90.0,0.6387916928210575,0.6887916928210576
0.1,0.005,0.3640219381650722,90.0,0.43242408674644345,0.4824240867464435
0.1,0.01,0.45992926994173056,90.0,0.476057331293798,0.5260573312937981
0.1,0.015,0.5057621862979929,90.0,0.5196905758411525,0.5696905758411526
0.1,0.02,0.5500113713471471,90.0,0.5633238203885071,0.6133238203885072
0.1,0.025,0.580465215687125,90.0,0.6069570649358617,0.6569570649358617
0.1,0.03,0.5927993807828359,90.0,0.6505903094832161,0.7005903094832161
0.15,0.005,0.33287469825163296,90.0,0.40144967021942257,0.4514496702194226
0.15,0.01,0.4173819818530605,90.0,0.453637521404613,0.503637521404613
0.15,0.015,0.4682878896148178,90.0,0.5058253725898034,0.5558253725898035
0.15,0.02,0.5684403036425678,90.0,0.5580132237749938,0.6080132237749939
0.15,0.025,0.5826749514923973,90.0,0.6102010749601843,0.6602010749601843
0.15,0.03,0.6525878755734594,90.0,0.6623889261453746,0.7123889261453746
0.2,0.005,0.3777634943141843,90.0,0.37047525369240175,0.4204752536924018
0.2,0.01,0.42943760912570855,90.0,0.43121771151542804,0.4812177115154281
0.2,0.015,0.49762874071040436,90.0,0.4919601693384543,0.5419601693384544
0.2,0.02,0.5261799850653701,90.0,0.5527026271614807,0.6027026271614807
0.2,0.025,0.587473720114037,90.0,0.613445084984507,0.663445084984507
0.2,0.03,0.6580523416915871,90.0,0.6741875428075331,0.7241875428075332
0.25,0.005,0.36487022520323825,90.0,0.3395008371653809,0.3895008371653809
0.25,0.01,0.4400196088457746,90.0,0.4087979016262431,0.4587979016262431
0.25,0.015,0.5180169411460995,90.0,0.4780949660871052,0.5280949660871053
0.25,0.02,0.6156310801561152,90.0,0.5473920305479675,0.5973920305479675
0.25,0.025,0.6659679113779976,90.0,0.6166890950088296,0.6666890950088297
0.25,0.03,0.6836578587581863,90.0,0.6859861594696917,0.7359861594696917
0.01,0.005,0.5623009022042206,92.5,0.5002129763939627,0.5502129763939627
0.01,0.01,0.5470630344638744,92.5,0.5281401273804901,0.5781401273804901
0.01,0.015,0.6306556397833936,92.5,0.5560672783670176,0.6060672783670177
0.01,0.02,0.6256611354182152,92.5,0.5839944293535451,0.6339944293535451
0.01,0.025,0.6494155970802711,92.5,0.6119215803400725,0.6619215803400725
0.01,0.03,0.6698168440034665,92.5,0.6398487313265999,0.6898487313266
0.05,0.005,0.44778645580461746,92.5,0.4790598835538225,0.5290598835538225
0.05,0.01,0.5275102920450877,92.5,0.5149106626265332,0.5649106626265332
0.05,0.015,0.579644833877557,92.5,0.550761441699244,0.6007614416992441
0.05,0.02,0.5992669396354711,92.5,0.5866122207719546,0.6366122207719547
0.05,0.025,0.6209613915037002,92.5,0.6224629998446655,0.6724629998446655
0.05,0.03,0.6383281436017014,92.5,0.6583137789173762,0.7083137789173762
0.1,0.005,0.37177998632387155,92.5,0.45261851750364723,0.5026185175036473
0.1,0.01,0.4676312427474525,92.5,0.498373831684087,0.548373831684087
0.1,0.015,0.5093264729543868,92.5,0.5441291458645269,0.5941291458645269
0.1,0.02,0.5570621850717753,92.5,0.5898844600449668,0.6398844600449668
0.1,0.025,0.5958991363780473,92.5,0.6356397742254066,0.6856397742254067
0.1,0.03,0.5948153299786184,92.5,0.6813950884058464,0.7313950884058464
0.15,0.005,0.3546616496392195,92.5,0.4261771514534719,0.47617715145347195
0.15,0.01,0.4304275601820499,92.5,0.4818370007416408,0.5318370007416409
0.15,0.015,0.5170108941081707,92.5,0.5374968500298098,0.5874968500298099
0.15,0.02,0.5705213342267736,92.5,0.5931566993179788,0.6431566993179788
0.15,0.025,0.6517108564480065,92.5,0.6488165486061478,0.6988165486061478
0.15,0.03,0.6743453726468138,92.5,0.7044763978943167,0.7544763978943168
0.2,0.005,0.38771982776844643,92.5,0.39973578540329663,0.4497357854032967
0.2,0.01,0.45246055105195265,92.5,0.46530016979919464,0.5153001697991947
0.2,0.015,0.5580952512863699,92.5,0.5308645541950928,0.5808645541950929
0.2,0.02,0.6231797816794096,92.5,0.5964289385909909,0.6464289385909909
0.2,0.025,0.6577739482247209,92.5,0.661993322986889,0.711993322986889
0.2,0.03,0.7295936535363974,92.5,0.727557707382787,0.7775577073827871
0.25,0.005,0.4037736622306891,92.5,0.37329441935312135,0.4232944193531214
0.25,0.01,0.5022966823724656,92.5,0.44876333885674846,0.4987633388567485
0.25,0.015,0.579301742156772,92.5,0.5242322583603758,0.5742322583603758
0.25,0.02,0.6422339886594378,92.5,0.5997011778640029,0.6497011778640029
0.25,0.025,0.7076229206435308,92.5,0.6751700973676301,0.7251700973676302
0.25,0.03,0.7423331236415497,92.5,0.7506390168712572,0.8006390168712573
0.01,0.005,0.5928518985685455,95.0,0.541482081370865,0.591482081370865
0.01,0.01,0.6294940642733351,95.0,0.564126784055738,0.6141267840557381
0.01,0.015,0.6730520385163484,95.0,0.5867714867406109,0.6367714867406109
0.01,0.02,0.6909290436229685,95.0,0.6094161894254839,0.659416189425484
0.01,0.025,0.6784186204451484,95.0,0.6320608921103569,0.6820608921103569
0.01,0.03,0.6906344786020181,95.0,0.6547055947952298,0.7047055947952299
0.05,0.005,0.5033708664016099,95.0,0.5167923074574011,0.5667923074574012
0.05,0.01,0.5486668701942727,95.0,0.5492459620017617,0.5992459620017617
0.05,0.015,0.5938873035471496,95.0,0.5816996165461221,0.6316996165461222
0.05,0.02,0.6286581198736726,95.0,0.6141532710904827,0.6641532710904827
0.05,0.025,0.6351255671308259,95.0,0.6466069256348431,0.6966069256348432
0.05,0.03,0.651475766357758,95.0,0.6790605801792036,0.7290605801792036
0.1,0.005,0.39619129220277655,95.0,0.4859300900655714,0.5359300900655715
0.1,0.01,0.46812557651499487,95.0,0.5306449344342913,0.5806449344342913
0.1,0.015,0.5212055270180943,95.0,0.5753597788030111,0.6253597788030112
0.1,0.02,0.580053832150996,95.0,0.6200746231717311,0.6700746231717312
0.1,0.025,0.6137600797606605,95.0,0.6647894675404509,0.7147894675404509
0.1,0.03,0.6326923624907338,95.0,0.7095043119091708,0.7595043119091709
0.15,0.005,0.3757577586635331,95.0,0.45506787267374166,0.5050678726737416
0.15,0.01,0.4577036267615054,95.0,0.512043906866821,0.562043906866821
0.15,0.015,0.5289931799689871,95.0,0.5690199410599002,0.6190199410599002
0.15,0.02,0.5924046348223865,95.0,0.6259959752529796,0.6759959752529796
0.15,0.025,0.6794741641929318,95.0,0.6829720094460587,0.7329720094460588
0.15,0.03,0.7097323120320695,95.0,0.739948043639138,0.7899480436391381
0.2,0.005,0.3927230938013145,95.0,0.4242056552819119,0.47420565528191194
0.2,0.01,0.4896745384694751,95.0,0.4934428792993506,0.5434428792993506
0.2,0.015,0.5819636347259626,95.0,0.5626801033167892,0.6126801033167892
0.2,0.02,0.6630660284104636,95.0,0.6319173273342279,0.6819173273342279
0.2,0.025,0.6656740188925979,95.0,0.7011545513516666,0.7511545513516666
0.2,0.03,0.7402532530793162,95.0,0.7703917753691052,0.8203917753691052
0.25,0.005,0.4504271328075651,95.0,0.3933434378900821,0.4433434378900821
0.25,0.01,0.5329775891968704,95.0,0.4748418517318802,0.5248418517318802
0.25,0.015,0.6328675103643691,95.0,0.5563402655736782,0.6063402655736783
0.25,0.02,0.6950358852836108,95.0,0.6378386794154763,0.6878386794154764
0.25,0.025,0.7709847490573598,95.0,0.7193370932572744,0.7693370932572744
0.25,0.03,0.8254953549892516,95.0,0.8008355070990725,0.8508355070990725
0.01,0.005,0.6172993862666217,97.5,0.5913866899193687,0.6413866899193688
0.01,0.01,0.6894533628379292,97.5,0.6193836587875656,0.6693836587875657
0.01,0.015,0.7385640513865466,97.5,0.6473806276557627,0.6973806276557627
0.01,0.02,0.7274754529575782,97.5,0.6753775965239596,0.7253775965239596
0.01,0.025,0.7962243651208624,97.5,0.7033745653921565,0.7533745653921565
0.01,0.03,0.7228664216369822,97.5,0.7313715342603535,0.7813715342603536
0.05,0.005,0.5598315466478535,97.5,0.5647629665942258,0.6147629665942258
0.05,0.01,0.5836545582785403,97.5,0.6018754988120739,0.651875498812074
0.05,0.015,0.6558555855531317,97.5,0.6389880310299223,0.6889880310299223
0.05,0.02,0.671504871305903,97.5,0.6761005632477706,0.7261005632477706
0.05,0.025,0.7107003421211182,97.5,0.7132130954656188,0.7632130954656189
0.05,0.03,0.753960163382288,97.5,0.7503256276834671,0.8003256276834672
0.1,0.005,0.47629884926529226,97.5,0.5314833124377969,0.5814833124377969
0.1,0.01,0.5171199764976857,97.5,0.5799902988427094,0.6299902988427094
0.1,0.015,0.5804932406622179,97.5,0.6284972852476218,0.6784972852476219
0.1,0.02,0.6159285871325914,97.5,0.6770042716525343,0.7270042716525343
0.1,0.025,0.6902665978149594,97.5,0.7255112580574467,0.7755112580574467
0.1,0.03,0.7042807062895236,97.5,0.7740182444623592,0.8240182444623593
0.15,0.005,0.42010923182186066,97.5,0.4982036582813681,0.5482036582813681
0.15,0.01,0.5180682351204449,97.5,0.5581050988733447,0.6081050988733447
0.15,0.015,0.5984111086851825,97.5,0.6180065394653214,0.6680065394653214
0.15,0.02,0.644091878704256,97.5,0.677907980057298,0.7279079800572981
0.15,0.025,0.6943484722034183,97.5,0.7378094206492746,0.7878094206492746
0.15,0.03,0.7603315588727543,97.5,0.7977108612412512,0.8477108612412513
0.2,0.005,0.45274250119728265,97.5,0.4649240041249393,0.5149240041249393
0.2,0.01,0.5150393593121014,97.5,0.53621989890398,0.5862198989039801
0.2,0.015,0.6091221408850427,97.5,0.6075157936830209,0.6575157936830209
0.2,0.02,0.7178226461692483,97.5,0.6788116884620616,0.7288116884620617
0.2,0.025,0.7487962154866086,97.5,0.7501075832411025,0.8001075832411025
0.2,0.03,0.8022905661931129,97.5,0.8214034780201434,0.8714034780201434
0.25,0.005,0.4817096821510963,97.5,0.4316443499685105,0.4816443499685105
0.25,0.01,0.563953148968197,97.5,0.5143346989346154,0.5643346989346154
0.25,0.015,0.6602243401763518,97.5,0.5970250479007204,0.6470250479007205
0.25,0.02,0.7230935782693882,97.5,0.6797153968668254,0.7297153968668254
0.25,0.025,0.8288661817747975,97.5,0.7624057458329303,0.8124057458329303
0.25,0.03,0.8561935542296859,97.5,0.8450960947990354,0.8950960947990354
