No.,Bridge name,Material / type,Total length m,Width m,Total mass kg,Mass per unit length kg/m,First vertical frequency Hz,First vertical damping ratio,Occupancy mass ratio,first_vertical_frequency_Hz,span_for_model_m,observed_damping_ratio,material_used,material_used_for_prediction,damping_ratio_completed_median
1,Changi Mezzanine Bridge,Steel,200.0,4.2,"1,300,000","6,500",1.12,0.004,0.068,1.12,200.0,0.004,Steel,Steel,0.004
2,Cekov Footbridge,Concrete,80.0,3,"376,000","4,700",2.12,,0.067,2.12,80.0,,Concrete,Concrete,0.009455098848817622
3,Krakow Footbridge,Concrete,80.0,4,"472,000","5,900",2.44,0.0081,0.071,2.44,80.0,0.0081,Concrete,Concrete,0.0081
4,Baker Bridge,Concrete,109.0,3,"150,000","1,376",0.94,0.0034,0.229,0.94,109.0,0.0034,Concrete,Concrete,0.0034
5,Stanisławice Footbridge,Concrete,62.0,4.1,"279,000","4,500",2.35,0.0088,0.096,2.35,62.0,0.0088,Concrete,Concrete,0.0088
6,Rotterdam Footbridge,Steel–concrete,136.0,5.3,"721,000","5,301",2.09,0.017,0.105,2.09,136.0,0.017,Steel -concrete composite,Steel -concrete composite,0.017
7,Helix Bridge,Steel,280.0,6,"1,700,000","6,071",1.9,0.005,0.104,1.9,280.0,0.005,Steel,Steel,0.005
8,Podgorica Bridge,Steel,104.0,3,"260,000","2,500",2.04,0.0026,0.126,2.04,104.0,0.0026,Steel,Steel,0.0026
9,Noisy-le-Grand Footbridge,Concrete ribbed slab,88.0,5,"860,000","9,773",1.65,,0.054,1.65,88.0,,Concrete,Concrete,0.009155018902402237
10,Cavaillon Footbridge,Warren-type lateral beams,99.4,3,"37,600",378,1.95,,0.833,1.95,99.4,,Steel,Steel,0.006432106191448073
11,Stade de France Footbridge,Steel box girder,180.0,11,"595,000","3,306",1.97,0.002,0.349,1.97,180.0,0.002,Steel,Steel,0.002
12,Montigny-lès-Cormeilles Footbridge,Bow-string steel arch,55.0,3.5,"85,000","1,545",2.51,,0.238,2.51,55.0,,Steel,Steel,0.007043512551332492
13,Footbridge over the Aisne at Soissons,Suspended steel box girder,60.0,3,"105,000","1,750",3.1,,0.18,3.1,60.0,,Steel,Steel,0.007202605387175081
14,Solférino Footbridge,Steel arch,106.0,Dec-15,"900,000","8,491",1.66,0.005,0.183,1.66,106.0,0.005,Steel,Steel,0.005
15,Mont-Saint-Martin Footbridge,Mixed steel–concrete beam,23.0,2.5,"22,000",957,2.15,,0.274,2.15,23.0,,Steel -concrete composite,Steel -concrete composite,0.011255056690749013
16,Parsons Bridge,FRP,16.9,0.78,"1,800",107,4.75,0.023,0.766,4.75,16.9,0.023,FRP,FRP,0.023
17,St Austell Bridge,FRP,25.0,1.42,"5,000",358,11.93,0.018,0.417,11.93,25.0,0.018,FRP,FRP,0.018
18,Delft Bridge A,FRP,20.0,2,"4,500",300,4.78,0.0065,0.7,4.78,20.0,0.0065,FRP,FRP,0.0065
19,Delft Bridge B,FRP,14.9,4.5,"6,600",441,6.12,0.079,1.071,6.12,14.9,0.079,FRP,FRP,0.079
20,Dover Seawall Wellards Way,FRP,29.0,2.4,"5,500",379,15.1,0.014,0.665,15.1,29.0,0.014,FRP,FRP,0.014
21,Prato Bridge,FRP,25.0,2.5–3.6,"8,000",295–425,7.5,0.026,0.89,7.5,25.0,0.026,FRP,FRP,0.026
22,Wilcott Bridge,FRP,51.3,2.1,"31,000",605,0.96,0.0249,0.365,0.96,51.3,0.0249,FRP,FRP,0.0249
23,Halgavor Bridge,FRP,47.0,3.5,"8,600",182,1.99,0.015,2.019,1.99,47.0,0.015,FRP,FRP,0.015
24,Aberfeldy Bridge,FRP,113.0,2.12,"23,000",204,1.52,0.004,1.094,1.52,113.0,0.004,FRP,FRP,0.004
25,Pontresina Bridge,FRP,12.5,1.93,"1,680",135,13.0,0.0517,1.5,13.0,12.5,0.0517,FRP,FRP,0.0517
