xi,density,mu,F_inf,F_min,r_c_fixed,wL_fit,wR_fit,betaR_fit,rmse,r2
0.005,0.0333,0.008862,0.9955982348216649,0.3541290905676937,0.9955982348216649,0.520218254031458,0.7560985986949513,0.4926199607014452,0.01492614767108055,0.9928562326836559
0.005,0.1667,0.05299385200180155,0.9745117552154362,0.11445822774384742,0.9745117552154362,0.8600970857212519,1.2894110074957346,0.6378805950190497,0.02866141273877732,0.9894386025927818
0.005,0.3333,0.10038570253646623,0.9532954727655708,0.06874873861840915,0.9532954727655708,1.0244443282981082,1.626540489348711,0.6426640947720539,0.033329355359026265,0.9866856473619025
0.005,0.5,0.1477,0.9334387141411156,0.05053983667249829,0.9334387141411156,1.1300680721270908,1.883374780721969,0.6363849096826802,0.03217625440628332,0.9876532125204269
0.005,0.6667,0.2008593987567756,0.9125442212551997,0.039986519143572444,0.9125442212551997,1.2136410608755193,2.136026917968672,0.6213581898555746,0.030520811734079636,0.9885307881799102
0.005,0.8333,0.2481277400168732,0.8950977845042549,0.03441174138388326,0.8950977845042549,1.2687722633789007,2.3040983042569154,0.615795697397863,0.02831206690793191,0.9898523581767649
0.005,1.0,0.2954,0.8786138675427233,0.030717885650185656,0.8786138675427233,1.3118751406863367,2.453927100539945,0.6091555461105247,0.02643680840802116,0.9908748800181825
0.01,0.0333,0.008862,0.9955982348216649,0.4992858492763914,0.9955982348216649,0.4421592562863426,0.6722924751508411,0.4072428501444013,0.01687768791802625,0.9818051665584923
0.01,0.1667,0.05299385200180155,0.9745117552154362,0.16924437902168224,0.9745117552154362,0.6639614467368771,1.0398244286888716,0.5441445424218396,0.014468122065865922,0.9965041077829179
0.01,0.3333,0.10038570253646623,0.9532954727655708,0.10309124732810927,0.9532954727655708,0.776431895726637,1.2892099553623964,0.5592052805365421,0.021210158709895496,0.9937400054183854
0.01,0.5,0.1477,0.9334387141411156,0.0765145818442832,0.9334387141411156,0.847343942873288,1.4592688712826658,0.5688508825270557,0.024420603974492777,0.9921193739200933
0.01,0.6667,0.2008593987567756,0.9125442212551997,0.06112857244401732,0.9125442212551997,0.9018423763466341,1.6008970803833447,0.576644044110543,0.02567523977269569,0.9913520712420039
0.01,0.8333,0.2481277400168732,0.8950977845042549,0.05306953363084308,0.8950977845042549,0.9367173005580566,1.7000392919804348,0.5819555542931496,0.025593557238956753,0.9913342308423284
0.01,1.0,0.2954,0.8786138675427233,0.04781787491414736,0.8786138675427233,0.9632880957439647,1.779162823742381,0.5871268141764158,0.0251221392413263,0.9915139820322387
0.015,0.0333,0.008862,0.9955982348216649,0.6173292035265678,0.9955982348216649,0.42421941405972113,0.6037017671521961,0.44342877332883224,0.012123222409049212,0.9844070903919617
0.015,0.1667,0.05299385200180155,0.9745117552154362,0.22117616471770654,0.9745117552154362,0.5799982098116552,0.9249347419252271,0.4990153273327235,0.013465354301050595,0.9962106998670426
0.015,0.3333,0.10038570253646623,0.9532954727655708,0.13709546133061165,0.9532954727655708,0.6684385498571642,1.1370473483335843,0.5128124617656669,0.01586893370752182,0.995908844818959
0.015,0.5,0.1477,0.9334387141411156,0.10300366534158321,0.9334387141411156,0.7247383098691371,1.2824718774942256,0.522908957596061,0.019297237497419153,0.9944390509312274
0.015,0.6667,0.2008593987567756,0.9125442212551997,0.08334239395192201,0.9125442212551997,0.7678631328731998,1.401293474368879,0.532789483896154,0.021779226053432427,0.9931376746937142
0.015,0.8333,0.2481277400168732,0.8950977845042549,0.07320646251997219,0.8950977845042549,0.7953150762267589,1.4815162444939067,0.5410991668110526,0.02288179690858707,0.9924690898720073
0.015,1.0,0.2954,0.8786138675427233,0.06680827442629894,0.8786138675427233,0.8162437787285654,1.5443460700696179,0.5494533940194675,0.023366881755485784,0.9921033353344173
0.02,0.0333,0.008862,0.9955982348216649,0.7037550676210869,0.9955982348216649,0.42334237506969563,0.5467680008072354,0.5327619172170661,0.009087635255955809,0.9868886382631126
0.02,0.1667,0.05299385200180155,0.9745117552154362,0.26916908478801554,0.9745117552154362,0.5312047004061891,0.8553738745214933,0.4734328302359937,0.015143284605180272,0.9941761175821704
0.02,0.3333,0.10038570253646623,0.9532954727655708,0.17060705666273174,0.9532954727655708,0.6046059770850635,1.0435597438755986,0.48487383106240406,0.015109620973691763,0.9957233269121727
0.02,0.5,0.1477,0.9334387141411156,0.1302706871593005,0.9334387141411156,0.6522749124973231,1.1725277080745533,0.4954913924347226,0.01723936503261038,0.9950048608639077
0.02,0.6667,0.2008593987567756,0.9125442212551997,0.10724292116344282,0.9125442212551997,0.6892577615374021,1.278170925482179,0.5066532837514632,0.019644555212248185,0.9938279225712434
0.02,0.8333,0.2481277400168732,0.8950977845042549,0.09575864676557587,0.8950977845042549,0.7132271401463761,1.347792446484109,0.5172315430417141,0.021139251579659613,0.9929710186949434
0.02,1.0,0.2954,0.8786138675427233,0.0890130895388189,0.8786138675427233,0.7321055456547944,1.4016848283357362,0.528397708152723,0.022082631056116808,0.9923542094096928
0.025,0.0333,0.008862,0.9955982348216649,0.7530032491286438,0.9955982348216649,0.4172995821322729,0.5239778504287711,0.5666387123983532,0.008061696226045452,0.9855823496551266
0.025,0.1667,0.05299385200180155,0.9745117552154362,0.3115095691146413,0.9745117552154362,0.4979152926153571,0.8095380403734547,0.454844545128724,0.016558634307666586,0.9917173930825128
0.025,0.3333,0.10038570253646623,0.9532954727655708,0.2033610099040519,0.9532954727655708,0.561542227703687,0.978595494262631,0.46712877782364676,0.015911414128958978,0.9945978285363449
0.025,0.5,0.1477,0.9334387141411156,0.15879648707242194,0.9334387141411156,0.6038691978377151,1.0935254839035202,0.48039000624486483,0.016853829555379844,0.9946631683061445
0.025,0.6667,0.2008593987567756,0.9125442212551997,0.13402677578442387,0.9125442212551997,0.6377055118738238,1.1872990349086754,0.49509269995766336,0.018619735631243202,0.993886906688251
0.025,0.8333,0.2481277400168732,0.8950977845042549,0.12266334231295374,0.8950977845042549,0.660781953656635,1.2472959772907033,0.510206928689676,0.020036604604583938,0.9930971129020272
0.025,1.0,0.2954,0.8786138675427233,0.11736929941073301,0.8786138675427233,0.6805437062458946,1.2908775236086394,0.5282273367343845,0.021189249339944854,0.9923585733059459
0.03,0.0333,0.008862,0.9955982348216649,0.7581286322828723,0.9955982348216649,0.38555033440260433,0.5696075659657158,0.4092290844953814,0.008761636276661098,0.9773198367066186
0.03,0.1667,0.05299385200180155,0.9745117552154362,0.34532149595259,0.9745117552154362,0.47158366394298196,0.7805448152229134,0.43391145823229377,0.018059028854611452,0.9884722268999622
0.03,0.3333,0.10038570253646623,0.9532954727655708,0.23486065012103016,0.9532954727655708,0.5300501649190055,0.9294999142045945,0.45591951144895587,0.016818529955838695,0.9931933203793492
0.03,0.5,0.1477,0.9334387141411156,0.1895610089797747,0.9334387141411156,0.5699633744227928,1.028989448323002,0.47701905414204415,0.016777390761905125,0.9941276821332226
0.03,0.6667,0.2008593987567756,0.9125442212551997,0.16637307488492595,0.9125442212551997,0.603875856421445,1.108192359396758,0.5014243014148362,0.017787482693580374,0.9938729511617308
0.03,0.8333,0.2481277400168732,0.8950977845042549,0.15868568751497175,0.8950977845042549,0.6298331437835814,1.1550772785847045,0.5288761825368358,0.019244223250207925,0.9930550919118062
0.03,1.0,0.2954,0.8786138675427233,0.15995882941611433,0.8786138675427233,0.65651791523667,1.180387015441411,0.568418231411279,0.021670954735430598,0.9913348803866759
