target_excitation_or_feff,0.01,0.05,0.1,0.15,0.2,0.25,0.3
1.25,1.255999999999999,1.2885416666666654,1.3217391304347812,1.3545454545454534,1.390476190476189,1.42142857142857,1.452380952380951
1.7,1.7099999999999984,1.760416666666665,1.813636363636362,1.8654761904761887,1.9214285714285697,1.9710526315789456,2.018421052631577
2.1,2.1145833333333317,2.1891304347826073,2.267857142857141,2.344999999999998,2.4277777777777754,2.4999999999999982,2.5708333333333315
2.3,2.3169999999999984,2.4076086956521716,2.503571428571426,2.597368421052629,2.7013888888888866,2.790624999999997,2.87833333333333
2.5,2.519999999999998,2.626086956521737,2.7437499999999972,2.860526315789471,2.991176470588232,3.1066666666666634,3.217857142857139
2.6,2.620999999999998,2.73478260869565,2.863095238095236,2.9947368421052607,3.143749999999997,3.27333333333333,3.400014934289128
3.0,3.0163461538461513,3.116406249999998,3.2514150943396216,3.32890156062425,3.355438378825476,3.3808350444900754,3.4059886499402627
3.4,3.4009615384615355,3.3955882352941154,3.3397058823529404,3.340906362545018,3.363709677419355,3.3876796714579056,3.4119623655913975
4.2,4.189999999999997,4.140999999999997,4.066666666666663,3.9659090909090873,3.8055555555555514,3.5865384615384555,3.4239097968936676
4.6,4.589999999999995,4.543999999999995,4.483333333333328,4.409782608695648,4.309523809523804,4.199999999999994,4.064062499999993
