mu,xi_b,original_mean,after_psi_mean,after_psi_C95_mean,n_frequency_points,original_abs_error_from_1,after_psi_abs_error_from_1,after_psi_C95_abs_error_from_1
0.05,0.005,0.4398357899803763,0.2732318829727625,0.5428043242271533,46,0.5601642100196237,0.7267681170272375,0.4571956757728467
0.05,0.01,0.5345558576407666,0.3299935202737121,0.6014460471376147,46,0.46544414235923337,0.6700064797262879,0.39855395286238526
0.05,0.015,0.6093183822938248,0.3744292724715132,0.630471926635129,46,0.39068161770617515,0.6255707275284867,0.36952807336487103
0.05,0.02,0.6660648689990216,0.4085356666007867,0.6483101541670198,46,0.3339351310009784,0.5914643333992133,0.35168984583298024
0.05,0.025,0.7025238219439508,0.4325055144012307,0.6422443665833031,46,0.2974761780560492,0.5674944855987694,0.3577556334166969
0.05,0.03,0.7360305703323139,0.45520458713861206,0.6813630975609926,46,0.2639694296676861,0.5447954128613879,0.31863690243900744
0.1,0.005,0.43471126790380926,0.25998415205315384,0.620450494068428,46,0.5652887320961908,0.7400158479468462,0.379549505931572
0.1,0.01,0.5467063562334621,0.32330147455306374,0.6671465555478994,46,0.4532936437665379,0.6766985254469362,0.33285344445210063
0.1,0.015,0.6196167977985004,0.3653154480185346,0.6752946410284052,46,0.38038320220149957,0.6346845519814655,0.3247053589715948
0.1,0.02,0.6821883134492694,0.40558790365081127,0.6784007493766796,46,0.31781168655073055,0.5944120963491888,0.3215992506233204
0.1,0.025,0.7315748427342852,0.4349138474631289,0.6581729047354992,46,0.2684251572657148,0.5650861525368711,0.34182709526450084
0.1,0.03,0.7728591527309046,0.45946338090078914,0.6879999135404019,46,0.22714084726909545,0.5405366190992109,0.3120000864595981
0.15,0.005,0.41318579129772276,0.24450539594065557,0.634397960902188,46,0.5868142087022772,0.7554946040593444,0.36560203909781197
0.15,0.01,0.5259247821793593,0.30635339277795415,0.6522263427910328,46,0.47407521782064066,0.6936466072220459,0.34777365720896725
0.15,0.015,0.6010818419878323,0.35203135861564333,0.6466912234819236,46,0.3989181580121677,0.6479686413843566,0.35330877651807635
0.15,0.02,0.662736023279023,0.3898114726876948,0.6319294680469213,46,0.33726397672097697,0.6101885273123052,0.3680705319530787
0.15,0.025,0.7126866214435554,0.4211491849842459,0.6198163332442226,46,0.28731337855644457,0.5788508150157541,0.3801836667557774
0.15,0.03,0.7611474463877584,0.4492196266507839,0.6329423347861972,46,0.23885255361224156,0.550780373349216,0.3670576652138028
0.2,0.005,0.40153714838999405,0.2379318976638325,0.593605813252937,46,0.5984628516100059,0.7620681023361675,0.40639418674706296
0.2,0.01,0.5074925613932882,0.29660487196499846,0.6013409432938793,46,0.49250743860671176,0.7033951280350015,0.3986590567061207
0.2,0.015,0.591945972861008,0.34472509652295213,0.5884687038797081,46,0.40805402713899197,0.6552749034770479,0.41153129612029193
0.2,0.02,0.6533067530523248,0.382863196806946,0.5774133802703867,46,0.3466932469476752,0.617136803193054,0.4225866197296133
0.2,0.025,0.6901126866117737,0.4069330036992553,0.5604253924738071,46,0.3098873133882263,0.5930669963007447,0.43957460752619293
0.2,0.03,0.750534060104001,0.44339808049851515,0.5724865666783512,46,0.24946593989599897,0.5566019195014849,0.4275134333216488
0.25,0.005,0.39711252301448174,0.23860788657505702,0.5147428921665387,46,0.6028874769855183,0.761392113424943,0.4852571078334613
0.25,0.01,0.4995303289817887,0.2949690580865555,0.5417460811626131,46,0.5004696710182113,0.7050309419134445,0.45825391883738686
0.25,0.015,0.5774574449586476,0.3409451886200703,0.5269183991005267,46,0.4225425550413524,0.6590548113799297,0.47308160089947326
0.25,0.02,0.6375664892514393,0.3805127163843801,0.5341353699979661,46,0.36243351074856067,0.6194872836156199,0.46586463000203393
0.25,0.025,0.6991638785378318,0.4171254958894924,0.5231441219319428,46,0.3008361214621682,0.5828745041105077,0.4768558780680572
0.25,0.03,0.7357094944677034,0.4406697516881897,0.522816555498464,46,0.2642905055322966,0.5593302483118103,0.47718344450153605
0.3,0.005,0.16381160482111926,0.09868269996095975,0.17256122476579827,46,0.8361883951788808,0.9013173000390402,0.8274387752342017
0.3,0.01,0.28952917379696447,0.17269817810009291,0.28186779252130256,46,0.7104708262030355,0.8273018218999071,0.7181322074786974
0.3,0.02,0.529509863510672,0.3178814749679524,0.42913943461698517,46,0.470490136489328,0.6821185250320476,0.5708605653830148
