mu,xi_b,original_mean,after_psi_mean,after_psi_C95_mean,n_frequency_points
0.05,0.005,0.4398357899803763,0.2732318829727625,0.5428043242271533,46
0.05,0.01,0.5345558576407666,0.3299935202737121,0.6014460471376147,46
0.05,0.015,0.6093183822938248,0.3744292724715132,0.630471926635129,46
0.05,0.02,0.6660648689990216,0.4085356666007867,0.6483101541670198,46
0.05,0.025,0.7025238219439508,0.4325055144012307,0.6422443665833031,46
0.05,0.03,0.7360305703323139,0.45520458713861206,0.6813630975609926,46
0.1,0.005,0.43471126790380926,0.25998415205315384,0.620450494068428,46
0.1,0.01,0.5467063562334621,0.32330147455306374,0.6671465555478994,46
0.1,0.015,0.6196167977985004,0.3653154480185346,0.6752946410284052,46
0.1,0.02,0.6821883134492694,0.40558790365081127,0.6784007493766796,46
0.1,0.025,0.7315748427342852,0.4349138474631289,0.6581729047354992,46
0.1,0.03,0.7728591527309046,0.45946338090078914,0.6879999135404019,46
0.15,0.005,0.41318579129772276,0.24450539594065557,0.634397960902188,46
0.15,0.01,0.5259247821793593,0.30635339277795415,0.6522263427910328,46
0.15,0.015,0.6010818419878323,0.35203135861564333,0.6466912234819236,46
0.15,0.02,0.662736023279023,0.3898114726876948,0.6319294680469213,46
0.15,0.025,0.7126866214435554,0.4211491849842459,0.6198163332442226,46
0.15,0.03,0.7611474463877584,0.4492196266507839,0.6329423347861972,46
0.2,0.005,0.40153714838999405,0.2379318976638325,0.593605813252937,46
0.2,0.01,0.5074925613932882,0.29660487196499846,0.6013409432938793,46
0.2,0.015,0.591945972861008,0.34472509652295213,0.5884687038797081,46
0.2,0.02,0.6533067530523248,0.382863196806946,0.5774133802703867,46
0.2,0.025,0.6901126866117737,0.4069330036992553,0.5604253924738071,46
0.2,0.03,0.750534060104001,0.44339808049851515,0.5724865666783512,46
0.25,0.005,0.39711252301448174,0.23860788657505702,0.5147428921665387,46
0.25,0.01,0.4995303289817887,0.2949690580865555,0.5417460811626131,46
0.25,0.015,0.5774574449586476,0.3409451886200703,0.5269183991005267,46
0.25,0.02,0.6375664892514393,0.3805127163843801,0.5341353699979661,46
0.25,0.025,0.6991638785378318,0.4171254958894924,0.5231441219319428,46
0.25,0.03,0.7357094944677034,0.4406697516881897,0.522816555498464,46
0.3,0.005,0.16381160482111926,0.09868269996095975,0.17256122476579827,46
0.3,0.01,0.28952917379696447,0.17269817810009291,0.28186779252130256,46
0.3,0.02,0.529509863510672,0.3178814749679524,0.42913943461698517,46
