mu,xi_b,original_mean,after_psi_mean,psi_improved_vs_original,after_psi_C95_mean,psi_C95_improved_vs_original,psi_improvement_amount,psi_C95_improvement_amount,n_frequency_points
0.05,0.005,0.4398357899803763,0.2732318829727625,No,0.5428043242271533,Yes,-0.16660390700761385,0.10296853424677699,46
0.05,0.01,0.5345558576407666,0.3299935202737121,No,0.6014460471376147,Yes,-0.20456233736705454,0.06689018949684811,46
0.05,0.015,0.6093183822938248,0.3744292724715132,No,0.630471926635129,Yes,-0.2348891098223116,0.02115354434130412,46
0.05,0.02,0.6660648689990216,0.4085356666007867,No,0.6483101541670198,No,-0.25752920239823496,-0.01775471483200186,46
0.05,0.025,0.7025238219439508,0.4325055144012307,No,0.6422443665833031,No,-0.27001830754272016,-0.060279455360647716,46
0.05,0.03,0.7360305703323139,0.45520458713861206,No,0.6813630975609926,No,-0.2808259831937018,-0.054667472771321335,46
0.1,0.005,0.43471126790380926,0.25998415205315384,No,0.620450494068428,Yes,-0.17472711585065537,0.1857392261646188,46
0.1,0.01,0.5467063562334621,0.32330147455306374,No,0.6671465555478994,Yes,-0.2234048816803983,0.12044019931443728,46
0.1,0.015,0.6196167977985004,0.3653154480185346,No,0.6752946410284052,Yes,-0.2543013497799659,0.05567784322990477,46
0.1,0.02,0.6821883134492694,0.40558790365081127,No,0.6784007493766796,No,-0.27660040979845824,-0.003787564072589844,46
0.1,0.025,0.7315748427342852,0.4349138474631289,No,0.6581729047354992,No,-0.2966609952711563,-0.07340193799878603,46
0.1,0.03,0.7728591527309046,0.45946338090078914,No,0.6879999135404019,No,-0.31339577183011547,-0.08485923919050264,46
0.15,0.005,0.41318579129772276,0.24450539594065557,No,0.634397960902188,Yes,-0.16868039535706725,0.22121216960446521,46
0.15,0.01,0.5259247821793593,0.30635339277795415,No,0.6522263427910328,Yes,-0.2195713894014052,0.1263015606116734,46
0.15,0.015,0.6010818419878323,0.35203135861564333,No,0.6466912234819236,Yes,-0.24905048337218894,0.04560938149409133,46
0.15,0.02,0.662736023279023,0.3898114726876948,No,0.6319294680469213,No,-0.27292455059132825,-0.03080655523210174,46
0.15,0.025,0.7126866214435554,0.4211491849842459,No,0.6198163332442226,No,-0.2915374364593095,-0.09287028819933285,46
0.15,0.03,0.7611474463877584,0.4492196266507839,No,0.6329423347861972,No,-0.3119278197369745,-0.12820511160156123,46
0.2,0.005,0.40153714838999405,0.2379318976638325,No,0.593605813252937,Yes,-0.1636052507261616,0.19206866486294294,46
0.2,0.01,0.5074925613932882,0.29660487196499846,No,0.6013409432938793,Yes,-0.21088768942828973,0.09384838190059108,46
0.2,0.015,0.591945972861008,0.34472509652295213,No,0.5884687038797081,No,-0.2472208763380559,-0.0034772689812999635,46
0.2,0.02,0.6533067530523248,0.382863196806946,No,0.5774133802703867,No,-0.27044355624537875,-0.07589337278193808,46
0.2,0.025,0.6901126866117737,0.4069330036992553,No,0.5604253924738071,No,-0.2831796829125184,-0.12968729413796665,46
0.2,0.03,0.750534060104001,0.44339808049851515,No,0.5724865666783512,No,-0.3071359796054859,-0.17804749342564985,46
0.25,0.005,0.39711252301448174,0.23860788657505702,No,0.5147428921665387,Yes,-0.1585046364394247,0.11763036915205694,46
0.25,0.01,0.4995303289817887,0.2949690580865555,No,0.5417460811626131,Yes,-0.20456127089523324,0.042215752180824406,46
0.25,0.015,0.5774574449586476,0.3409451886200703,No,0.5269183991005267,No,-0.2365122563385773,-0.05053904585812086,46
0.25,0.02,0.6375664892514393,0.3805127163843801,No,0.5341353699979661,No,-0.2570537728670592,-0.10343111925347326,46
0.25,0.025,0.6991638785378318,0.4171254958894924,No,0.5231441219319428,No,-0.28203838264833947,-0.17601975660588898,46
0.25,0.03,0.7357094944677034,0.4406697516881897,No,0.522816555498464,No,-0.2950397427795137,-0.21289293896923944,46
