material,mu_center,mu_lower,mu_upper,N_population_material,n_known_mass_ratio,observed_count_in_bin,p_material_mean,p_mu_bin_mean,p_mu_domain_mean
Steel,0.01,0.0,0.03,152,7,0,0.59765625,0.1111111111111111,0.7777777777777778
Steel,0.05,0.03,0.075,152,7,1,0.59765625,0.1111111111111111,0.7777777777777778
Steel,0.1,0.075,0.125,152,7,1,0.59765625,0.1111111111111111,0.7777777777777778
Steel,0.15,0.125,0.175,152,7,1,0.59765625,0.1111111111111111,0.7777777777777778
Steel,0.2,0.175,0.225,152,7,2,0.59765625,0.2222222222222222,0.7777777777777778
Steel,0.25,0.225,0.25,152,7,1,0.59765625,0.11111111111111116,0.7777777777777778
Concrete,0.01,0.0,0.03,43,5,0,0.171875,0.14285714285714285,0.8571428571428571
Concrete,0.05,0.03,0.075,43,5,3,0.171875,0.42857142857142855,0.8571428571428571
Concrete,0.1,0.075,0.125,43,5,1,0.171875,0.1428571428571429,0.8571428571428571
Concrete,0.15,0.125,0.175,43,5,0,0.171875,0.0,0.8571428571428571
Concrete,0.2,0.175,0.225,43,5,0,0.171875,0.0,0.8571428571428571
Concrete,0.25,0.225,0.25,43,5,1,0.171875,0.1428571428571428,0.8571428571428571
Steel-concrete composite,0.01,0.0,0.03,24,2,0,0.09765625,0.25,0.5
Steel-concrete composite,0.05,0.03,0.075,24,2,0,0.09765625,0.0,0.5
Steel-concrete composite,0.1,0.075,0.125,24,2,1,0.09765625,0.25,0.5
Steel-concrete composite,0.15,0.125,0.175,24,2,0,0.09765625,0.0,0.5
Steel-concrete composite,0.2,0.175,0.225,24,2,0,0.09765625,0.0,0.5
Steel-concrete composite,0.25,0.225,0.25,24,2,0,0.09765625,0.0,0.5
FRP,0.01,0.0,0.03,17,10,0,0.0703125,0.08333333333333333,0.08333333333333333
FRP,0.05,0.03,0.075,17,10,0,0.0703125,0.0,0.08333333333333333
FRP,0.1,0.075,0.125,17,10,0,0.0703125,0.0,0.08333333333333333
FRP,0.15,0.125,0.175,17,10,0,0.0703125,0.0,0.08333333333333333
FRP,0.2,0.175,0.225,17,10,0,0.0703125,0.0,0.08333333333333333
FRP,0.25,0.225,0.25,17,10,0,0.0703125,0.0,0.08333333333333333
Timber,0.01,0.0,0.03,7,0,0,0.03125,0.5,0.5
Timber,0.05,0.03,0.075,7,0,0,0.03125,0.0,0.5
Timber,0.1,0.075,0.125,7,0,0,0.03125,0.0,0.5
Timber,0.15,0.125,0.175,7,0,0,0.03125,0.0,0.5
Timber,0.2,0.175,0.225,7,0,0,0.03125,0.0,0.5
Timber,0.25,0.225,0.25,7,0,0,0.03125,0.0,0.5
Other,0.01,0.0,0.03,7,1,0,0.03125,0.3333333333333333,0.3333333333333333
Other,0.05,0.03,0.075,7,1,0,0.03125,0.0,0.3333333333333333
Other,0.1,0.075,0.125,7,1,0,0.03125,0.0,0.3333333333333333
Other,0.15,0.125,0.175,7,1,0,0.03125,0.0,0.3333333333333333
Other,0.2,0.175,0.225,7,1,0,0.03125,0.0,0.3333333333333333
Other,0.25,0.225,0.25,7,1,0,0.03125,0.0,0.3333333333333333
