source,bridge_id,bridge_name,span_m,first_vertical_frequency_Hz,vertical_damping_ratio,damping_observed,zeta_imputed_median,zeta_imputed_lower_95,zeta_imputed_upper_95
Gong,1,1,25.0,2.44,,False,0.0114370696250789,0.002294829600113707,0.0565259674220647
Gong,2,2,18.0,8.5,,False,0.015039063338225512,0.0030718312779515165,0.07768525186788255
Gong,3,3,60.0,2.67,,False,0.0099385170859905,0.001962535942928301,0.04891197247158831
Gong,4,4,71.4,1.968,,False,0.008973674671713899,0.0017724178558554632,0.04597636875809152
Gong,5,5,45.0,1.55,,False,0.009648374051830867,0.0018726516057803893,0.04857854957516982
Gong,6,6,31.0,3.112,,False,0.01165726631214999,0.0023273110698380597,0.058406898662118234
Gong,7,7,125.0,0.492,,False,0.0064815994862791,0.0012960027995970454,0.03142212201114456
Gong,8,8,16.0,2.5487,,False,0.012843700369124343,0.002442645623799702,0.062436141741813285
Gong,9,9,72.0,0.222,,False,0.006247095336582717,0.001194533538529698,0.033420881797036055
Gong,10,10,216.7,0.504,0.005,True,,,
Gong,11,11,198.15,0.54,,False,0.006106423269559012,0.001255736701321422,0.030141821330511624
Gong,12,12,84.6,1.311,,False,0.008135947890137218,0.0016969251083154009,0.03967066271355938
Gong,13,13,100.0,2.2,,False,0.008667146268719159,0.0016636095754329777,0.04342882826477109
Gong,14,14,41.85,2.072,0.004,True,,,
Gong,15,15,200.0,1.338,0.005,True,,,
Gong,16,16,64.0,1.97,,False,0.009268354093743294,0.0018742787447538376,0.04401267488509538
Gong,17,17,120.0,1.6647,0.02,True,,,
Gong,18,18,130.0,0.6965,0.005,True,,,
Gong,19,19,125.0,1.118,0.00249,True,,,
Gong,20,20,65.729,1.9,0.01,True,,,
Gong,21,21,430.0,0.204,,False,0.00446029557487382,0.0008835930251827969,0.02265021631861815
Gong,22,22,416.0,0.1345,,False,0.004162552641320691,0.000798848720612958,0.02116016509787373
Gong,23,23,580.0,0.19,0.02,True,,,
Gong,24,24,68.27,2.65,0.02,True,,,
Gong,25,25,36.5,2.345,,False,0.010553347500818619,0.0021565096317943434,0.05345701138164615
Gong,26,26,338.0,0.325,,False,0.0049620541066830465,0.0010363894559649567,0.024266282658837075
Gong,27,27,122.7,0.817,0.01,True,,,
Gong,28,28,39.5,1.737,0.011,True,,,
Gong,29,29,240.0,1.451,,False,0.0066765022027587195,0.0013288619169832623,0.03625399517671304
Gong,30,30,103.0,0.61,0.0095,True,,,
Gong,31,31,400.0,1.703,,False,0.006273378730852272,0.001160079327013381,0.03460292114368625
Gong,32,32,70.5,0.84,0.02,True,,,
Gong,33,33,192.0,0.312,0.02,True,,,
Gong,34,34,110.0,1.114,0.005,True,,,
Gong,35,35,45.0,2.062,,False,0.00997721362639914,0.002063345926295047,0.0472360542103015
Gong,36,36,420.0,0.25,0.005,True,,,
Gong,37,37,442.0,0.279,0.0015,True,,,
Gong,38,38,90.0,2.2574,,False,0.008822368594420503,0.001850907198810703,0.042099775878375656
Gong,39,39,110.0,1.475,,False,0.007955617004056533,0.001553320875391622,0.04033590367976574
Gong,40,40,31.7,2.49,,False,0.011193632287167115,0.0022667337774098044,0.05610164707863463
Gong,41,41,125.0,2.05,,False,0.008206901831388965,0.001662423720757879,0.04059801209642972
Gong,42,42,46.0,2.12,0.015,True,,,
Gong,43,43,120.0,0.136,,False,0.005213884640235425,0.0009657911993699469,0.031068706327237954
Gong,44,44,30.0,5.06,,False,0.012479807612128531,0.002521977327777293,0.060352261171309166
Gong,45,45,100.0,3.11,,False,0.009097362177196831,0.0018421684265553491,0.04617706133177793
Gong,46,46,60.0,1.465,0.005,True,,,
Gong,47,47,42.06,4.09,0.0038,True,,,
Gong,48,48,74.2,1.166,,False,0.008153381617787222,0.001685239789730238,0.03951338025619917
Gong,49,49,42.2,2.1,0.02,True,,,
Gong,50,50,62.9,1.86,0.0058,True,,,
Gong,51,51,120.0,0.742,,False,0.007012852354969899,0.0014116065231636467,0.03453584791424788
Gong,52,52,369.0,0.375,0.005,True,,,
Gong,53,53,96.0,0.3883,,False,0.006634015305157597,0.0012394024185586475,0.03306135557522628
Gong,54,54,72.0,0.569,0.01,True,,,
Gong,55,55,44.0,1.571,0.005,True,,,
Gong,56,56,30.0,3.0,,False,0.011573417917901906,0.00226992208234994,0.05790336713043942
Gong,57,57,40.0,1.78,,False,0.010029000037741487,0.002105763113742715,0.04993132159662146
Gong,58,58,10.0,5.03,0.0325,True,,,
Gong,59,59,12.95,10.21,,False,0.016733815846925924,0.0032316664542524466,0.08632042224583779
Gong,60,60,83.0,1.22,,False,0.008099234254816673,0.0016697292478079404,0.03802574858187415
Gong,61,61,40.0,3.6895,,False,0.011083829621446575,0.0022551915772382786,0.05494376505662168
Gong,62,62,33.0,3.681,0.00413,True,,,
Gong,63,63,40.3,4.875,,False,0.011852031869352637,0.0024055373902026364,0.05699539689536295
Gong,64,64,32.7,6.05,,False,0.012781188982990337,0.002708025325192866,0.06126779109559803
Gong,65,65,60.0,0.366,,False,0.007236186859711644,0.0013991726467201073,0.03656777699572057
Gong,66,66,100.0,2.096,0.02,True,,,
Gong,67,67,60.0,1.654,,False,0.009204097332185725,0.00175509550216066,0.04616556109706474
Gong,68,68,44.0,1.88,0.015,True,,,
Gong,69,69,72.0,1.475,0.004,True,,,
Gong,70,70,68.75,1.96,0.005,True,,,
Gong,71,71,81.0,2.96,0.004,True,,,
Gong,72,72,36.0,2.5,,False,0.010686187066623595,0.0021462413243588953,0.05214878303303145
Gong,73,73,51.0,3.18,,False,0.01041380847110035,0.002094052818621657,0.05225417979280177
Gong,74,74,35.0,2.282,,False,0.01071374607054014,0.002083572263546421,0.055185390891576085
Gong,75,75,80.0,1.136,,False,0.008207229088396703,0.0017227955652646565,0.039536410833278676
Gong,76,76,140.0,0.774,0.005,True,,,
Gong,77,77,135.0,0.444,,False,0.006333487481544475,0.0012625215362531365,0.03310731560540889
Gong,78,78,58.7,1.7,,False,0.009168322915630554,0.0019032313024654522,0.04515970755060844
Gong,79,79,79.0,1.778,,False,0.008704838717829535,0.0017480690753342938,0.04222840145056585
Gong,80,80,79.4,4.074,,False,0.01014404871022647,0.0019612927787553236,0.049034364874507574
Gong,81,81,183.0,0.4885,0.02,True,,,
Gong,82,82,23.5,1.772,0.005,True,,,
Gong,83,83,64.0,1.64,0.008,True,,,
Gong,84,84,85.0,1.353,,False,0.008256776999301354,0.0016250031073697328,0.04147607607898189
Gong,85,85,40.0,3.467,,False,0.011086375610574791,0.0022549978899836236,0.05459298436578198
Gong,86,86,80.0,1.42,,False,0.008455757049652632,0.0016422655970975788,0.04202456064747373
Gong,87,87,75.0,2.6,0.004,True,,,
Gong,88,88,60.6,2.65,0.0109,True,,,
Gong,89,89,124.0,0.549,,False,0.006632593177107788,0.0013805735161640975,0.030817962962331833
Gong,90,90,46.412,2.12,0.015,True,,,
Gong,91,91,49.45,1.57,,False,0.009572456209250084,0.0018066428315028696,0.045852597259527464
Gong,92,92,84.0,0.4182,,False,0.0068207086250874445,0.0013656531727943599,0.03331173756653525
Gong,93,93,65.0,0.3897,,False,0.007063227205927648,0.001393146877893345,0.035360234735133354
Gong,94,94,210.0,0.5,,False,0.005837597847752125,0.0011315238155746535,0.030671864786588263
Gong,95,95,49.0,2.466,,False,0.009936194952626397,0.0018999074392951276,0.050848679800390956
Gong,96,96,55.0,1.87,0.03,True,,,
Gong,97,97,135.0,0.31,,False,0.005894470223763354,0.0011792590096919096,0.028740520845610372
Gong,98,98,100.0,2.126,,False,0.008479671629013343,0.0016841910700614376,0.04342870701243264
Gong,99,99,15.0,2.9,,False,0.013205931913600966,0.0026550252439252516,0.06433124623033094
Gong,100,100,38.0,2.16,0.01,True,,,
Wei,1,Postiguet Footbridge [43],24.0,3.67,,False,0.011118522705571152,0.0023193840722186393,0.05357037884611605
Wei,2,Zlotnicka Footbridge [44],34.0,2.07,0.0043,True,,,
Wei,3,Solferino Footbridge without TMD damper [45],106.0,1.22,0.003,True,,,
Wei,4,Eeklo Footbridge [46],42.0,2.99,0.0019,True,,,
Wei,5,Changi Mezzanine Bridge [47],140.0,1.12,0.004,True,,,
Wei,6,"Wetteren Footbridge [48,49]",75.2,1.67,0.0026,True,,,
Wei,7,Erzbahnschwinge Footbridge [50],130.0,1.8,0.0034000000000000002,True,,,
Wei,8,Ninove Footbridge [46],36.0,2.97,0.0118,True,,,
Wei,9,Valladolid Footbridge [51],111.0,3.52,0.0040999999999999995,True,,,
Wei,10,Trabzon Footbridge A [52],12.0,9.39,0.01,True,,,
Wei,11,Viana Footbridge [53],36.3,1.03,,False,0.008351831966017341,0.0016743243489850351,0.0408726482308391
Wei,12,"Weil-am-Rhein Footbridge [54,55]",230.0,0.7,,False,0.005522332172065516,0.001073072315626393,0.027539585115339594
Wei,13,Guarda Footbridge [56],90.0,2.19,0.0034000000000000002,True,,,
Wei,14,Leuven footbridge [46],14.0,3.08,0.024700000000000003,True,,,
Wei,15,Anderlecht footbridge [46],30.0,3.24,0.0031,True,,,
Wei,16,Helix Bridge [57],65.0,1.9,0.005,True,,,
Wei,17,Mechelen Footbridge [46],29.0,3.75,0.0108,True,,,
Wei,18,Brugge Footbridge [46],4.8,1.64,0.0024,True,,,
Wei,19,Seriate Footbridge [58],63.9,1.03,0.0075,True,,,
Wei,20,A41 All Saints Way Footbridge [59],38.5,2.9,0.0045000000000000005,True,,,
Wei,21,Serra Footbridge [60],90.0,1.28,0.006,True,,,
Wei,22,Bears’ Cage Footbridge [61],23.0,6.06,0.053,True,,,
Wei,23,Charleroi Footbridge [62],38.25,1.66,0.0040999999999999995,True,,,
Wei,24,Cekov Footbridge [64],69.0,2.12,,False,0.00819758850522699,0.0016709993724622295,0.0400938079041442
Wei,25,Sherbrooke Footbridge [65],60.0,2.33,0.0124,True,,,
Wei,26,FEUP Footbridge [48],30.0,0.99,0.0069,True,,,
Wei,27,Reykjavik Footbridge A [66],27.1,2.33,0.009000000000000001,True,,,
Wei,28,Reykjavik Footbridge B [67],23.5,3.0,0.009000000000000001,True,,,
Wei,29,Krakow Footbridge [64],40.0,2.44,0.008100000000000001,True,,,
Wei,30,Baker Bridge [68],72.0,0.94,0.0034000000000000002,True,,,
Wei,31,Texas footbridge [69],40.0,2.38,,False,0.009447095600043302,0.0019285860391082292,0.04655913632999374
Wei,32,Stanisławice Footbridge [64],34.0,2.35,0.0088,True,,,
Wei,33,Celakovice Footbridge [70],156.0,0.72,0.019,True,,,
Wei,34,Kochenhofsteg Footbridge [71],42.5,1.0,0.0051,True,,,
Wei,35,"Eutinger Waagsteg Bridge [71,72]",50.0,1.29,0.009300000000000001,True,,,
Wei,36,"Glacisbruecke in Minden [71,91]",105.0,0.42,0.0116,True,,,
Wei,37,"Katzbuckelbruecke bridge [71,73]",73.7,0.45,,False,0.0063505434577497254,0.0012608193175994372,0.0321799332243005
Wei,38,Trabzon Footbridge B [74],35.0,2.08,0.012199999999999999,True,,,
Wei,39,Pedro e Inês footbridge [75],110.0,1.54,0.0053,True,,,
Wei,40,Knokke footbridge [46],50.1,1.55,0.0014000000000000002,True,,,
Wei,41,Rotterdam Footbridge [76],27.0,2.09,0.017,True,,,
Wei,42,Pasternak Footbridge [77],60.0,1.46,0.0067,True,,,
Wei,43,De Gasperi Footbridge [60],60.0,2.17,0.005,True,,,
Wei,44,Ponte del Mare Footbridge (without dampers) [78],173.0,0.75,0.0064,True,,,
Wei,45,Pcim Footbridge [79],60.0,1.95,0.0146,True,,,
Wei,46,Skybridge [68],21.2,4.0,0.022000000000000002,True,,,
Wei,47,Marecchia River Footbridge [80],92.0,1.4,0.047,True,,,
Wei,48,Lardal Bridge [81],92.0,1.45,0.024,True,,,
Wei,49,Glentress Footbridge [82],20.0,3.54,0.0305,True,,,
Wei,50,Pribor Footbridge [83],39.0,4.17,,False,0.010246430986623076,0.0021734876719825876,0.04959709207063401
Wei,51,Lockmeadow Bridge [19],46.0,1.28,0.011000000000000001,True,,,
Wei,52,"Aberfeldy Bridge [3,38]",63.0,1.52,0.004,True,,,
Wei,53,Parsons Bridge,16.9,4.75,0.023,True,,,
Wei,54,Delft Bridge A,15.0,4.78,0.006500000000000001,True,,,
Wei,55,Delft Bridge B,14.9,6.12,0.079,True,,,
Wei,56,Pontresina Bridge (Bonded) [39],12.5,13.0,0.051699999999999996,True,,,
Wei,57,Halgavor Bridge,47.0,1.99,0.015,True,,,
Wei,58,Wilcott Bridge,51.3,0.96,0.024900000000000002,True,,,
Wei,59,St Austell Footbridge,14.0,11.93,0.018000000000000002,True,,,
Wei,60,Hakui Bridge [40],10.6,9.4,0.023,True,,,
Wei,61,Tsukuba Bridge [40],10.1,8.1,0.026000000000000002,True,,,
Wei,62,Prato Bridge,25.0,7.5,0.026000000000000002,True,,,
Wei,63,A Truss bridge [41],17.8,6.4,0.012,True,,,
Wei,64,Bradkirk Bridge [42],12.0,17.4,0.027000000000000003,True,,,
Wei,65,Dover Seawall Wellards Way,14.0,15.1,0.013999999999999999,True,,,
