No,span_m,width_m,vertical_natural_frequency_Hz,vertical_damping_ratio,cross_section,bridge_type,girder_material,deck_material,lateral_natural_frequency_Hz,lateral_damping_ratio,bridge_id,first_vertical_frequency_Hz,damping_observed,zeta_imputed_median,zeta_imputed_lower_95,zeta_imputed_upper_95
1,25.0,3.0,2.44,,box,girder,steel,steel,1.04,,1,2.44,False,0.009380199340751117,0.0022596108858515982,0.039294043192517156
2,18.0,4.0,8.5,,GFRP,girder,GFRP,steel,2.82,,2,8.5,False,0.016089247345757274,0.0027749132928015586,0.0973684072925387
3,60.0,4.5,2.67,,box,girder,steel,steel,2.2,,3,2.67,False,0.008412661239261406,0.001975310269178056,0.035567894178426665
4,71.4,5.0,1.968,,box,girder,steel,steel,0.566,,4,1.968,False,0.007612480020360117,0.001792014102291144,0.03234942180266548
5,45.0,4.5,1.55,,box,arch,steel,steel,0.5855,,5,1.55,False,0.008653193966111174,0.0019366410836996468,0.03970576006224897
6,31.0,4.0,3.112,,CFST-CSW,girder,steel-concrete composite,concrete,5.417,,6,3.112,False,0.016363953948923537,0.003570326507118822,0.07357841214864497
7,125.0,3.0,0.492,,section steel,suspension,steel,mixed,0.569,,7,0.492,False,0.007023173677637341,0.001506854672759166,0.035087533125133734
8,16.0,4.0,2.5487,,section steel,girder,steel,timber,0.7183,,8,2.5487,False,0.010936145604282944,0.002371000427402926,0.049819679748934746
9,72.0,7.38,0.222,,section steel,cable-stayed,steel,concrete,1.145,0.02,9,0.222,False,0.0042250763249138045,0.0007896968414455732,0.021377002803914906
10,216.7,3.8,0.504,0.005,box,suspension,steel,steel,1.154,0.005,10,0.504,True,,,
11,198.15,15.0,0.54,,box,arch,steel,steel,1.296,,11,0.54,False,0.005671151073655077,0.0012829125451166682,0.025056651206842456
12,84.6,2.5,1.311,,box,arch,steel,steel,1.629,,12,1.311,False,0.0075906879935720775,0.0016648124393312217,0.03276309625065748
13,100.0,2.4,2.2,,box,arch,steel,steel,1.21,,13,2.2,False,0.008108517768817209,0.0018682734009099905,0.039080212334170104
14,41.85,4.0,2.072,0.004,box,cable-stayed,steel,steel,3.417,,14,2.072,True,,,
15,200.0,6.0,1.338,0.005,box,cable-stayed,steel,steel,0.599,0.005,15,1.338,True,,,
16,64.0,5.0,1.97,,box,girder,steel,steel,2.49,,16,1.97,False,0.007821928401924336,0.001868913565273988,0.03279991021674269
17,120.0,9.0,1.6647,0.02,box,arch,steel,epoxy resin,2.7725,,17,1.6647,True,,,
18,130.0,12.94,0.6965,0.005,box,arch,steel,concrete,1.2491,0.005,18,0.6965,True,,,
19,125.0,7.6,1.118,0.00249,box,girder,steel,steel,2.141,0.01325,19,1.118,True,,,
20,65.729,4.0,1.9,0.01,steel truss,girder,steel,concrete,,,20,1.9,True,,,
21,430.0,6.0,0.204,,steel-concrete composite,suspension,steel-concrete composite,reinforced glass,0.157,,21,0.204,False,0.008608977912143415,0.0018531709161915067,0.04120642906319185
22,416.0,4.4,0.1345,,steel tubular truss,suspension,steel,reinforced glass,0.1664,,22,0.1345,False,0.004578783027845357,0.0009835430671690571,0.02214270840547008
23,580.0,4.6,0.19,0.02,steel-concrete composite,suspension,steel-concrete composite,reinforced glass,0.185,0.02,23,0.19,True,,,
24,68.27,5.3,2.65,0.02,steel-concrete composite,girder,steel-concrete composite,concrete,12.35,0.02,24,2.65,True,,,
25,36.5,6.15,2.345,,steel-concrete composite,girder,steel-concrete composite,concrete,3.426,,25,2.345,False,0.01567961604548921,0.0033977452633565807,0.0661207252785692
26,338.0,3.7125,0.325,,steel-concrete composite,suspension,steel-concrete composite,concrete,0.157,,26,0.325,False,0.009399033713009899,0.0020304321659770585,0.04515316213331695
27,122.7,4.0,0.817,0.01,precast hollow slab,arch,concrete,concrete,0.599,0.01,27,0.817,True,,,
28,39.5,3.0,1.737,0.011,girder,arch,glued timber,plank,3.444,0.011,28,1.737,True,,,
29,240.0,10.0,1.451,,box,cable-stayed,steel,unknown,1.075,,29,1.451,False,0.004934484247912265,0.0010476407637906246,0.023388260321329228
30,103.0,1.8,0.61,0.0095,unknown,arch,steel,steel,1.72,0.0069,30,0.61,True,,,
31,400.0,8.5,1.703,,box,suspension,steel,unknown,0.616,,31,1.703,False,0.007323492324242638,0.0015221117114423966,0.03532458538688354
32,70.5,7.265,0.84,0.02,box,suspension,steel,steel,0.91,0.02,32,0.84,True,,,
33,192.0,2.3,0.312,0.02,steel-concrete composite,suspension,steel-concrete composite,reinforced glass,0.195,0.02,33,0.312,True,,,
34,110.0,9.6,1.114,0.005,box,girder,steel,steel,2.266,0.005,34,1.114,True,,,
35,45.0,7.0,2.062,,box,cable-stayed,steel,steel,1.444,,35,2.062,False,0.006741956392098352,0.0014849871359767781,0.03028601652172764
36,420.0,4.0,0.25,0.005,section steel,suspension,steel,concrete,0.23,0.005,36,0.25,True,,,
37,442.0,2.0,0.279,0.0015,section steel,suspension,steel,reinforced glass,0.262,0.0015,37,0.279,True,,,
38,90.0,9.0,2.2574,,box and section steel,suspension,steel,mixed,5.02,,38,2.2574,False,0.009717316202810888,0.002003175350749061,0.045724344236605874
39,110.0,6.0,1.475,,box,cable-stayed,steel,mixed,1.98,,39,1.475,False,0.005567870538864151,0.0012020982406338442,0.026567240478856047
40,31.7,4.0,2.49,,box,girder,steel,floor tile,1.04,,40,2.49,False,0.009408281037859349,0.0021183027454279146,0.04074642288686888
41,125.0,1.8,2.05,,unknown,arch,unknown,unknown,0.32,,41,2.05,False,0.0110758548963432,0.0020359536231914156,0.0533472684183865
42,46.0,3.7,2.12,0.015,box,girder,concrete,concrete,5.15,,42,2.12,True,,,
43,120.0,2.1,0.136,,section steel,suspension,steel,steel,0.083,,43,0.136,False,0.005589488786901418,0.001111746301489295,0.025089032672145628
44,30.0,2.0,5.06,,steel truss,arch,steel,steel,2.74,,44,5.06,False,0.011584313542846444,0.002487905793356435,0.05386788467869329
45,100.0,5.0,3.11,,prestressed concrete beam,arch,concrete,concrete,0.99,,45,3.11,False,0.01230812737066353,0.0024108102479348434,0.06051208411916091
46,60.0,9.0,1.465,0.005,box,arch,steel,unknown,2.115,,46,1.465,True,,,
47,42.06,4.7,4.09,0.0038,steel truss,girder,steel,mixed,2.56,,47,4.09,True,,,
48,74.2,3.1,1.166,,box,suspension,steel,steel,1.267,,48,1.166,False,0.008743645993812658,0.0019216025203208727,0.04008420882989974
49,42.2,3.5,2.1,0.02,box,girder,steel,steel,1.22,0.02,49,2.1,True,,,
50,62.9,2.4,1.86,0.0058,steel truss,girder,steel,mixed,1.66,,50,1.86,True,,,
51,120.0,4.0,0.742,,box,suspension,steel,steel,0.455,,51,0.742,False,0.007569649185652486,0.0017016237125239595,0.03466575560465977
52,369.0,3.6,0.375,0.005,section steel,suspension,steel,timber,0.297,0.005,52,0.375,True,,,
53,96.0,4.0,0.3883,,section steel,suspension,steel,reinforced glass,0.4015,,53,0.3883,False,0.006936194647107055,0.0015736944530072388,0.03214659637160164
54,72.0,7.38,0.569,0.01,steel-concrete composite,cable-stayed,steel-concrete composite,concrete,1.347,0.01,54,0.569,True,,,
55,44.0,5.15,1.571,0.005,steel truss,girder,steel,unknown,0.601,0.005,55,1.571,True,,,
56,30.0,5.4789,3.0,,truss,girder,aluminum alloy,concrete,5.2,,56,3.0,False,0.012296273529198286,0.002143926994019507,0.06493395373214486
57,40.0,2.7,1.78,,box,girder,steel,unknown,3.09,,57,1.78,False,0.008590820138772343,0.0019777684391684715,0.03686651914857598
58,10.0,2.4,5.03,0.0325,steel truss,girder,steel,timber,2.23,0.0325,58,5.03,True,,,
59,12.95,5.4789,10.21,,section steel,girder,steel,timber,10.9,,59,10.21,False,0.014468306642088202,0.0031246967203998736,0.06734980383179696
60,83.0,4.0,1.22,,box,girder,steel,steel,1.574,,60,1.22,False,0.006920641159180674,0.0016501052376666984,0.028713292430951203
61,40.0,5.5,3.6895,,box,arch,steel,rubber plate,6.3025,,61,3.6895,False,0.010245186464567138,0.002254648524332867,0.04908994294015717
62,33.0,5.5,3.681,0.00413,box,cable-stayed,steel,steel,3.309,0.00413,62,3.681,True,,,
63,40.3,5.5,4.875,,box,arch,steel,mixed,6.2,,63,4.875,False,0.011012988702614874,0.0023381955742595452,0.05095891735847496
64,32.7,5.0,6.05,,steel truss,girder,steel,unknown,2.82,,64,6.05,False,0.011060512924860051,0.0024390068844615744,0.04772522636125598
65,60.0,7.5,0.366,,steel truss,cable-stayed,steel,reinforced glass,0.614,,65,0.366,False,0.004901560405397069,0.0009617660942094666,0.0249333761519492
66,100.0,7.5,2.096,0.02,steel truss,girder,steel,unknown,1.085,0.02,66,2.096,True,,,
67,60.0,7.0,1.654,,box,arch,steel,steel,4.678,,67,1.654,False,0.008475326614157248,0.0018425798993741136,0.03522665702566123
68,44.0,4.7,1.88,0.015,box,girder,concrete,concrete,3.22,,68,1.88,True,,,
69,72.0,4.5,1.475,0.004,box,cable-stayed,steel,rubber plate,2.141,0.004,69,1.475,True,,,
70,68.75,5.0,1.96,0.005,steel truss,girder,steel-concrete composite,concrete,1.99,0.005,70,1.96,True,,,
71,81.0,7.0,2.96,0.004,steel truss,cable-stayed,steel,mixed,1.61,0.004,71,2.96,True,,,
72,36.0,5.0,2.5,,section steel,arch,steel,mixed,10.75,,72,2.5,False,0.010086121836835573,0.0022306338899572794,0.04768024445538707
73,51.0,6.0,3.18,,box,arch,steel,steel,8.487,,73,3.18,False,0.00970160620375454,0.0021632115537287867,0.04504933698836437
74,35.0,2.4,2.282,,steel tubular truss,girder,steel,steel,1.374,,74,2.282,False,0.008759850318045772,0.001978917101433927,0.039361595022343834
75,80.0,6.0,1.136,,box,cable-stayed,steel,steel,,,75,1.136,False,0.005581100401278544,0.0012039143609072502,0.024934825792163065
76,140.0,6.0,0.774,0.005,box,girder,steel,steel,1.444,0.005,76,0.774,True,,,
77,135.0,9.6,0.444,,section steel,cable-stayed,steel,steel,1.042,,77,0.444,False,0.004356839628251719,0.0008987461256880844,0.021291442628846215
78,58.7,6.0,1.7,,steel tubular truss,cable-stayed,steel,steel,,,78,1.7,False,0.006223871139324551,0.0014195518840434457,0.027621557899140073
79,79.0,3.0,1.778,,box,suspension,steel,steel,3.889,,79,1.778,False,0.009481771452277415,0.0019461000698057695,0.043905162886329875
80,79.4,3.75,4.074,,box,cable-stayed,steel,mixed,2.2,,80,4.074,False,0.007039437932372383,0.0014995339978377212,0.033068457390011144
81,183.0,4.4,0.4885,0.02,section steel,suspension,steel,mixed,0.4389,0.02,81,0.4885,True,,,
82,23.5,2.4,1.772,0.005,box and section steel,girder,steel,concrete,3.009,0.005,82,1.772,True,,,
83,64.0,14.6,1.64,0.008,box,girder,concrete,concrete,0.987,,83,1.64,True,,,
84,85.0,5.0,1.353,,box,girder,steel,mixed,1.25,,84,1.353,False,0.007179385926726182,0.0017274012212240963,0.02884665443998934
85,40.0,4.5,3.467,,box,girder,steel,concrete,3.857,,85,3.467,False,0.009526021074760013,0.0021000930757563,0.04039719677429674
86,80.0,4.0,1.42,,section steel,suspension,steel,steel,1.04,,86,1.42,False,0.008939128739250745,0.0019320397513128181,0.04209359373244685
87,75.0,5.0,2.6,0.004,box,girder,steel,unknown,1.64,,87,2.6,True,,,
88,60.6,6.0,2.65,0.0109,steel truss,girder,steel,mixed,2.06,,88,2.65,True,,,
89,124.0,36.5,0.549,,giant star and variable cross section steel beams,cable-stayed,steel,reinforced glass,0.684,,89,0.549,False,0.00470605201361135,0.0009875760503703943,0.02172903194537511
90,46.412,3.7,2.12,0.015,unknown,girder,unknown,unknown,5.15,0.015,90,2.12,True,,,
91,49.45,8.475,1.57,,steel-concrete composite,arch,steel-concrete composite,unknown,0.57,,91,1.57,False,0.0155233655282523,0.0031480490017298367,0.07674393597835881
92,84.0,1.8,0.4182,,section steel,suspension,steel,steel,0.2705,,92,0.4182,False,0.00711120004469395,0.0016024884644283543,0.03260162578204781
93,65.0,3.0,0.3897,,section steel,suspension,steel,steel,3.0646,,93,0.3897,False,0.007338736237922889,0.0016087604353089496,0.033122512157724326
94,210.0,3.0,0.5,,section steel,suspension,steel,reinforced glass,0.2,,94,0.5,False,0.006574955227557124,0.0014642805824182856,0.029754335090638562
95,49.0,3.0,2.466,,box,girder,steel,unknown,,,95,2.466,False,0.00872160331139061,0.0020928374544599716,0.036043382610985865
96,55.0,4.5,1.87,0.03,box,girder,steel,unknown,5.65,0.03,96,1.87,True,,,
97,135.0,9.6,0.31,,box,cable-stayed,steel,steel,2.35,,97,0.31,False,0.004026926609262203,0.0008658121211449719,0.019312405749355263
98,100.0,2.5,2.126,,wood beam,arch,glued timber,timber,2.692,,98,2.126,False,0.010939192966975639,0.002181709189878106,0.05825694855687467
99,15.0,17.67,2.9,,unknown,girder,unknown,unknown,,,99,2.9,False,0.015263261373186527,0.0029488125627462787,0.07330016166613268
100,38.0,5.0,2.16,0.01,unknown,girder,unknown,unknown,,,100,2.16,True,,,
101,24.0,2.2,3.67,,unknown,unknown,Steel,unknown,,,101,3.67,False,0.007784849231192294,0.0018667140281027038,0.032741916940082424
102,34.0,3.0,2.07,0.0043,unknown,unknown,Steel,unknown,,,102,2.07,True,,,
103,106.0,12.0,1.22,,unknown,unknown,Steel,unknown,,,103,1.22,False,0.004945413525746722,0.0011399568764829324,0.022286598794642166
104,42.0,3.0,2.99,0.0019,unknown,unknown,Steel,unknown,,,104,2.99,True,,,
105,140.0,,1.12,0.004,unknown,unknown,Steel,unknown,,,105,1.12,True,,,
106,75.2,,1.67,0.0026,unknown,unknown,Steel,unknown,,,106,1.67,True,,,
107,130.0,3.0,1.8,0.0034,unknown,unknown,Steel,unknown,,,107,1.8,True,,,
108,36.0,,2.97,0.0118,unknown,unknown,Steel,unknown,,,108,2.97,True,,,
109,111.0,,3.52,0.0041,unknown,unknown,Steel,unknown,,,109,3.52,True,,,
110,12.0,2.3,9.39,0.01,unknown,unknown,Steel,unknown,,,110,9.39,True,,,
111,36.3,2.5,1.03,,unknown,unknown,Steel,unknown,,,111,1.03,False,0.0058005798851254,0.0013549182305877142,0.026074739828762152
112,230.0,5.0,0.7,,unknown,unknown,Steel,unknown,,,112,0.7,False,0.0039062085759037765,0.0009073350384367419,0.017256912094992707
113,90.0,,2.19,0.0034,unknown,unknown,Steel,unknown,,,113,2.19,True,,,
114,14.0,5.0,3.08,0.0247,unknown,unknown,Steel,unknown,,,114,3.08,True,,,
115,30.0,4.8,3.24,0.0031,unknown,unknown,Steel,unknown,,,115,3.24,True,,,
116,65.0,6.0,1.9,0.005,unknown,unknown,Steel,unknown,,,116,1.9,True,,,
117,29.0,3.0,3.75,0.0108,unknown,unknown,Steel,unknown,,,117,3.75,True,,,
118,4.8,2.7,1.64,0.0024,unknown,unknown,Steel,unknown,,,118,1.64,True,,,
119,63.9,2.5,1.03,0.0075,unknown,unknown,Steel,unknown,,,119,1.03,True,,,
120,38.5,,2.9,0.0045,unknown,unknown,Steel,unknown,,,120,2.9,True,,,
121,90.0,,1.28,0.006,unknown,unknown,Steel,unknown,,,121,1.28,True,,,
122,23.0,4.0,6.06,0.053,unknown,unknown,Steel,unknown,,,122,6.06,True,,,
123,38.25,13.35,1.66,0.0041,unknown,unknown,Steel,unknown,,,123,1.66,True,,,
124,69.0,3.0,2.12,,unknown,unknown,Concrete,unknown,,,124,2.12,False,0.008693119535533542,0.002117638115664729,0.03875952831528774
125,60.0,3.3,2.33,0.0124,unknown,unknown,Concrete,unknown,,,125,2.33,True,,,
126,30.0,3.8,0.99,0.0069,unknown,unknown,Concrete,unknown,,,126,0.99,True,,,
127,27.1,3.26,2.33,0.009,unknown,unknown,Concrete,unknown,,,127,2.33,True,,,
128,23.5,3.26,3.0,0.009,unknown,unknown,Concrete,unknown,,,128,3.0,True,,,
129,40.0,4.0,2.44,0.0081,unknown,unknown,Concrete,unknown,,,129,2.44,True,,,
130,72.0,3.0,0.94,0.0034,unknown,unknown,Concrete,unknown,,,130,0.94,True,,,
131,40.0,3.66,2.38,,unknown,unknown,Concrete,unknown,,,131,2.38,False,0.009946575116324016,0.0021931271172336893,0.04139056308479669
132,34.0,4.1,2.35,0.0088,unknown,unknown,Concrete,unknown,,,132,2.35,True,,,
133,156.0,3.64,0.72,0.019,unknown,unknown,Concrete,unknown,,,133,0.72,True,,,
134,42.5,3.0,1.0,0.0051,unknown,unknown,Steel-concrete,unknown,,,134,1.0,True,,,
135,50.0,2.88,1.29,0.0093,unknown,unknown,Steel-concrete,unknown,,,135,1.29,True,,,
136,105.0,,0.42,0.0116,unknown,unknown,Steel-concrete,unknown,,,136,0.42,True,,,
137,73.7,3.5,0.45,,unknown,unknown,Steel-concrete,unknown,,,137,0.45,False,0.0060103858074954455,0.001325788634501505,0.026492622946733844
138,35.0,3.3,2.08,0.0122,unknown,unknown,Steel-concrete,unknown,,,138,2.08,True,,,
139,110.0,4.0,1.54,0.0053,unknown,unknown,Steel-concrete,unknown,,,139,1.54,True,,,
140,50.1,3.0,1.55,0.0014,unknown,unknown,Steel-concrete,unknown,,,140,1.55,True,,,
141,27.0,5.3,2.09,0.017,unknown,unknown,Steel-concrete,unknown,,,141,2.09,True,,,
142,60.0,3.0,1.46,0.0067,unknown,unknown,Steel-concrete,unknown,,,142,1.46,True,,,
143,60.0,3.0,2.17,0.005,unknown,unknown,Steel-concrete,unknown,,,143,2.17,True,,,
144,173.0,4.1,0.75,0.0064,unknown,unknown,Steel-concrete,unknown,,,144,0.75,True,,,
145,60.0,,1.95,0.0146,unknown,unknown,Steel-concrete,unknown,,,145,1.95,True,,,
146,21.2,,4.0,0.022,unknown,unknown,Steel,unknown,,,146,4.0,True,,,
147,92.0,5.0,1.4,0.047,unknown,unknown,Timber,unknown,,,147,1.4,True,,,
148,92.0,2.4,1.45,0.024,unknown,unknown,Timber,unknown,,,148,1.45,True,,,
149,20.0,2.0,3.54,0.0305,unknown,unknown,Timber,unknown,,,149,3.54,True,,,
150,39.0,3.0,4.17,,unknown,unknown,Timber,unknown,,,150,4.17,False,0.02219135343845472,0.004582782958604441,0.10363884163225547
151,46.0,2.1,1.28,0.011,unknown,unknown,Aluminium,unknown,,,151,1.28,True,,,
152,63.0,2.12,1.52,0.004,unknown,unknown,FRP,unknown,,,152,1.52,True,,,
153,16.9,0.78,4.75,0.023,unknown,unknown,FRP,unknown,,,153,4.75,True,,,
154,15.0,2.0,4.78,0.0065,unknown,unknown,FRP,unknown,,,154,4.78,True,,,
155,14.9,4.5,6.12,0.079,unknown,unknown,FRP,unknown,,,155,6.12,True,,,
156,12.5,1.93,13.0,0.0517,unknown,unknown,FRP,unknown,,,156,13.0,True,,,
157,47.0,3.5,1.99,0.015,unknown,unknown,FRP,unknown,,,157,1.99,True,,,
158,51.3,2.1,0.96,0.0249,unknown,unknown,FRP,unknown,,,158,0.96,True,,,
159,14.0,1.42,11.93,0.018,unknown,unknown,FRP,unknown,,,159,11.93,True,,,
160,10.6,4.0,9.4,0.023,unknown,unknown,FRP,unknown,,,160,9.4,True,,,
161,10.1,,8.1,0.026,unknown,unknown,FRP,unknown,,,161,8.1,True,,,
162,25.0,2.5,7.5,0.026,unknown,unknown,FRP,unknown,,,162,7.5,True,,,
163,17.8,2.0,6.4,0.012,unknown,unknown,FRP,unknown,,,163,6.4,True,,,
164,12.0,,17.4,0.027,unknown,unknown,FRP,unknown,,,164,17.4,True,,,
165,14.0,,15.1,0.014,unknown,unknown,FRP,unknown,,,165,15.1,True,,,
166,37.0,1.7,2.29,,unknown,unknown,unknown,unknown,1.86,,166,2.29,False,0.012342047096622642,0.002371602564400044,0.05895222217668379
167,39.0,1.8,3.25,,unknown,unknown,unknown,unknown,2.44,,167,3.25,False,0.012870558398312375,0.002485808756478651,0.061892822960184016
168,28.0,2.2,3.42,,unknown,unknown,unknown,unknown,2.15,,168,3.42,False,0.013637158598526513,0.0027903875709195405,0.06898747667465198
169,42.0,2.0,3.12,,unknown,unknown,unknown,unknown,2.7,,169,3.12,False,0.012362042373549988,0.0025918046682843407,0.061438322186347816
170,37.0,2.0,3.42,,unknown,unknown,unknown,unknown,2.25,,170,3.42,False,0.012895002862636696,0.0027131743286619124,0.0717515334698743
171,37.0,2.0,5.6,,unknown,unknown,unknown,unknown,3.9,,171,5.6,False,0.014092450849579689,0.0029906272613596284,0.06874702213555192
172,43.0,1.7,5.05,,unknown,unknown,unknown,unknown,3.42,,172,5.05,False,0.013475392248373115,0.0027069080079539427,0.06621418119854908
173,26.0,2.0,3.52,,unknown,unknown,unknown,unknown,6.7,,173,3.52,False,0.013859639768523658,0.0028469551703467206,0.06611212360738893
174,53.0,2.0,2.25,,unknown,unknown,unknown,unknown,2.9,,174,2.25,False,0.011349828639269043,0.002390087114851935,0.05363715134045358
175,41.0,2.0,2.25,,unknown,unknown,unknown,unknown,1.95,,175,2.25,False,0.011735998202812344,0.002479103879325094,0.05730163092593575
176,14.0,2.0,9.3,,unknown,unknown,unknown,unknown,2.93,,176,9.3,False,0.018390447746819402,0.003624864838886877,0.09379207696717771
177,20.0,2.0,3.52,,unknown,unknown,unknown,unknown,6.93,,177,3.52,False,0.014550383722192757,0.0029352327317236655,0.06876662912996613
178,32.0,2.1,1.76,,unknown,unknown,unknown,unknown,1.76,,178,1.76,False,0.011948685297445149,0.002421629572788358,0.05833632032697944
179,29.0,2.0,2.0,,unknown,unknown,unknown,unknown,3.7,,179,2.0,False,0.012280109913294417,0.002523808976988978,0.060274250734328086
180,16.0,2.0,7.1,,unknown,unknown,unknown,unknown,3.65,,180,7.1,False,0.017273971087570707,0.00336700496156945,0.08075056018560887
181,21.0,2.5,4.3,,unknown,unknown,unknown,unknown,6.8,,181,4.3,False,0.015162061099376963,0.003124240428078268,0.07030959693259121
182,21.0,2.0,5.2,,unknown,unknown,unknown,unknown,2.0,,182,5.2,False,0.015260359078586305,0.0030402300998329025,0.07519856789322077
183,28.0,2.0,4.08,,unknown,unknown,unknown,unknown,2.0,,183,4.08,False,0.01412130034544895,0.003009517737056447,0.06790628402677712
184,17.0,2.0,9.6,,unknown,unknown,unknown,unknown,3.36,,184,9.6,False,0.018038190424692978,0.0035982392212937694,0.08716948419736749
185,38.0,1.7,3.03,,unknown,unknown,unknown,unknown,1.17,,185,3.03,False,0.012417104569122699,0.0026821837272711603,0.06055800047959385
186,25.0,2.0,4.77,,unknown,unknown,unknown,unknown,4.79,,186,4.77,False,0.01496715225313513,0.002897114149733947,0.07149591617019982
187,30.0,2.8,3.42,,unknown,unknown,unknown,unknown,2.73,,187,3.42,False,0.013286948841824256,0.0025835883194928896,0.06699997154526184
188,46.0,2.4,3.81,,unknown,unknown,unknown,unknown,1.95,,188,3.81,False,0.012731779289449314,0.002639047312162069,0.06347632078762135
189,50.0,3.0,2.93,,unknown,unknown,unknown,unknown,2.25,,189,2.93,False,0.01221752841382846,0.002578470064248194,0.05665813163416299
190,21.0,2.0,2.66,,unknown,unknown,unknown,unknown,2.26,,190,2.66,False,0.013770857385527972,0.0027677409635657305,0.06563158230139333
191,20.0,1.4,2.07,,unknown,unknown,unknown,unknown,2.07,,191,2.07,False,0.013173466516550172,0.002701308950657256,0.0641716664861967
192,22.0,2.0,7.72,,unknown,unknown,unknown,unknown,5.03,,192,7.72,False,0.016287345971853606,0.0032267786684556485,0.07756680029082134
193,42.0,2.5,4.98,,unknown,unknown,unknown,unknown,2.73,,193,4.98,False,0.013801543308645817,0.0028041091403652497,0.06715695039984784
194,48.0,2.5,5.6,,unknown,unknown,unknown,unknown,2.2,,194,5.6,False,0.013711038204481264,0.0027161808455664622,0.07031407799503367
195,26.0,2.5,6.54,,unknown,unknown,unknown,unknown,5.4,,195,6.54,False,0.01602555614155294,0.003032915949229781,0.07663017437986248
196,20.0,2.0,7.4,,unknown,unknown,unknown,unknown,3.2,,196,7.4,False,0.0165916772957448,0.0032691582209093415,0.078418243848063
197,51.0,3.3,3.16,,unknown,unknown,unknown,unknown,3.16,,197,3.16,False,0.01214174175467418,0.00242779136078133,0.059659474108702704
198,28.0,2.0,1.86,,unknown,unknown,unknown,unknown,2.44,,198,1.86,False,0.01231287728751403,0.00256110349745437,0.06025634304272918
199,19.0,2.0,2.5,,unknown,unknown,unknown,unknown,3.71,,199,2.5,False,0.01384313959486155,0.0028365611131238306,0.06461281954310855
200,28.0,2.0,1.86,,unknown,unknown,unknown,unknown,3.32,,200,1.86,False,0.012275917211005832,0.0024035741998453936,0.05533557347621056
201,22.0,2.0,4.2,,unknown,unknown,unknown,unknown,5.4,,201,4.2,False,0.014674672585513117,0.0029803451233589955,0.07158987439742605
202,30.0,2.1,2.88,,unknown,unknown,unknown,unknown,4.32,,202,2.88,False,0.013018140884526068,0.0026787259929823867,0.06596817543336303
203,30.0,2.1,2.73,,unknown,unknown,unknown,unknown,3.91,,203,2.73,False,0.012942575601242602,0.0026537198546815917,0.06121790372197097
204,25.0,2.5,4.0,,unknown,unknown,unknown,unknown,2.91,,204,4.0,False,0.014268274521415207,0.002908509350717634,0.06747512834593243
205,28.0,2.5,3.81,,unknown,unknown,unknown,unknown,1.76,,205,3.81,False,0.013947099038750785,0.0028154614086310934,0.06934208968934306
206,19.0,2.5,6.45,,unknown,unknown,unknown,unknown,5.57,,206,6.45,False,0.01636779181228029,0.003363920628885735,0.07802769007190044
207,26.0,2.0,3.79,,unknown,unknown,unknown,unknown,3.73,,207,3.79,False,0.014101510735559826,0.002795031667136252,0.07542828378707359
208,29.0,1.5,1.9,,unknown,unknown,unknown,unknown,1.9,,208,1.9,False,0.012373699412177322,0.0024319740534626886,0.06312406363950943
209,38.0,1.8,2.3,,unknown,unknown,unknown,unknown,2.06,,209,2.3,False,0.011837017103043081,0.002357954396723437,0.061178324396773155
210,32.0,1.8,3.1,,unknown,unknown,unknown,unknown,1.8,,210,3.1,False,0.012941349403379305,0.0027359874344118408,0.0647071371594615
211,22.0,2.0,3.58,,unknown,unknown,unknown,unknown,2.6,,211,3.58,False,0.01400435347457749,0.0028638942171628047,0.06945933609501656
212,13.0,2.0,10.7,,unknown,unknown,unknown,unknown,2.6,,212,10.7,False,0.018837342251804792,0.0037338010162592736,0.0960280426817941
213,11.0,2.0,13.5,,unknown,unknown,unknown,unknown,2.6,,213,13.5,False,0.02027686436930347,0.003976375891285409,0.09790438900852312
214,22.0,2.0,5.05,,unknown,unknown,unknown,unknown,3.55,,214,5.05,False,0.015394917080546976,0.003188978839260369,0.07489516796207564
215,23.0,1.5,3.5,,unknown,unknown,unknown,unknown,4.1,,215,3.5,False,0.014101110103467582,0.003024115064721719,0.07453936364328927
216,31.0,1.7,4.49,,unknown,unknown,unknown,unknown,1.37,,216,4.49,False,0.013867752342189144,0.002871711786484028,0.06705297204423591
217,22.0,2.0,4.2,,unknown,unknown,unknown,unknown,5.4,,217,4.2,False,0.014707353263451673,0.002988500619229986,0.07240345305328694
218,36.0,2.0,2.57,,unknown,unknown,unknown,unknown,1.24,,218,2.57,False,0.012584291888213885,0.0024356753701457955,0.059810187380165726
219,37.0,2.0,1.9,,unknown,unknown,unknown,unknown,2.1,,219,1.9,False,0.011502274660869437,0.0023502837006964925,0.05648974470587541
220,21.0,2.0,6.9,,unknown,unknown,unknown,unknown,6.9,,220,6.9,False,0.015973660661749225,0.0031308499169213156,0.08242766588884878
221,20.0,2.3,3.5,,unknown,unknown,unknown,unknown,1.6,,221,3.5,False,0.014432619428406934,0.0028732317270193414,0.07035431253179046
222,22.0,4.0,3.71,,unknown,unknown,unknown,unknown,6.3,,222,3.71,False,0.014144485600517575,0.0029552936622516675,0.06963479631696055
223,31.0,2.0,2.76,,unknown,unknown,unknown,unknown,2.52,,223,2.76,False,0.012700209936524489,0.0026136256831494516,0.05970276591713355
224,32.0,2.0,3.13,,unknown,unknown,unknown,unknown,2.52,,224,3.13,False,0.013129602402098197,0.0026983884292324455,0.06172124564298274
225,41.0,2.2,2.32,,unknown,unknown,unknown,unknown,2.52,,225,2.32,False,0.011902099495466972,0.0024936393994402163,0.057117431053667816
226,46.0,2.4,2.12,,unknown,unknown,unknown,unknown,2.07,,226,2.12,False,0.0115441877968058,0.002454851949514567,0.055315609478143006
227,39.0,2.0,2.58,,unknown,unknown,unknown,unknown,2.76,,227,2.58,False,0.012286235508597077,0.002483088116455888,0.05774011939882031
228,25.0,2.0,3.76,,unknown,unknown,unknown,unknown,3.0,,228,3.76,False,0.014112705811654476,0.0029910839508485725,0.06938974793889112
229,38.0,4.0,3.86,,unknown,unknown,unknown,unknown,7.3,,229,3.86,False,0.013334359015711849,0.0027600402888651497,0.06546282329161142
230,56.0,4.0,1.9,,unknown,unknown,unknown,unknown,2.16,,230,1.9,False,0.011133802652324127,0.0022248414373245286,0.05380391136165502
231,25.0,2.5,5.8,,unknown,unknown,unknown,unknown,5.8,,231,5.8,False,0.015302007977064463,0.0030908930349689482,0.0745458210155292
232,48.0,2.5,2.36,,unknown,unknown,unknown,unknown,1.12,,232,2.36,False,0.011851822031944632,0.00232469260908211,0.055275774855824904
233,32.0,2.8,0.81,,unknown,unknown,unknown,unknown,2.15,,233,0.81,False,0.010314215537522944,0.0019916843029324557,0.053013443638473316
234,75.0,2.4,0.94,,unknown,unknown,unknown,unknown,1.83,,234,0.94,False,0.009136186687783272,0.001873508658312611,0.04586827821919421
235,75.0,2.4,0.88,,unknown,unknown,unknown,unknown,1.7,,235,0.88,False,0.009076950756097234,0.0018544730683462693,0.04534623147444514
236,90.0,2.0,2.33,,unknown,unknown,unknown,unknown,0.63,,236,2.33,False,0.01040313461654174,0.002122681615308976,0.05222637149636074
237,25.0,2.0,3.22,,unknown,unknown,unknown,unknown,3.22,,237,3.22,False,0.013861445308930142,0.002816271356203203,0.07415740747447776
238,30.0,2.5,5.37,,unknown,unknown,unknown,unknown,2.7,,238,5.37,False,0.014588002101600684,0.0029807591326014345,0.07052059152771199
239,32.0,2.5,5.37,,unknown,unknown,unknown,unknown,4.0,,239,5.37,False,0.014678086079001975,0.0030555973945266606,0.06712099856518722
240,49.0,4.4,2.47,,unknown,unknown,unknown,unknown,1.36,,240,2.47,False,0.011724048072302725,0.0022560304666388066,0.061157462728404534
241,110.0,4.0,1.95,,unknown,unknown,unknown,unknown,0.91,,241,1.95,False,0.009979016155201177,0.002020076578407837,0.04970931573058231
242,36.0,2.5,1.03,,unknown,unknown,unknown,unknown,0.98,,242,1.03,False,0.010573755553429431,0.002214104676701841,0.05223566563959185
243,36.0,2.5,3.17,,unknown,unknown,unknown,unknown,4.09,,243,3.17,False,0.012665845643024535,0.002575621479252921,0.06411412624530191
244,13.0,2.0,3.17,,unknown,unknown,unknown,unknown,,,244,3.17,False,0.015368327671075738,0.0031551301889216426,0.07178918520170577
