T,p_q025,p_q05,p_q50,p_mean,p_q95,p_q975
0.0,0.05040341725169997,0.060124877832472945,0.13489600282884584,0.1472705265755505,0.2773060337953827,0.31167424180880027
0.007090133779264215,0.050413829806562185,0.05989905427886295,0.13537651605381845,0.14776196491711477,0.2779618416734226,0.31189938351807955
0.01418026755852843,0.05137150084402303,0.06040472505595421,0.13546830246637498,0.14776277898885323,0.2782859596784775,0.31269617984008197
0.021270401337792646,0.05028239088942283,0.05984600646018524,0.13471411099915792,0.14709413642636157,0.2774632830302143,0.31122678792802316
0.02836053511705686,0.050823418558526665,0.05999689905692537,0.1351836756176832,0.14751012944700356,0.27793243653115446,0.31168708793149513
0.03545066889632108,0.05066317633421985,0.06015785595602995,0.1355874647473987,0.14758410971858127,0.27656983412785235,0.3133123676692876
0.04254080267558529,0.05039777517914802,0.05993794323511504,0.13500501903801937,0.14720489305990292,0.2765415195088198,0.31225303961986545
0.049630936454849506,0.050373868946738294,0.05985342117856741,0.13520538707723415,0.14747991671818134,0.2772425200563674,0.3119951074132753
0.05672107023411372,0.06775420648522171,0.07897510933443139,0.1610123503431494,0.17206851377777865,0.3048274573888689,0.34100411866270247
0.06381120401337793,0.06696847458860991,0.07817717875145706,0.16048617972822576,0.17166258237479237,0.3041982938918509,0.3380523178596156
0.07090133779264216,0.11911940731444404,0.13601898861815837,0.253269714378394,0.2629874341226926,0.42465800792304254,0.4597926156038451
0.07799147157190636,0.1421353548316334,0.1599691020343691,0.2771620008781166,0.2871574137813878,0.44701785870871213,0.48311932518912676
0.08508160535117058,0.1428365196211789,0.16014071362119225,0.2777133158878735,0.28731910357545903,0.4478073985999754,0.48338386539904016
0.09217173913043479,0.14197510237733035,0.1597665155996578,0.278000331404088,0.28784185160693015,0.4488691847663244,0.483799693865352
0.09926187290969901,0.16667792243179191,0.18476371684644496,0.30222806127071844,0.3117844047805751,0.47138123171077057,0.5074770188705034
0.10635200668896322,0.23071849620157947,0.2527300736712539,0.39640790312293483,0.40228966304457375,0.5726140511328767,0.6059441074560349
0.11344214046822744,0.23055963860592518,0.25328055975016844,0.3966248464867238,0.40251231959794864,0.5724105051654251,0.6051067811799353
0.12053227424749166,0.22999464618558427,0.2525461448241249,0.3970987224879452,0.4030779811653231,0.5733617727512829,0.6069300770128994
0.12762240802675587,0.2785072546032338,0.30500754736492014,0.4659674130315817,0.4686487440001701,0.6401785929869083,0.6697510162774771
0.13471254180602008,0.27919461788140804,0.3058174776618182,0.4667687567727448,0.4688598618839332,0.6397902590340592,0.6698831784985546
0.1418026755852843,0.2783469210135544,0.30498800780624286,0.46687449941539483,0.46881785822177235,0.6407551730905059,0.6702833460715402
0.14889280936454852,0.2796431660336574,0.3047341772406179,0.4674609979073314,0.4694925674679839,0.6408694495170355,0.670048457856112
0.15598294314381272,0.277871349805876,0.3050156141684765,0.46728211030960987,0.4691889620013098,0.6409099705537878,0.670579301189032
0.16307307692307693,0.2789176328573423,0.3047145458312519,0.4671873434576725,0.46890340954474313,0.6396855556321933,0.6702994418291284
0.17016321070234117,0.2791082434581716,0.3054654299170394,0.4678773020001188,0.46958594673132015,0.6395052400132929,0.6687188948057601
0.17725334448160537,0.2791082107471355,0.305271568785459,0.46712965861365885,0.4693880190174281,0.6404901094731322,0.6707893294827867
0.18434347826086958,0.39825579198118966,0.43047931793714395,0.6083823610504749,0.6020463941706147,0.7517794059915984,0.7735411032909075
0.19143361204013382,0.3978617849829505,0.4308407305377237,0.6079882470697813,0.6016529719983429,0.7510847419339741,0.7727093906883244
0.19852374581939802,0.39836143718775535,0.4315831227581358,0.6087990656259958,0.6024501078914483,0.7514277946491368,0.77323426916322
0.20561387959866223,0.39716175778120705,0.43066430118526006,0.6082974828609633,0.6017561543796196,0.7508733203045059,0.7721508155378116
0.21270401337792644,0.3972063618340802,0.43145740576120867,0.6085485952897581,0.6021756376459809,0.7515138110236325,0.772935199828195
0.21979414715719067,0.3991066408185002,0.4315443289880186,0.6082952687237712,0.6023755571701295,0.7517298836649787,0.7730725539688909
0.22688428093645488,0.39791442212859157,0.4311668287870024,0.6086240590047467,0.6020778424671493,0.7515229467865177,0.7726246557712015
0.2339744147157191,0.42416284096903534,0.4573667301815604,0.6326222790204463,0.6260691475059406,0.7728974453329734,0.7928670185465424
0.24106454849498332,0.49911802317127535,0.5353909697585846,0.702871047520186,0.6930094021714325,0.8168246647815723,0.833385033043221
0.24815468227424753,0.5010780689308204,0.5351876538339267,0.7024884188803941,0.6930495798475265,0.8171679510680215,0.8333497606342675
0.25524481605351174,0.49882699921249707,0.5340242215808477,0.7034215941395918,0.6929290784126096,0.8169854554394567,0.8336188059513256
0.26233494983277594,0.4973077662413488,0.5321429041720841,0.7019210054342633,0.6919797377438072,0.8160136433385318,0.8322957164829025
0.26942508361204015,0.49966717459639637,0.5347631943878572,0.7033603135863911,0.6932519977175069,0.8171081460608475,0.833911843827889
0.27651521739130436,0.5232934545595134,0.5591475461770155,0.7285103400096226,0.7175553327979413,0.8392655245688375,0.8543348567506696
0.2836053511705686,0.5255547367388195,0.5597548958471624,0.7282137315772033,0.7174634979616608,0.8392562019699042,0.8542647508683296
0.2906954849498328,0.5256573032559653,0.5601076920841241,0.7283722857142731,0.7176794424174948,0.8392675945232053,0.8548752104574558
0.29778561872909703,0.5245454242143927,0.5593656612392295,0.7276989662774955,0.7175091005215576,0.8393501804755771,0.8543444461550336
0.30487575250836124,0.5257190898793366,0.5603421335228769,0.7278340516207349,0.71747534095801,0.8387240729463791,0.8531283431026838
0.31196588628762545,0.5244597435227261,0.5597035150284277,0.7271834650490769,0.7170524479222532,0.8389843247346751,0.8540022650970566
0.31905602006688966,0.5245114910096689,0.5597477269408814,0.7277170493529546,0.7176128300220426,0.8394679827597598,0.854167040930236
0.32614615384615386,0.5264285894482135,0.5604460818932264,0.7280212871501814,0.717821402598944,0.8396594539531447,0.8549526229975837
0.3332362876254181,0.5234673087319184,0.5592217713914837,0.7281740731485908,0.7173636251067113,0.8390291724222819,0.8541075919395212
0.34032642140468233,0.5245708581167824,0.5598881993844678,0.7277625335308349,0.7171660843698872,0.8392216883569731,0.8547922686303253
0.34741655518394654,0.5243815720350611,0.5592571419109019,0.728063636613073,0.7174284954446883,0.8395507435235305,0.8547936630395981
0.35450668896321075,0.6184401583853284,0.6527255723091455,0.7954205480251453,0.7839729015738794,0.8749735564923496,0.8859633307832603
0.36159682274247495,0.6170428576192674,0.6529482343815767,0.7947131350235985,0.783662099180243,0.8748937495738264,0.8860952556546208
0.36868695652173916,0.621899698791952,0.6581547818792076,0.8012015227828777,0.7894999075896093,0.8808183226026073,0.8918101042493423
0.37577709030100337,0.6244523631172381,0.659897636062294,0.801655263487187,0.7900764541167973,0.8804924212791025,0.8915601275156435
0.38286722408026763,0.6236043013301261,0.6587006739616742,0.8013693664602359,0.7896615036167945,0.8808140151677983,0.8919538899039559
0.38995735785953184,0.6226175605437612,0.6585897789834116,0.8016131145278982,0.789731660487943,0.8803760982447488,0.8913364404543707
0.39704749163879605,0.6218593655120398,0.657465110667231,0.8011208402399954,0.7893380262368593,0.8803739337027904,0.8910499326621057
0.40413762541806025,0.6244736988777307,0.6585816950585919,0.8011076273249381,0.7896533226704011,0.8808946719346451,0.8916651033361741
0.41122775919732446,0.6239958835086541,0.6589055461066016,0.8012988019422654,0.7898818419596434,0.8807011715659655,0.8917056391832543
0.41831789297658867,0.629108748108533,0.6643037923666675,0.8069252713001398,0.7952594742285732,0.8859568564462572,0.8971227140202133
0.4254080267558529,0.628114928421755,0.66325624722223,0.8070521435333219,0.7953082663204786,0.8859449605484525,0.896768056637081
0.43249816053511714,0.6303462094917897,0.6644035809356982,0.8068421849472651,0.79531600402416,0.8864849302743116,0.8968930126406351
0.43958829431438134,0.6292559953849262,0.6634001360188213,0.8068727787369363,0.7953297094782978,0.8864734915672045,0.8973964082495736
0.44667842809364555,0.6303364467091922,0.6645527120410675,0.807317674543143,0.7956337943455821,0.8863862980966701,0.8972194905998043
0.45376856187290976,0.6316118369440229,0.6653425220843416,0.8070220225901714,0.795505215824965,0.8864658249534438,0.8974307425715894
0.46085869565217397,0.628575421976898,0.6642016600104534,0.8068843489366337,0.7952717086071376,0.8860435903926215,0.8969374492603972
0.4679488294314382,0.6291949445952161,0.6647978993334762,0.8070724146904406,0.7953879604011247,0.8863592847082823,0.8971929588358856
0.4750389632107024,0.6300377058687653,0.6652948286379785,0.806887260768694,0.7955939098851035,0.8859366817488912,0.8969960507840058
0.48212909698996664,0.6293830494407753,0.6646895075591109,0.80707618912173,0.7955995783901352,0.8860077031189545,0.8969190279885378
0.48921923076923085,0.6294934642330908,0.6651932769192433,0.8067786210254247,0.7952825795872547,0.8865265366049633,0.8972048761809777
0.49630936454849506,0.6291086797279983,0.6644526663069252,0.8069008923810348,0.7954057014090533,0.8865079706078484,0.8972030469693929
0.5033994983277592,0.6296302497548494,0.6639318662774907,0.8072373122829987,0.7956338835979114,0.8867751261256903,0.8976861884127508
0.5104896321070235,0.6316946055687229,0.6653379865393458,0.8072343231938455,0.7957647334909042,0.8859768182670342,0.8967458032759116
0.5175797658862877,0.6295573106551584,0.6645092550276862,0.8071142720294315,0.7955126857596796,0.8861029036789201,0.8970635088959663
0.5246698996655519,0.6291814587562425,0.6642003645567041,0.8069191578939328,0.7953662000674226,0.8864524197175303,0.8971260732436417
0.5317600334448161,0.6293507568778653,0.6655159332640821,0.8070357757023018,0.7954298353922497,0.8858053438691776,0.896589475140413
0.5388501672240803,0.6293128787260825,0.6645988691826891,0.8067495732744395,0.7952494061479707,0.8859579672592587,0.8967356417240554
0.5459403010033446,0.6297539655580201,0.6644395192338577,0.8071227187515948,0.7955292548115546,0.8860522403009267,0.8967213538513499
0.5530304347826087,0.6280969939248988,0.6644863932041215,0.8066249137793565,0.7951640894690218,0.886116379296994,0.8970404506201838
0.560120568561873,0.6309465752031499,0.6645717095490228,0.8068990577396207,0.7954854504610692,0.8864329237627417,0.8974392970488828
0.5672107023411372,0.6291455793713409,0.6638535769296665,0.8074078172967499,0.7955724906792015,0.886467144628212,0.8972115932295222
0.5743008361204014,0.6290676636630205,0.6637067476191032,0.8074249756548404,0.7955799881888114,0.8867397481064133,0.8973236108396211
0.5813909698996657,0.6306761614848782,0.6646055889029637,0.8068280335917817,0.7954016625760747,0.8860797618540388,0.8968188699083521
0.5884811036789298,0.6287328397542677,0.6641030443890641,0.806996734890576,0.7953112130968059,0.8864897980370889,0.8973016524742559
0.5955712374581941,0.6300135970475628,0.6647689133465723,0.8071363354551311,0.7953542014729622,0.8859120114988867,0.8970118963304766
0.6026613712374582,0.6295001776566995,0.6641163530010015,0.8071657560272432,0.7955314567302763,0.8862954424233087,0.8969641290859582
0.6097515050167225,0.6293552680508894,0.6633736104978825,0.8071586324722798,0.795444267429756,0.8865276757496958,0.8976175415592125
0.6168416387959867,0.6285617663288982,0.6647789430426102,0.8067551768507621,0.7950243154336681,0.8861543630587164,0.897396831309616
0.6239317725752509,0.6278604006511855,0.6645719326303697,0.8070520604803355,0.7953673504637538,0.886072123969197,0.8969370605897613
0.6310219063545152,0.6293903619173346,0.6642642653090115,0.8068547061862639,0.7953617273762432,0.8861040845053447,0.8969106623130623
0.6381120401337793,0.629148599353331,0.6637120996814785,0.8070024357344439,0.7954462504801942,0.8864879912093342,0.8973820688095269
0.6452021739130436,0.6319164961073788,0.6654492368152262,0.8070886800425114,0.7956657996265155,0.8864582973879643,0.8970489052978703
0.6522923076923077,0.6296827866638118,0.6640191730717934,0.8071644557262145,0.7953499065091834,0.8862244829063646,0.8968847868121597
0.659382441471572,0.6306104860194411,0.6647506350287149,0.8068846484632277,0.7954965193600742,0.8859690839678991,0.8968667158986033
0.6664725752508363,0.6335957198517719,0.6699644982772409,0.8128330136312452,0.8011247825538736,0.8918224862359162,0.9020795872788493
0.6735627090301004,0.6361327285024307,0.67067844438551,0.8128343781829467,0.801273541577445,0.8917476900448115,0.902498171340474
0.6806528428093647,0.6345773946067,0.6696669971463199,0.8127335718620365,0.801017536018982,0.8917380645835532,0.902373847330966
0.6877429765886288,0.6351493709694211,0.6694636993223938,0.8127878984121555,0.8010540145126697,0.8918304959033817,0.902664009798757
0.6948331103678931,0.6338257427715728,0.669747115809531,0.8126665264003612,0.8012229984330953,0.8918786703305375,0.9026253719868321
0.7019232441471572,0.6407948234587817,0.6758557926598885,0.8186506362469723,0.8069359334524993,0.8976559291907417,0.9084041970690536
0.7090133779264215,0.6398067975181743,0.6752017954800987,0.8189056349121647,0.8070271084350522,0.8974550671952702,0.9082334951958908
0.7161035117056858,0.6416254487765232,0.6768322203155239,0.8194233490097993,0.8076303669251865,0.8977728651072628,0.9081923767320115
0.7231936454849499,0.6406934182174265,0.677127527910207,0.8190672705287538,0.8073736706758106,0.8973102618688694,0.9083095873284467
0.7302837792642142,0.642453435870351,0.6764505621731436,0.8188346834226603,0.8073849869584594,0.8973932950342783,0.9079229555926184
0.7373739130434783,0.6416698026388754,0.6763572062871608,0.8186856589012896,0.8071474952611237,0.8976073272317834,0.9087923544740281
0.7444640468227426,0.6425735383091429,0.67635632712198,0.818734023386383,0.8071790872911038,0.8975612489904787,0.9083767268025162
0.7515541806020067,0.6401542904029163,0.6750084611080289,0.8188028846358596,0.806941850624087,0.8974900173610753,0.9084285665974634
0.758644314381271,0.6401454084823837,0.6748838656526783,0.8185963860743845,0.8067796079362457,0.8975655703958114,0.9083288123971741
0.7657344481605353,0.6415685286151024,0.6763359688338165,0.8186001908714348,0.8070789934112971,0.8979008032202788,0.9083737854176458
0.7728245819397994,0.647748530108719,0.6827122215230393,0.8250255378784469,0.8132948705723474,0.9029139401159911,0.9136336784420568
0.7799147157190637,0.6473468116991866,0.682573021444113,0.824459877849753,0.8129678237976007,0.9027906627903834,0.9133503761635582
0.7870048494983278,0.6483957440401064,0.6824074158172819,0.8248785742942816,0.8131232486916486,0.9032772914556458,0.9135370440964663
0.7940949832775921,0.645626081789072,0.6806694162809265,0.8247481713197242,0.8126737527423354,0.9030710261566687,0.9140456833548084
0.8011851170568562,0.6463855231195001,0.6825569350199159,0.8247172271228094,0.8130753245421154,0.9029276103416078,0.9135600777232474
0.8082752508361205,0.6455116182992695,0.6810910152757819,0.8245636147609938,0.8128165016115908,0.903188164086031,0.913529027347861
0.8153653846153848,0.6464714240569046,0.6824567260959858,0.8246140243437554,0.8129098964259163,0.9031125463244346,0.9137173749601999
0.8224555183946489,0.6472055802937147,0.6823796290539129,0.8246348762856641,0.8129930793158989,0.9034430530465899,0.9141120435446183
0.8295456521739132,0.6466647539960485,0.6817425029827473,0.8244355320155712,0.8126265786126218,0.9026191165510788,0.91314008451117
0.8366357859531773,0.6558858410986894,0.6916791465025536,0.8353205977604209,0.8232079920990211,0.9127644026297047,0.9230238756891075
0.8437259197324416,0.6561359203883509,0.6915622103846336,0.8349485225177402,0.8232128351531007,0.9132662524461456,0.923226327769832
0.8508160535117057,0.6575737066881558,0.692388747820165,0.83539951159352,0.8232757474375967,0.912369253504013,0.9227865962018689
0.85790618729097,0.6580997117657769,0.6935283785559181,0.8356019899673022,0.8236170717069786,0.9128080688748208,0.923098221576605
0.8649963210702343,0.6584812110368691,0.6931611009918269,0.8355340347532239,0.8235150960111504,0.9131633701166257,0.9232139740034873
0.8720864548494984,0.6579821418062813,0.6932010219591412,0.8353283537452785,0.8234372840317175,0.9127898139717319,0.9231429155590556
0.8791765886287627,0.6562451415427397,0.6921241132760828,0.8351471903388534,0.8230547240772449,0.912157608948761,0.9226949899979606
0.8862667224080268,0.6573567556178542,0.6923145633080816,0.8347157750942806,0.8230548205072973,0.9129511616101615,0.9233603345779934
0.8933568561872911,0.6615511457312173,0.6986879981609762,0.8411381500901852,0.8290690763656422,0.91806574592917,0.9285141881712208
0.9004469899665553,0.6642061084988872,0.699255783317829,0.8414554146067967,0.8294772026591425,0.9186124397728487,0.9286236479126023
0.9075371237458195,0.6634834212174617,0.6979756206451203,0.8411601072781163,0.8292580036816473,0.9182335292220366,0.9284800924377818
0.9146272575250838,0.6636981218119511,0.6982811048163459,0.8413581292564364,0.8292159675446316,0.918291220606423,0.9282332717676196
0.9217173913043479,0.6639813307667851,0.6995710855065368,0.8413871358148285,0.8294495420547042,0.9184934406716566,0.9286917361103506
0.9288075250836122,0.6651247381463015,0.699720684666556,0.8409838623307835,0.8292557304410029,0.9184016388956061,0.9288730421453646
0.9358976588628763,0.6626716233312406,0.6983612634573644,0.8415950674562469,0.8294230458000263,0.9184861728543278,0.9284242660118688
0.9429877926421406,0.6641407147103815,0.698962167551682,0.841228971442439,0.8293629183484711,0.9183987934456662,0.9283708638108747
0.9500779264214048,0.6648656563098989,0.6996169852200841,0.8413843329842925,0.8294172167246514,0.9181733241513684,0.9280282586534049
0.957168060200669,0.663561006745068,0.6991061058658532,0.8415721164734051,0.82959212244177,0.9189567239261006,0.9289303477961659
0.9642581939799333,0.6641366433838286,0.6982768239093018,0.8413617834756812,0.829285102858549,0.9183120616843908,0.9282953789709742
0.9713483277591974,0.664156911847043,0.699336981195465,0.8412727014782695,0.8293629626377352,0.9180468240446797,0.9282918531711193
0.9784384615384617,0.6631278228796094,0.699329752063101,0.8414257498940526,0.8294927116043334,0.9182479657966547,0.9285776513146949
0.9855285953177259,0.6640927287834933,0.6990316189097547,0.8414512346778915,0.8294364934058182,0.9183375596322549,0.9282397873048004
0.9926187290969901,0.6631952550298071,0.6982667882676715,0.8411060509027275,0.82911454893673,0.9186196124475061,0.928699237009634
0.9997088628762543,0.6641454349685242,0.6993797462525032,0.8415647110070996,0.8294603853146277,0.9184261963088021,0.9282555954395785
1.0067989966555184,0.6607429602506255,0.6973857162191794,0.8408418926022476,0.8289394134677538,0.9184772887228119,0.9282271197566077
1.0138891304347828,0.6645731200566429,0.6991501441246929,0.8410561890396574,0.8292064742055834,0.918290338299699,0.928302213625214
1.020979264214047,0.6645289748075279,0.6993405703299129,0.8413696275146196,0.829539831731923,0.9188036418657225,0.9286237916979291
1.028069397993311,0.6642424516548452,0.6992989848829825,0.841553769216142,0.8295815308620833,0.9184952460139264,0.9287380646679008
1.0351595317725755,0.6640247947855893,0.6985111044247077,0.841360897285492,0.829469000977765,0.9185324754463399,0.9286343407888973
1.0422496655518396,0.6629950106936197,0.6987518659354847,0.8411834641684216,0.8293053497322282,0.9183523818083766,0.9283347387582347
1.0493397993311038,0.6643046745784889,0.6999570918845245,0.8413178009463349,0.8292491163274297,0.9187405682579404,0.928978362643424
1.056429933110368,0.6635438376978994,0.6986818168582023,0.8412834518106737,0.8290323431104534,0.9183912132120065,0.9288164512394191
1.0635200668896323,0.6624107146423479,0.6984149311258959,0.8411759855775283,0.8292107947151409,0.9183226667863459,0.9283645786878724
1.0706102006688965,0.6635640204014088,0.6989066325303724,0.8408741739297749,0.8292499196146716,0.9182234149573882,0.9286042840610079
1.0777003344481606,0.6696452961120148,0.7049357455421704,0.846987691864385,0.834980670639086,0.9237183949129886,0.9336251925601609
1.084790468227425,0.6689645041627631,0.7039810348940762,0.847320042793096,0.8351536250738162,0.9239990412009316,0.9337538748306529
1.0918806020066891,0.6700984734072791,0.7056019608018301,0.8473859397124626,0.8353055131875444,0.924059462631613,0.9342215848953709
1.0989707357859533,0.6749630431632825,0.7106866041690083,0.8531001971987247,0.8409638310247465,0.9289754912801921,0.9389117768075851
1.1060608695652174,0.6757104095777934,0.7113582481563214,0.853129965723266,0.8410951191641798,0.929393795250516,0.9391030179125315
1.1131510033444818,0.6749057930851554,0.7103043526282038,0.8529952367888929,0.8407178200289115,0.9292034206806936,0.9391708291030751
1.120241137123746,0.675350360236129,0.7105328351573106,0.8533405516195103,0.8411222486156034,0.9288371826416518,0.938649200832604
1.12733127090301,0.6763728815225293,0.7103669044455764,0.8532849369751108,0.8410734965978856,0.9294876523936304,0.9395142468728686
1.1344214046822745,0.6774628883057864,0.711656466390326,0.8531511027720874,0.8412999839601578,0.9294237006024276,0.939003686395561
1.1415115384615386,0.6763829415394476,0.7111885010094383,0.8532152560331865,0.8411464640302417,0.929463985554139,0.9393656189482419
1.1486016722408028,0.6749804155460933,0.7105605366736619,0.8527108478731632,0.8406741618811331,0.9292690461101998,0.9391089151982095
1.155691806020067,0.675274141728163,0.7110365848597974,0.8527731416184854,0.8406999577678572,0.9292619422664361,0.939153596029664
1.1627819397993313,0.6743018799856559,0.71028976329305,0.8533585979037052,0.8410768001585658,0.929431137076629,0.9392950622456937
1.1698720735785955,0.6764581808972417,0.7111768245936936,0.8531179959672412,0.8411522595152151,0.9297532854440275,0.9395366477517665
1.1769622073578596,0.6739721560083443,0.7092193604165488,0.8530683405579579,0.8408742026316572,0.9296938191167823,0.9394475171870516
1.184052341137124,0.6768700802450415,0.7112586343514096,0.8533689101847757,0.8415060003914793,0.9295813912705629,0.9391026984213139
1.1911424749163881,0.6762772478617599,0.7107395839459948,0.8532751795607195,0.8410572444850872,0.9289979855729902,0.9388372320613747
1.1982326086956523,0.6754825239220457,0.7104612891915646,0.8532005549553151,0.8409488459263486,0.9295106469673949,0.9393739102095018
1.2053227424749164,0.6759441967340496,0.7104014453608372,0.8535199205289726,0.8411107774575722,0.9295030818471525,0.9393634548060361
1.2124128762541808,0.6760622545518236,0.7106805280882247,0.8531712341939808,0.8409830776295851,0.9293087415506276,0.939201806196139
1.219503010033445,0.6761300184992187,0.7108506758824581,0.8535662154263401,0.8414275234902353,0.9291051004759674,0.9390627244914637
1.2265931438127091,0.6761569165905933,0.711121667939199,0.8536128971339967,0.8413850111462874,0.9295607866518912,0.9389129046537784
1.2336832775919735,0.6749004549054822,0.7099759092661276,0.8533513217988928,0.8409853950742813,0.9291041394770542,0.938923332239981
1.2407734113712376,0.6790658617253887,0.7129331618973677,0.8533074251307129,0.8416254601802662,0.9296977106508101,0.9393532472515544
1.2478635451505018,0.6760471371168654,0.7101194115929516,0.853505553451902,0.8410891811606472,0.9295816778127468,0.9393821481412331
1.254953678929766,0.6761013539980003,0.7108834236814378,0.8532784419963435,0.841129646557722,0.9291390210100886,0.9385442881510989
1.2620438127090303,0.6748989629232017,0.7109016978039278,0.8531438980765345,0.8408464109541233,0.9289522801805418,0.9385820335747077
1.2691339464882945,0.6764216835479782,0.7109326372524525,0.8530608937993349,0.8411501531074574,0.9290819430985624,0.9390996407944855
1.2762240802675586,0.6759665230755137,0.7113268030936144,0.8530716035357973,0.8410610798005265,0.9292787877455129,0.9394909534503391
1.283314214046823,0.674944784640489,0.7108919995389483,0.8527157086658692,0.8407565680943115,0.9292081058284858,0.939012803993555
1.2904043478260872,0.6733577772917613,0.7096300055833119,0.8530019761639678,0.8407197046281623,0.9289169844525188,0.9388161534167629
1.2974944816053513,0.6737380035503476,0.7104473225841212,0.8532444167002093,0.8408812410833781,0.9292817736486241,0.9389338800969955
1.3045846153846155,0.6757235859959134,0.7104658607442385,0.8535189747537023,0.8413290017161567,0.9293019838502086,0.9389288266601873
1.3116747491638798,0.6757922596585642,0.7102172001873921,0.8531896888101089,0.841035169181786,0.9289108243785846,0.9389375811850874
1.318764882943144,0.6760550023083459,0.7104889655427025,0.8535257067812303,0.8411572951430363,0.9295132796792616,0.9393864671330046
1.3258550167224081,0.6736791529185351,0.708517242331025,0.8532022614202432,0.8407849724507528,0.9290439961501076,0.9391229946989682
1.3329451505016725,0.6757500122451193,0.7107163900760284,0.8528102462855964,0.8406741667279645,0.9290073050862832,0.9391366242617482
1.3400352842809367,0.6766599526965593,0.7105282183802288,0.853350777531176,0.841200498565777,0.9291322951738108,0.938524434934853
1.3471254180602008,0.6753486808602294,0.7105322216958603,0.8533434054933045,0.8410834006391864,0.929437572380558,0.9392326469159296
1.354215551839465,0.6763560328687805,0.7110811842507206,0.8528001608133888,0.840745688240903,0.929037661342007,0.9386942478357697
1.3613056856187293,0.6751836907518197,0.7112746691106276,0.8533062649254677,0.841170647315146,0.9292046231780582,0.9390931935794321
1.3683958193979935,0.675167032493395,0.7105388528744495,0.8533355731216784,0.8412799692208375,0.9296783398034568,0.9392488297583467
1.3754859531772576,0.6756512188245087,0.7105999590200567,0.8530519399164571,0.8408913214086258,0.9291577621133562,0.9390434051344818
1.382576086956522,0.6756436596346299,0.7098151133632047,0.8529895713627396,0.840889552749002,0.9294404708079778,0.9392960783618014
1.3896662207357862,0.6751575648003961,0.7105780689531533,0.8530944314844765,0.8409109856848537,0.9292717741415679,0.9391326986140652
1.3967563545150503,0.6759743083358278,0.7113142550016374,0.8533061907045172,0.8410086932564816,0.9290976816221876,0.9386599654507667
1.4038464882943145,0.676109797276778,0.7112405058263749,0.853081027212925,0.8411127694751127,0.929021574760483,0.9390723358594034
1.4109366220735788,0.6763421092348482,0.7099779932926642,0.8529265864889477,0.8407881193720986,0.929185531261036,0.9389724849398579
1.418026755852843,0.6746772282917618,0.7100263501425834,0.8530162062941025,0.8407814313116988,0.9288910997501494,0.9387376655585614
1.4251168896321071,0.6744825023851185,0.7106360706713467,0.8527238333746165,0.8406367937644583,0.9295037567021183,0.9394948550881878
1.4322070234113715,0.6746415866638605,0.7094788654964893,0.8533674549093457,0.8410688188647631,0.9289376879212882,0.9387313715939057
1.4392971571906357,0.6749770422381124,0.7103596066883514,0.8535053225547504,0.8411474767539713,0.929245648649514,0.9391006788897452
1.4463872909698998,0.6754440782550298,0.7117434067411775,0.8528777976855927,0.8408016184107631,0.9292181349186814,0.9389937404495097
1.453477424749164,0.6753996871226288,0.709569667889959,0.8528566389082383,0.840603524429073,0.9290729035648994,0.9391256138101847
1.4605675585284283,0.6753485760405645,0.7107408365596357,0.8533144579580043,0.8412206456222685,0.9292863415366539,0.9393695996893264
1.4676576923076925,0.6769694926256993,0.7112914631653882,0.8530410547025054,0.8411147059467975,0.9291291210808832,0.939096197498119
1.4747478260869566,0.6748925142844023,0.7100525828074008,0.8529525589924689,0.8407553339529186,0.9293051456777182,0.9391373747937792
1.481837959866221,0.6766726662447804,0.712480546097178,0.8523776472110667,0.8408902560141429,0.9289321313789444,0.9387532209979664
1.4889280936454852,0.6757182814289581,0.710573783560591,0.8529809272503956,0.8409253969065869,0.9296596265574542,0.9394996816383562
1.4960182274247493,0.6757970779308247,0.7108917251539782,0.8531529464238556,0.8411204976076609,0.9292967939089563,0.939203925439284
1.5031083612040135,0.6827149340658988,0.7177905905114865,0.8590855437885428,0.8468994799033576,0.9347461416688259,0.9441908086596773
1.5101984949832779,0.6816472646296057,0.7166825913063753,0.858785868157592,0.8467531496858836,0.9345472940264212,0.9442043016765558
1.517288628762542,0.681033542517559,0.7156710441545129,0.8590534641287958,0.8465227894831289,0.9342415813903338,0.943627542127951
1.5243787625418062,0.6828262657486066,0.7179012623185252,0.8590532265937509,0.8471263554931344,0.9347085702089781,0.9444544602491547
1.5314688963210705,0.6810303540715474,0.7176091297754155,0.859131161951921,0.8468320090533097,0.9346585353328178,0.9442364792057374
1.5385590301003347,0.6832493012805925,0.718344811003489,0.859196853277866,0.8471128925898362,0.9343466863434252,0.944174337209259
1.5456491638795988,0.681911655665939,0.7175489232587291,0.8590586875739861,0.8468875452765593,0.9341873346794469,0.9437878550881628
1.552739297658863,0.6815855946925008,0.7163333965934593,0.8591300465633479,0.8468508617139926,0.9345675124638837,0.9441724074442059
1.5598294314381274,0.6813876141867218,0.7158807594518779,0.8591190251095246,0.8467935817412888,0.9346246138709632,0.9441774370962938
1.5669195652173915,0.6820041264216504,0.716752841208056,0.858815205211773,0.8470053756566627,0.9345920330471384,0.9443543623556496
1.5740096989966557,0.6807504011997259,0.7175066198139235,0.8590351411665567,0.846759129281982,0.934963323045019,0.9445578599835341
1.58109983277592,0.6820096729820119,0.7168864116430114,0.8590782177482994,0.8469077509500094,0.9348241602081787,0.9444820748752595
1.5881899665551842,0.6819076252006137,0.7163474066083277,0.8592354875371864,0.8467658094443663,0.9346517602600789,0.9444130023621369
1.5952801003344483,0.6820544895905658,0.7175346229423257,0.8592066623560851,0.8471365518968813,0.9348204435920479,0.944660629636311
1.6023702341137125,0.6824726104319984,0.7173914432953488,0.8591780332764539,0.846884891982151,0.9346088859221799,0.9443625145858904
1.6094603678929769,0.6825485204697547,0.7171070197471293,0.8591444456109496,0.8469908361992066,0.9350601670153297,0.9444474099338644
1.616550501672241,0.6813811509944616,0.7160019047451135,0.8593285183918355,0.8470037175752477,0.9348270602802414,0.9441761311815368
1.6236406354515052,0.6812348438400001,0.7175474851657468,0.858975137836149,0.8468151143487855,0.9344613145153559,0.9441670650971584
1.6307307692307695,0.6800399391490776,0.7153506426666467,0.85908945155652,0.8468451733286226,0.9348771239856737,0.94422483819577
1.6378209030100337,0.6817630967138398,0.7167376022211442,0.858926434864126,0.8468678070997767,0.9346584920146782,0.9445721743536176
1.6449110367892978,0.6824289010713603,0.7180725082939631,0.8590172242793996,0.8471108523270432,0.9345455164893552,0.9440820530424103
1.652001170568562,0.6813865044891125,0.7176536283888012,0.8591211308686068,0.8468912299042719,0.9345457132630068,0.9442270590948791
1.6590913043478264,0.6800583229765672,0.7153138611396677,0.8589875470756408,0.8465246921034759,0.9346951273447394,0.9442901063553172
1.6661814381270905,0.6812719741438917,0.7166272105850537,0.8585044176683378,0.8463820388600488,0.9342955611438966,0.943762055462565
1.6732715719063547,0.6816624509362229,0.7172449426302876,0.8592910623573697,0.8471342771105809,0.934969406089245,0.9447040180139396
1.680361705685619,0.6806481201326918,0.7163012221562353,0.859546183672631,0.8470039433580215,0.935033919305029,0.9446150495909482
1.6874518394648832,0.6809606304022382,0.7165083539912244,0.8590126004465495,0.8468567191939811,0.9345289153006501,0.944179361716418
1.6945419732441473,0.6796770677332638,0.7165966571944844,0.858825141508748,0.8466854214201153,0.9345722457345698,0.9437513191480995
1.7016321070234115,0.6824157414914601,0.7168310147474921,0.8592749285955765,0.846968260879198,0.9347637813901082,0.9443080475328507
1.7087222408026759,0.682056837564019,0.7173731118366293,0.859488612752799,0.8473299651752451,0.9347593958868416,0.9442524050374663
1.71581237458194,0.6836785259757853,0.7179790342172871,0.8591029492476452,0.8470136063071542,0.9346788190041423,0.944305653406083
1.7229025083612042,0.6813728555852753,0.7169966031881715,0.8586268365836869,0.8467581406147261,0.9345971250393804,0.9443807403477998
1.7299926421404686,0.6818087193871182,0.7162588704406213,0.8590439722675326,0.8467748790977325,0.93465763670459,0.9443198463738056
1.7370827759197327,0.6821336260127743,0.717073927544896,0.859328241584945,0.8471103250167855,0.9348763518574409,0.9444241832042786
1.7441729096989969,0.681809652320586,0.716601915095966,0.8589290714709243,0.8467897643383289,0.9345404297404295,0.9442547156204246
1.751263043478261,0.6822851507748027,0.717590283147276,0.859349397314094,0.8471241192122267,0.9347875963437192,0.9444827191450715
1.7583531772575254,0.6808761607826324,0.7163593976440272,0.8594458574033913,0.8471314572454299,0.9345692588157533,0.9443556018757573
1.7654433110367895,0.6819428658811405,0.71705353814441,0.8586379805591227,0.8466187132993397,0.9344475372463459,0.9439547658215333
1.7725334448160537,0.6828024134434765,0.7177124659482969,0.859430592790588,0.847190642818539,0.9350569266999303,0.9445391027547584
1.779623578595318,0.6818636906052845,0.7169689478040063,0.8596473727078954,0.8473858800340758,0.934854287880207,0.9442015201682002
1.7867137123745822,0.6813376065805606,0.7165752965180655,0.8586261984748769,0.8465563514654165,0.9347208614517043,0.944595191336984
1.7938038461538464,0.682427864368663,0.717668301547274,0.8590095699590863,0.8469946175862041,0.934613507968766,0.9443255176926066
1.8008939799331105,0.6805435582089957,0.7159481085331831,0.859151945999854,0.8469888417875737,0.9350570319786697,0.9446866885043779
1.8079841137123749,0.6827694143584632,0.7164929420515385,0.8595761474314005,0.8471174940495535,0.9347514216694849,0.9442938546287791
1.815074247491639,0.6831283199444911,0.717496424245553,0.8585040068458584,0.8465797423894018,0.9346972491020173,0.9441652793236852
1.8221643812709032,0.6838098996450119,0.7168551375278782,0.8591463723121353,0.8470882344476927,0.9347134474381664,0.9444697499861481
1.8292545150501676,0.6821199140441475,0.7158527080287624,0.8590841657467523,0.8467589095875423,0.9344817852882177,0.9441812176221744
1.8363446488294317,0.6804895183820737,0.7165988805616396,0.8590003485215433,0.8467941605269839,0.9347084046505019,0.944173268438284
1.8434347826086959,0.6812770251305755,0.7169485372841287,0.8590842485983159,0.8469062371039724,0.9344598853121463,0.9441147377241498
1.85052491638796,0.6828678446941293,0.7166844899530359,0.8594350635928308,0.8470409204208201,0.934539439395825,0.9440946835913443
1.8576150501672244,0.6826298589350871,0.7175853648409546,0.8592022805985392,0.8470413252714467,0.9344746289788902,0.9440392058253257
1.8647051839464885,0.6824464359704667,0.7178876547754642,0.8593037563182767,0.847359515767752,0.9350755410742954,0.9444012154555248
1.8717953177257527,0.6820898697556242,0.716473000919878,0.8591520122715399,0.8468057111967983,0.9343674756202678,0.9442650333906794
1.878885451505017,0.681587647237552,0.7175735805183417,0.8591321699653531,0.8469435979171079,0.9348846779620016,0.9443194445777685
1.8859755852842812,0.6818530943685771,0.7171398627579494,0.859268262094474,0.8470902235486601,0.934552879431619,0.9443620387805498
1.8930657190635454,0.6811275963507956,0.7157243935822349,0.85904557842257,0.8468689592396492,0.9350777063447098,0.9444379357695115
1.9001558528428095,0.6810911609987124,0.7165067250078262,0.8589707396266114,0.8468708584770556,0.9348136175252301,0.9445020629745505
1.907245986622074,0.6811359207116362,0.716704860873748,0.8592926839544123,0.8469777578873827,0.934429678767533,0.9438379728403633
1.914336120401338,0.6802067426529655,0.7154747897857822,0.8589853663883524,0.8467479180781798,0.934586353041494,0.9442368763368936
1.9214262541806022,0.6811466001338463,0.7168244403358938,0.8588759721487792,0.8466797130271516,0.9345136481433921,0.9442633460520987
1.9285163879598666,0.6816334451579443,0.7166681183445163,0.8588787555294575,0.8468169561408796,0.9345865642047944,0.9441142384511793
1.9356065217391307,0.6838125408198165,0.716756744425456,0.8593100652050636,0.84699283829533,0.9344275243578604,0.9441036896340619
1.9426966555183949,0.6809879767796087,0.715833487005031,0.8590385013085542,0.846709479217633,0.9346156256417164,0.9440425905059774
1.949786789297659,0.6820288228040774,0.716993912957763,0.8591076817229615,0.8468944248076623,0.9347653525165884,0.9443471258825665
1.9568769230769234,0.6818269422996514,0.7164810047523321,0.8589570620255556,0.8467731606331427,0.9346923246747127,0.9439940270537798
1.9639670568561876,0.682128297499734,0.7163569327308311,0.8594404226952392,0.8469853098256398,0.9348424295310734,0.9442252058631624
1.9710571906354517,0.6814526921073748,0.7162046183536053,0.8584826579287949,0.8463983482153931,0.9341317210787333,0.9438836764834214
1.978147324414716,0.6798873443229628,0.716738356418794,0.859168322201954,0.8466858112913482,0.9348043629394798,0.9443884251610752
1.9852374581939802,0.6799880106619007,0.716400766804266,0.8594367696460954,0.8471570259062464,0.9348690280272255,0.9446815420347274
1.9923275919732444,0.6829084671869469,0.7177330524057672,0.8590728441643474,0.8469378034622086,0.9347135991817359,0.9438997468692129
1.9994177257525085,0.6816476311330111,0.7164789101970199,0.8587328278582055,0.8467151012779972,0.9346468846269834,0.9441148375719843
2.006507859531773,0.6824334371929186,0.7165867755358167,0.8588912501033248,0.8468282664011436,0.9346050239086359,0.9441689800211642
2.013597993311037,0.6822382023358518,0.7173174975135531,0.8589118261023548,0.8467614776600428,0.934746703323963,0.9440532168350396
2.020688127090301,0.6875750921474979,0.722965503208202,0.8652540536017412,0.8528063325637876,0.9400120212170092,0.9494983452252127
2.0277782608695656,0.6869494689213609,0.721541430035394,0.865035261262917,0.8526026818492265,0.9396887841139474,0.9488997047494825
2.0348683946488295,0.6884499869312206,0.7225523028520698,0.8649941187275185,0.8526840674675966,0.9398870025703949,0.9493116617889311
2.041958528428094,0.6874911941123512,0.7224282949911063,0.8651280116666569,0.852910067408999,0.9406774945607348,0.949836860029051
2.0490486622073583,0.6885472177710473,0.7237810909296258,0.8647750501049336,0.8526932959022814,0.9400445418974824,0.9494530488067778
2.056138795986622,0.6873140275568518,0.722563018312031,0.8647057648084191,0.8524323594760018,0.9399355231187736,0.9497052093842031
2.0632289297658866,0.687141564799395,0.7215506043608297,0.8649382875813008,0.852527030559912,0.9402526796773332,0.9494152112386808
2.070319063545151,0.688969646941083,0.7237019040254692,0.8650290533582734,0.8528279471363689,0.9400847030097156,0.9497800774658802
2.077409197324415,0.6870064887706252,0.7234342290770004,0.8651339699281637,0.85269039777186,0.9400140638426944,0.9494990656215201
2.0844993311036792,0.6877154457379171,0.7226605879048503,0.8651629237454925,0.8527203396451967,0.9400637490249715,0.9497469878418344
2.0915894648829436,0.6877227769481608,0.7231687475899701,0.8651392297998943,0.8527380942328959,0.9399659447455704,0.949322153631515
2.0986795986622075,0.6897164809355604,0.7239361605643183,0.8655592698384869,0.8530911278393999,0.9396045250722262,0.9492172934817619
2.105769732441472,0.6868861871164764,0.722448915531867,0.8653909970218179,0.8528415985630051,0.9403197594896293,0.9497206187985097
2.112859866220736,0.6859725916774863,0.7216411281590581,0.8650781636919614,0.8525429586648787,0.9400362006521973,0.9494590023407469
2.1199500000000002,0.6890619626561009,0.7243236417676384,0.8650190029049096,0.8528506038728791,0.9397804528176714,0.9492157012141555
