mu,xi_b,original_mean,after_psi_mean,psi_improved_vs_original,psi_improvement_amount,psi_improvement_percent,after_psi_P95_mean,P95_improved_vs_original,P95_improvement_amount,P95_improvement_percent,n_frequency_points
0.05,0.005,0.18412914409747136,0.11960101044868457,No,-0.06452813364878685,-7.9091112498932015,0.6741160180535695,Yes,0.4899868739560981,60.05691592133993,46
0.05,0.01,0.32661021021926573,0.21337842343723223,No,-0.1132317867820335,-16.81519210721972,0.663676460031827,Yes,0.3370662498125613,50.0551470972429,46
0.05,0.015,0.46042744171927025,0.2998064527877202,No,-0.16062098893154997,-29.768190851541004,0.6820516948262046,Yes,0.22162425310693445,41.07404086914802,46
0.05,0.02,0.5697191134653616,0.37743136378427067,No,-0.19228774968109097,-44.688889443759074,0.642734490206953,Yes,0.07301537674159131,16.969235452133763,46
0.1,0.005,0.18136164715414368,0.11609577484600198,No,-0.06526587230814174,-7.972491403713995,0.6600113936964803,Yes,0.4786497465423366,58.469010751620985,46
0.1,0.01,0.31681603195745955,0.20166666284299542,No,-0.11514936911446416,-16.85481136865525,0.6189062911548006,Yes,0.302090259197341,44.217995932031364,46
0.1,0.015,0.4450860559241963,0.28284437053929745,No,-0.1622416853848988,-29.237269511240804,0.6133929280147029,Yes,0.16830687209050665,30.330265419950447,46
0.1,0.02,0.5469303054189955,0.3525557533084015,No,-0.19437455211059396,-42.90168917396915,0.584392436451342,Yes,0.037462131032346524,8.268513979287716,46
0.15,0.005,0.17309161201826392,0.11218796662202583,No,-0.06090364539623816,-7.365222832590657,0.5953263785110924,Yes,0.42223476649282843,51.061855536789444,46
0.15,0.01,0.3007624063970607,0.19274068899465222,No,-0.1080217174024084,-15.448499678887162,0.5482549259122187,Yes,0.24749251951515805,35.39462434219408,46
0.15,0.015,0.4335793436538168,0.27790039481704254,No,-0.15567894883677424,-27.484687765628887,0.5486423878497912,Yes,0.11506304419597446,20.314062156244987,46
0.15,0.02,0.542605773927147,0.3490566004371255,No,-0.19354917349002154,-42.315613634176785,0.5154825751092043,No,-0.027123198817942784,-5.929939048601511,46
0.2,0.005,0.16710058638693442,0.10829690743924189,No,-0.05880367894769245,-7.060117702881524,0.5192985516215508,Yes,0.35219796523461644,42.28577418572114,46
0.2,0.01,0.2979531858553547,0.19455435267401602,No,-0.10339883318133869,-14.728196339344834,0.5000035143060284,Yes,0.20205032845067372,28.78017881141535,46
0.2,0.015,0.41651075181646496,0.27080545162948244,No,-0.14570530018698258,-24.971377046034508,0.48020210030408705,Yes,0.06369134848762203,10.915599333818074,46
0.2,0.02,0.5483086187961147,0.3591963500504873,No,-0.18911226874562737,-41.867584066268805,0.46697791337884764,No,-0.08133070541726706,-18.005812995700232,46
0.3,0.005,0.1608229496568573,0.10826579362341483,No,-0.052557156033442465,-6.262940104469211,0.44134643680560554,Yes,0.2805234871487482,33.42840310445109,46
0.3,0.01,0.29169842357939385,0.19594110086636968,No,-0.09575732271302417,-13.519286967697106,0.42446941166802193,Yes,0.13277098808862808,18.7449798939577,46
0.3,0.015,0.42058143074047577,0.28078576134472033,No,-0.1397956693957555,-24.126888024042668,0.420724628950969,Yes,0.00014319821049313397,0.024714121723115653,46
0.3,0.02,0.5308450326190508,0.3573847750350075,No,-0.17346025758404338,-36.97291292733886,0.42074570929780025,No,-0.11009932332125061,-23.467581284682648,46
