mu,xi_b,original_mean,after_psi_mean,after_psi_P95_mean,n_frequency_points,original_error_from_1,after_psi_error_from_1,final_error_from_1
0.05,0.005,0.18412914409747136,0.11960101044868457,0.6741160180535695,46,0.8158708559025286,0.8803989895513155,0.32588398194643053
0.05,0.01,0.32661021021926573,0.21337842343723223,0.663676460031827,46,0.6733897897807343,0.7866215765627678,0.336323539968173
0.05,0.015,0.46042744171927025,0.2998064527877202,0.6820516948262046,46,0.5395725582807298,0.7001935472122798,0.31794830517379535
0.05,0.02,0.5697191134653616,0.37743136378427067,0.642734490206953,46,0.43028088653463836,0.6225686362157293,0.35726550979304705
0.1,0.005,0.18136164715414368,0.11609577484600198,0.6600113936964803,46,0.8186383528458563,0.883904225153998,0.3399886063035197
0.1,0.01,0.31681603195745955,0.20166666284299542,0.6189062911548006,46,0.6831839680425404,0.7983333371570046,0.38109370884519944
0.1,0.015,0.4450860559241963,0.28284437053929745,0.6133929280147029,46,0.5549139440758037,0.7171556294607025,0.3866070719852971
0.1,0.02,0.5469303054189955,0.3525557533084015,0.584392436451342,46,0.45306969458100455,0.6474442466915985,0.415607563548658
0.15,0.005,0.17309161201826392,0.11218796662202583,0.5953263785110924,46,0.826908387981736,0.8878120333779742,0.4046736214889076
0.15,0.01,0.3007624063970607,0.19274068899465222,0.5482549259122187,46,0.6992375936029394,0.8072593110053478,0.4517450740877813
0.15,0.015,0.4335793436538168,0.27790039481704254,0.5486423878497912,46,0.5664206563461832,0.7220996051829575,0.45135761215020875
0.15,0.02,0.542605773927147,0.3490566004371255,0.5154825751092043,46,0.45739422607285296,0.6509433995628745,0.48451742489079574
0.2,0.005,0.16710058638693442,0.10829690743924189,0.5192985516215508,46,0.8328994136130656,0.8917030925607581,0.4807014483784492
0.2,0.01,0.2979531858553547,0.19455435267401602,0.5000035143060284,46,0.7020468141446453,0.805445647325984,0.4999964856939716
0.2,0.015,0.41651075181646496,0.27080545162948244,0.48020210030408705,46,0.583489248183535,0.7291945483705176,0.519797899695913
0.2,0.02,0.5483086187961147,0.3591963500504873,0.46697791337884764,46,0.4516913812038853,0.6408036499495127,0.5330220866211524
0.3,0.005,0.1608229496568573,0.10826579362341483,0.44134643680560554,46,0.8391770503431427,0.8917342063765852,0.5586535631943945
0.3,0.01,0.29169842357939385,0.19594110086636968,0.42446941166802193,46,0.7083015764206062,0.8040588991336304,0.5755305883319781
0.3,0.015,0.42058143074047577,0.28078576134472033,0.420724628950969,46,0.5794185692595242,0.7192142386552797,0.579275371049031
0.3,0.02,0.5308450326190508,0.3573847750350075,0.42074570929780025,46,0.4691549673809492,0.6426152249649926,0.5792542907021998
