bridge_frequency,target_beamdamp,target_density,actual_density,total_peds,Tocity,Outcity,mean_modal_mass_ratio,mass_ratio_used_for_interpolation,modification_factor,initial_modification_factor,residual_correction_factor,final_modification_factor,calibration_measure,correction_stat,measure,mc_mean,mc_p5,mc_p50,mc_p95,code_prediction,simplified_prediction,corrected_prediction,code_bias_mean,code_bias_p5,code_bias_p50,code_bias_p95,simplified_bias_mean,simplified_bias_p5,simplified_bias_p50,simplified_bias_p95,corrected_bias_mean,corrected_bias_p5,corrected_bias_p50,corrected_bias_p95
2.0,0.005,0.8333,0.83,83,41,42,0.20492745538275456,0.20492745538275456,0.21688249187546038,0.21688249187546038,1.3285132459244933,0.2881312632656604,Peak 1-sec RMS,mean,Peak 1-sec RMS,1.62465565144277,1.1208925103611393,1.4958552493650457,2.203194380970792,5.638595524236734,1.2229126479745374,1.6246556514422725,0.2881312632657209,0.1987893094198965,0.2652886242567526,0.3907346025265798,1.3285132459244933,0.9165761039577357,1.2231905948822859,1.801595874096042,1.0000000000003062,0.6899262064340083,0.9207214144345692,1.356099293419456
2.0,0.005,0.8333,0.83,83,41,42,0.20492745538275456,0.20492745538275456,0.21688249187546038,0.21688249187546038,1.3285132459244933,0.2881312632656604,Peak 1-sec RMS,mean,Peak absolute acceleration,2.405489717458242,1.7661179510301108,2.2955110772729834,3.1244157096706306,7.960573281960822,1.7265089701491907,2.2936900360499295,0.30217543790586515,0.22185813615110475,0.2883600208134207,0.3924862693935323,1.3932680102150752,1.0229416594791845,1.3295679993337215,1.8096724452005855,1.048742279754961,0.7699898082443716,1.0007939351849782,1.3621786991983156
2.0,0.005,0.8333,0.83,83,41,42,0.20492745538275456,0.20492745538275456,0.21688249187546038,0.21688249187546038,1.3285132459244933,0.2881312632656604,Peak 1-sec RMS,mean,95% absolute acceleration,1.7089249486574356,1.1447361716847722,1.6488803844271924,2.372221559882723,7.825379004484604,1.697187698362842,2.254736338094644,0.21838238731671358,0.146285077186516,0.2107093322230456,0.3031446219439646,1.0069157054967552,0.6744900241670493,0.971536846524254,1.3977367159631424,0.7579267339530952,0.5077028973827276,0.7312963190279587,1.0521059690231271
2.1,0.005,0.8333,0.83,83,41,42,0.2513310844540613,0.2513310844540613,0.1973204711731394,0.1973204711731394,1.7997166727813874,0.3551209418513781,Peak 1-sec RMS,mean,Peak 1-sec RMS,1.9579739628138124,1.2542024569037487,1.6727712091065148,3.2675709492354548,5.513541253315506,1.0879345579367472,1.9579739628138686,0.3551209418513748,0.22747675210547266,0.3033932516784222,0.5926446904284134,1.7997166727813874,1.1528289525817859,1.5375660207714168,3.0034627776070995,0.9999999999999712,0.64056135613841,0.8543378210722069,1.6688531161770512
2.1,0.005,0.8333,0.83,83,41,42,0.2513310844540613,0.2513310844540613,0.1973204711731394,0.1973204711731394,1.7997166727813874,0.3551209418513781,Peak 1-sec RMS,mean,Peak absolute acceleration,2.8814410272844513,1.9032249357263356,2.481351171282518,4.621110616910508,7.628754637621136,1.5053094595596748,2.7091305320652945,0.37770791749870286,0.24948042323193861,0.3252629412205442,0.6057490162446098,1.9141851590617887,1.2643413111102464,1.6483993743109473,3.0698741627932447,1.0636036149530959,0.7025224193517984,0.9159215999056606,1.7057541385381765
2.1,0.005,0.8333,0.83,83,41,42,0.2513310844540613,0.2513310844540613,0.1973204711731394,0.1973204711731394,1.7997166727813874,0.3551209418513781,Peak 1-sec RMS,mean,95% absolute acceleration,2.0543548252640242,1.3757456114609594,1.7405986916344744,3.427700799010186,7.511986006228019,1.4822686181949756,2.6676635457061173,0.27347692388681305,0.18314006579889253,0.23170952264705805,0.4562975485002709,1.385953126205764,0.9281351534894302,1.1742802014887683,2.3124693843847615,0.7700951750721048,0.5157118159354711,0.6524805927779571,1.2849074631347075
2.2,0.005,0.8333,0.83,83,41,42,0.23137917312742784,0.23137917312742784,0.38991559185643715,0.38991559185643715,2.303682012627663,0.8982415354027435,Peak 1-sec RMS,mean,Peak 1-sec RMS,2.5267750532340414,1.5684312888004057,2.2125406389704505,3.8920290567368894,2.8130240627330974,1.0968419423268883,2.5267750532343785,0.8982415354026726,0.5575605660751222,0.7865345584071455,1.3835747472972004,2.303682012627663,1.4299519632455588,2.0171918610959305,3.548395540455145,0.9999999999998664,0.6207245424529372,0.8756381523310932,1.5403148181928297
2.2,0.005,0.8333,0.83,83,41,42,0.23137917312742784,0.23137917312742784,0.38991559185643715,0.38991559185643715,2.303682012627663,0.8982415354027435,Peak 1-sec RMS,mean,Peak absolute acceleration,3.6552253779064614,2.3352718902092464,3.225750002850771,5.56042003938706,3.8476194793546026,1.5002468265308404,3.456091628781404,0.9499965881552267,0.6069394083120099,0.8383755254799408,1.4451585114440064,2.436416003864363,1.5565917880388467,2.1501461931500776,3.706336811419848,1.0576181914468716,0.6756973312749374,0.93335199101424,1.6088751794314058
2.2,0.005,0.8333,0.83,83,41,42,0.23137917312742784,0.23137917312742784,0.38991559185643715,0.38991559185643715,2.303682012627663,0.8982415354027435,Peak 1-sec RMS,mean,95% absolute acceleration,2.6206725572943363,1.6802212556742664,2.3400545294438864,4.539309168682505,3.7981852108108503,1.4809716344535961,3.411687715502985,0.689980191022561,0.4423747559470821,0.6160980572467458,1.1951258079153642,1.7695629655062455,1.1345397957565766,1.580080586963604,3.065088529097508,0.7681454974280877,0.49248975750013846,0.6858935297068631,1.3305171947759218
2.3,0.005,0.8333,0.83,83,41,42,0.23647104144196188,0.23647104144196188,0.5161815262074247,0.5161815262074247,3.8953520264660573,2.0107087541364344,Peak 1-sec RMS,mean,Peak 1-sec RMS,2.789517817519347,1.9483708646390105,2.7481595298835497,3.6226339567241914,1.3873306175152291,0.7161144355032925,2.7895178175194335,2.010708754136413,1.4044026997174108,1.980897339961851,2.6112261280677926,3.8953520264660573,2.720753510952025,3.8375982854641313,5.0587361141214355,0.9999999999999689,0.6984615234942614,0.9851736786278491,1.2986595511139636
2.3,0.005,0.8333,0.83,83,41,42,0.23647104144196188,0.23647104144196188,0.5161815262074247,0.5161815262074247,3.8953520264660573,2.0107087541364344,Peak 1-sec RMS,mean,Peak absolute acceleration,4.017132055768243,2.7970759158510665,3.965159310661651,5.230163246386329,1.9002058783973106,0.9808511704193883,3.820760594355099,2.114050957023883,1.471985718837057,2.086699844337911,2.7524192540639874,4.095557182289556,2.851682294119203,4.042569790650548,5.332269975423527,1.0513959083705136,0.732073064191341,1.0377931861315495,1.368880126672559
2.3,0.005,0.8333,0.83,83,41,42,0.23647104144196188,0.23647104144196188,0.5161815262074247,0.5161815262074247,3.8953520264660573,2.0107087541364344,Peak 1-sec RMS,mean,95% absolute acceleration,2.941847832034673,2.178296099513014,2.8161564701765895,4.214962384519137,1.878527601927849,0.969661244585878,3.777171894083533,1.5660391835688683,1.159576307144769,1.499129673307166,2.2437585586677087,3.033892349993913,2.2464506152798944,2.9042683575327497,4.346840103235496,0.7788493387454006,0.5767002828028669,0.745572758970209,1.1159043069025658
2.4,0.005,0.8333,0.83,83,41,42,0.23600586329883586,0.23600586329883586,0.43726028167171815,0.43726028167171815,4.222938210159504,1.846523151256606,Peak 1-sec RMS,mean,Peak 1-sec RMS,2.5074906099925145,1.7068807635320618,2.535783617133566,3.1507511223223985,1.3579524352490353,0.5937786643337613,2.5074906099924337,1.8465231512565206,1.2569518042206216,1.8673582014443146,2.320222005231414,4.222938210159504,2.8746077723207466,4.270587290263783,5.306272036327952,1.0000000000000324,0.6807127239998766,1.0112833950517635,1.2565355617949476
2.4,0.005,0.8333,0.83,83,41,42,0.23600586329883586,0.23600586329883586,0.43726028167171815,0.43726028167171815,4.222938210159504,1.846523151256606,Peak 1-sec RMS,mean,Peak absolute acceleration,3.649031478769357,2.51002392157256,3.738331750878012,4.602081235101413,1.8838581650772654,0.8237363518912567,3.4785877154987284,1.9369990514225863,1.3323847665939397,1.98440191527088,2.4429021889302693,4.4298536423594355,3.047120496515266,4.538262445617451,5.58683761440814,1.0489979776882503,0.7215640733707056,1.0746693936225906,1.322974037594912
2.4,0.005,0.8333,0.83,83,41,42,0.23600586329883586,0.23600586329883586,0.43726028167171815,0.43726028167171815,4.222938210159504,1.846523151256606,Peak 1-sec RMS,mean,95% absolute acceleration,2.53261852336839,1.5555402289951932,2.4036070074873006,3.5632057162289543,1.86482555849903,0.8154141489778965,3.4434435668234147,1.3580994274911466,0.8341478493287189,1.2889178811030066,1.9107447878915413,3.1059290871307197,1.9076689200758021,2.9477131473621947,4.369810998123289,0.7354900622648327,0.451739718920436,0.6980242193150371,1.0347797624910753
2.5,0.005,0.8333,0.83,83,41,42,0.2619398649931685,0.2619398649931685,0.3424048221312941,0.3424048221312941,5.106341473748885,1.7484359440606372,Peak 1-sec RMS,mean,Peak 1-sec RMS,2.2590639310605556,1.4896577449409438,2.375525121963334,2.754282147337091,1.292048438339647,0.44240361571472325,2.2590639310601297,1.7484359440607165,1.1529426457534637,1.8385728053787314,2.1317174074963425,5.106341473748885,3.36719161423293,5.36958794544562,6.225722506556422,1.0000000000001885,0.6594137175400254,1.0515528530653628,1.219213900708231
2.5,0.005,0.8333,0.83,83,41,42,0.2619398649931685,0.2619398649931685,0.3424048221312941,0.3424048221312941,5.106341473748885,1.7484359440606372,Peak 1-sec RMS,mean,Peak absolute acceleration,3.316437722612733,2.161061379773206,3.514979918243749,4.026610836951209,1.823013399702349,0.6242085788680816,3.1874221545432597,1.8192064431090966,1.1854336233217215,1.928115239755042,2.2087664509809146,5.31302810452661,3.462082151597468,5.631098381598172,6.450745749526427,1.0404764608558608,0.6779965988166616,1.1027657297398143,1.2632813106390046
2.5,0.005,0.8333,0.83,83,41,42,0.2619398649931685,0.2619398649931685,0.3424048221312941,0.3424048221312941,5.106341473748885,1.7484359440606372,Peak 1-sec RMS,mean,95% absolute acceleration,2.419231897568131,1.5106664789380813,2.686472772765526,3.04984952202262,1.8166661783021685,0.6220352596535832,3.1763244445024714,1.331687641055283,0.8315597532343172,1.4787927495167368,1.6788167019617042,3.8892198794573516,2.4285865720528195,4.318843234484241,4.903017111475493,0.7616450837556271,0.4756020694147656,0.8457803413046256,0.9601819887452768
2.6,0.005,0.8333,0.83,83,41,42,0.2542839637265634,0.2542839637265634,0.21422099662107158,0.21422099662107158,6.7824994970422665,1.452953801838311,Peak 1-sec RMS,mean,Peak 1-sec RMS,1.9022435395715298,1.0273571522437355,1.866991592131402,2.705024466471886,1.309225067696453,0.2804634988032164,1.902243539571501,1.4529538018382713,0.7847062950385935,1.4260279902953008,2.066126392791505,6.7824994970422665,3.6630690147831584,6.656807748951861,9.6448360589334,1.000000000000015,0.5400765626861626,0.9814682259622551,1.4220179541685916
2.6,0.005,0.8333,0.83,83,41,42,0.2542839637265634,0.2542839637265634,0.21422099662107158,0.21422099662107158,6.7824994970422665,1.452953801838311,Peak 1-sec RMS,mean,Peak absolute acceleration,2.793194832351487,1.5240417945920328,2.7451557780038414,3.921534227044049,1.8189411012764205,0.38965537551046325,2.642837388419483,1.5356158758474343,0.8378730864471392,1.5092054251110498,2.155943490579304,7.1683723821140575,3.9112556643045937,7.045086377693581,10.064109142358657,1.0568924310632382,0.5766687732170566,1.0387153557130313,1.4838348527335143
2.6,0.005,0.8333,0.83,83,41,42,0.2542839637265634,0.2542839637265634,0.21422099662107158,0.21422099662107158,6.7824994970422665,1.452953801838311,Peak 1-sec RMS,mean,95% absolute acceleration,1.9843414494844882,0.7242508866215209,1.9435479494688215,3.2872198553123444,1.8015679174902275,0.38593367476530804,2.6175949549874553,1.1014524793763443,0.4020114254867938,1.0788091476320179,1.8246438690425757,5.14166443415749,1.8766200877960406,5.035963629374197,8.517577164810382,0.7580781150665071,0.2766856213722309,0.742493771148843,1.25581685166722
2.8,0.005,0.8333,0.83,83,41,42,0.22850275087752858,0.22850275087752858,0.06100611129773191,0.06100611129773191,13.866743104416946,0.8459560731651167,Peak 1-sec RMS,mean,Peak 1-sec RMS,1.1143629942878748,0.5361006619846718,0.9878861029891375,1.9786653213782408,1.3172823384535512,0.08036227295023003,1.114362994287894,0.8459560731650759,0.40697475881597056,0.7499425705114101,1.502081416882225,13.866743104416946,6.671049017201015,12.292908932540463,24.621818780607015,0.9999999999999826,0.48108261377366857,0.8865029690082463,1.7756021435750007
2.8,0.005,0.8333,0.83,83,41,42,0.22850275087752858,0.22850275087752858,0.06100611129773191,0.06100611129773191,13.866743104416946,0.8459560731651167,Peak 1-sec RMS,mean,Peak absolute acceleration,1.6948935361018247,0.8798535600757853,1.4876741438268932,2.9472287473303425,1.8142094755072546,0.11067786518019272,1.5347415237990731,0.9342325453503273,0.48497903464525643,0.8200123325951312,1.624525054641937,15.313753417111885,7.9496795374875635,13.44147848718293,26.628890451871385,1.104351130023715,0.5732910372411184,0.9693320476169368,1.9203420912433662
2.8,0.005,0.8333,0.83,83,41,42,0.22850275087752858,0.22850275087752858,0.06100611129773191,0.06100611129773191,13.866743104416946,0.8459560731651167,Peak 1-sec RMS,mean,95% absolute acceleration,1.072526512784503,0.4419393598680414,0.9787985776541492,2.0276860079671244,1.7933701804162772,0.10940654082450531,1.5171123955563626,0.5980508232469596,0.24642952397338203,0.5457872492487583,1.130656698828603,9.803129727909964,4.039423571365251,8.946435654374643,18.533498936043095,0.7069525738013506,0.2913029787130381,0.6451720917455162,1.336543036564883
3.0,0.005,0.8333,0.83,83,41,42,0.22220695594002002,0.22220695594002002,0.04614489441410541,0.04614489441410541,12.404125874534259,0.5723870787796563,Peak 1-sec RMS,mean,Peak 1-sec RMS,0.7191171834713765,0.33015196029197863,0.6550302651705735,1.1682765166471085,1.2563476887084,0.05797403144285469,0.7191171834713712,0.5723870787796583,0.2627870956895654,0.5213765831367776,0.9298990455804206,12.404125874534259,5.694824942740288,11.298684063678412,20.15172116844565,1.0000000000000073,0.459107316415729,0.9108811195535156,1.624598248379388
3.0,0.005,0.8333,0.83,83,41,42,0.22220695594002002,0.22220695594002002,0.04614489441410541,0.04614489441410541,12.404125874534259,0.5723870787796563,Peak 1-sec RMS,mean,Peak absolute acceleration,1.125219808456649,0.5568714294840267,1.034887012056037,1.803672514914538,1.7765531188000296,0.08197885608807721,1.0168760499668623,0.6333724539667449,0.3134561098067052,0.5825252288290992,1.015265176046538,13.725732001526403,6.7928665519037,12.623828404535985,22.001679469358432,1.1065456881330988,0.5476296049082617,1.017712052604407,1.7737388101266773
3.0,0.005,0.8333,0.83,83,41,42,0.22220695594002002,0.22220695594002002,0.04614489441410541,0.04614489441410541,12.404125874534259,0.5723870787796563,Peak 1-sec RMS,mean,95% absolute acceleration,0.6997193906321978,0.28753338719949306,0.6512254774134515,1.2579072859780784,1.7488785228543238,0.08070181478020533,1.001035468837131,0.400096050976825,0.16441015395981493,0.3723674737285893,0.7192651001997914,8.6704294387668,3.5629110445979677,8.06952705074961,15.58710035708664,0.6989956024685501,0.28723596331058165,0.6505518512445498,1.2566061095111312
3.25,0.005,0.8333,0.83,83,41,42,0.2533559819358963,0.2533559819358963,0.03183529823746167,0.03183529823746167,16.575993380304187,0.5277016928441742,Peak 1-sec RMS,mean,Peak 1-sec RMS,0.5322845782914327,0.3366396226071648,0.5358789151991878,0.7834273563137933,1.008684613882099,0.032111775510474096,0.5322845782914268,0.5277016928441512,0.3337412090698483,0.5312650830835658,0.7766821715448163,16.575993380304187,10.48336995559031,16.68792543172821,24.396886931968552,1.0000000000000109,0.6324429381135555,1.006752660239187,1.4718205040403505
3.25,0.005,0.8333,0.83,83,41,42,0.2533559819358963,0.2533559819358963,0.03183529823746167,0.03183529823746167,16.575993380304187,0.5277016928441742,Peak 1-sec RMS,mean,Peak absolute acceleration,0.8921338839268097,0.5446311848723866,0.9082046620987057,1.255694079554079,1.392557431832715,0.044332481155185545,0.7348549141608103,0.6406442302007546,0.3911014170206317,0.652184708032786,0.9017179836536343,20.12370750926169,12.285150090424871,20.48621323312678,28.324471061263875,1.214027240935864,0.7411411074175704,1.2358965621613314,1.7087646219091517
3.25,0.005,0.8333,0.83,83,41,42,0.2533559819358963,0.2533559819358963,0.03183529823746167,0.03183529823746167,16.575993380304187,0.5277016928441742,Peak 1-sec RMS,mean,95% absolute acceleration,0.5620032939919709,0.2787057945794955,0.5848625891523084,0.8267556264499574,1.3572369019676382,0.043208041553025135,0.7162162107588882,0.41407899621445104,0.20534793459818626,0.4309215202625354,0.6091461448265797,13.006914310204907,6.4503223141337305,13.535966179688147,19.134299929686897,0.7846838504206483,0.38913639539683764,0.8166006023971446,1.1543380532729688
3.5,0.005,0.8333,0.83,83,41,42,0.26210146968982034,0.26210146968982034,0.026355379478750073,0.026355379478750073,13.90900268898406,0.36657704403913005,Peak 1-sec RMS,mean,Peak 1-sec RMS,0.41368179851788783,0.30482498749536807,0.38544654944405876,0.5679425380833908,1.1284989206081653,0.029742017293987878,0.4136817985178941,0.366577044039128,0.27011544444463736,0.34155686142467534,0.503272557653239,13.90900268898406,10.248968134282745,12.959663953997293,19.09562934045486,0.9999999999999848,0.7368585917665957,0.931746455427833,1.3728970917216314
3.5,0.005,0.8333,0.83,83,41,42,0.26210146968982034,0.26210146968982034,0.026355379478750073,0.026355379478750073,13.90900268898406,0.36657704403913005,Peak 1-sec RMS,mean,Peak absolute acceleration,0.7749876918905484,0.5583578990373433,0.7518656864474256,1.0249768607516274,1.5956639582786403,0.04205432914099765,0.5849337771055676,0.4856835224420211,0.3499219846011217,0.4711929993446228,0.6423513268152933,18.42825002135234,13.27706113597268,17.87843729302179,24.372683661535447,1.3249152677170155,0.9545660054036716,1.2853859973138984,1.7522955604026296
3.5,0.005,0.8333,0.83,83,41,42,0.26210146968982034,0.26210146968982034,0.026355379478750073,0.026355379478750073,13.90900268898406,0.36657704403913005,Peak 1-sec RMS,mean,95% absolute acceleration,0.489444427955529,0.311995227000816,0.5119321667424529,0.6359614324516473,1.5342081968516872,0.0404346392274345,0.5624055057424697,0.3190208662422131,0.20335911882171803,0.33367841978225443,0.4145209455644214,12.104582538811075,7.716038351323544,12.660732889514987,15.728134208754204,0.8702696238888703,0.5547513739022343,0.9102545432349857,1.1307880629868148
3.75,0.005,0.8333,0.83,83,41,42,0.1747395337081893,0.1747395337081893,0.04291678546244777,0.04291678546244777,6.502715155421019,0.27907563124861157,Peak 1-sec RMS,mean,Peak 1-sec RMS,0.33125784143158343,0.28168966814732654,0.323012698333893,0.3981353917561148,1.1869823242879087,0.05094146575918041,0.3312578414315976,0.2790756312486041,0.23731580696984436,0.2721293246954406,0.33541813016884064,6.502715155421019,5.5296733996422525,6.340859916769892,7.815546447725935,0.9999999999999573,0.8503637738202598,0.9751095911810828,1.2018897123627095
3.75,0.005,0.8333,0.83,83,41,42,0.1747395337081893,0.1747395337081893,0.04291678546244777,0.04291678546244777,6.502715155421019,0.27907563124861157,Peak 1-sec RMS,mean,Peak absolute acceleration,0.6436737419700697,0.5075887895060163,0.6613132923684187,0.7992716169765901,1.6435747813572097,0.070536946282995,0.4586816696115676,0.39163033484764537,0.3088321841290764,0.40236276430472373,0.48630073060416396,9.125341766109969,7.19606980814798,9.375417100071537,11.331247794168798,1.4033125468370289,1.1066254074113435,1.441769610999386,1.7425410037716342
3.75,0.005,0.8333,0.83,83,41,42,0.1747395337081893,0.1747395337081893,0.04291678546244777,0.04291678546244777,6.502715155421019,0.27907563124861157,Peak 1-sec RMS,mean,95% absolute acceleration,0.4176261704380974,0.28917284849525127,0.4167096058865756,0.5198005683877085,1.5536468050041001,0.06667752661477497,0.4335849628438982,0.2688038034725629,0.18612521685357447,0.2682138595106729,0.33456804127778367,6.26337225810587,4.336886252034039,6.249626029083052,7.7957386060647105,0.9631933905153754,0.6669346801110374,0.9610794690695992,1.1988436245074536
4.0,0.005,0.8333,0.83,83,41,42,0.24332507781680532,0.24332507781680532,0.018700620001478582,0.018700620001478582,17.678556379889176,0.3305999650350223,Peak 1-sec RMS,mean,Peak 1-sec RMS,0.3475474489064711,0.292985650926754,0.3409219133269825,0.43979029262033364,1.0512628120503567,0.01965926636983974,0.34754744890646455,0.33059996503502603,0.2786987683463492,0.3242975109735471,0.4183447636301123,17.678556379889176,14.903183334258998,17.341537924833645,22.370636032229452,1.0000000000000189,0.8430090678225787,0.9809363135873135,1.2654107921209181
4.0,0.005,0.8333,0.83,83,41,42,0.24332507781680532,0.24332507781680532,0.018700620001478582,0.018700620001478582,17.678556379889176,0.3305999650350223,Peak 1-sec RMS,mean,Peak absolute acceleration,0.6937223156316912,0.5984492199856837,0.6878051420484451,0.7715996813652263,1.4849713731649479,0.0277698853626321,0.4909314840463424,0.4671620801370384,0.4030038765731877,0.46317737464696906,0.5196057616388262,24.981101166704224,21.550294938954735,24.768022376281543,27.785483133593036,1.4130735920905126,1.2190076200718714,1.4010206401500997,1.5717054343420143
4.0,0.005,0.8333,0.83,83,41,42,0.24332507781680532,0.24332507781680532,0.018700620001478582,0.018700620001478582,17.678556379889176,0.3305999650350223,Peak 1-sec RMS,mean,95% absolute acceleration,0.47168653206823413,0.40786292616228664,0.47270021477774177,0.5217997301803816,1.3786728528282233,0.025782037127095172,0.4557891969397638,0.34213086237290574,0.29583735207782796,0.34286612216091716,0.37847973078599206,18.295161462339358,15.819654752325617,18.3344788640059,20.238886772527586,1.0348787010205756,0.8948499194380621,1.0371027175534677,1.1448268929667977
