bridge_frequency,target_beamdamp,target_density,N_pedestrians,psi_original,psi_modified,code_bias_mean,bias_after_psi_mean,nprime_original,nprime_required_mean,nprime_multiplier,final_bias_check
1.5,0.005,0.8333,83.33,0.5555555555555556,0.5555555608945703,0.11346509321350194,0.11346509212307672,0.06971230594378586,0.007909913216023771,0.11346509212307672,1.0
1.6,0.005,0.8333,83.33,0.777777777777778,0.7777777852523985,0.09299146721076106,0.09299146631709203,0.06971230594378586,0.0064826495500583765,0.09299146631709203,1.0
1.7,0.005,0.8333,83.33,1.0,1.0,0.08826109342468864,0.08826109342468864,0.06971230594378586,0.006152884347754961,0.08826109342468864,1.0
1.75,0.005,0.8333,83.33,1.0,1.0,0.09956558287592152,0.09956558287592152,0.06971230594378586,0.006940946374917606,0.09956558287592152,1.0
1.8,0.005,0.8333,83.33,1.0,1.0,0.11236551234155852,0.11236551234155852,0.06971230594378586,0.007833258973884974,0.11236551234155853,0.9999999999999999
1.85,0.005,0.8333,83.33,1.0,1.0,0.13111290144795754,0.13111290144795754,0.06971230594378586,0.009140182698917459,0.13111290144795754,1.0
1.9,0.005,0.8333,83.33,1.0,1.0,0.14911512466828153,0.14911512466828153,0.06971230594378586,0.010395159191721012,0.14911512466828153,1.0
1.95,0.005,0.8333,83.33,1.0,1.0,0.17481851833752515,0.17481851833752515,0.06971230594378586,0.012187002034984892,0.17481851833752515,1.0
2.0,0.005,0.8333,83.33,1.0,1.0,0.1805995954089812,0.1805995954089812,0.06971230594378586,0.012590014248474841,0.1805995954089812,1.0
2.05,0.005,0.8333,83.33,1.0,1.0,0.21182366396129684,0.21182366396129684,0.06971230594378586,0.014766716068203612,0.21182366396129684,1.0
2.1,0.005,0.8333,83.33,1.0,1.0,0.22410548558096824,0.22410548558096824,0.06971230594378586,0.015622910174501148,0.22410548558096824,1.0
2.15,0.005,0.8333,83.33,0.7500000000000006,1.0,0.32068984177146526,0.24051738132859912,0.06971230594378586,0.01676702127197751,0.24051738132859912,1.0
2.2,0.005,0.8333,83.33,0.4999999999999989,1.0,0.4664750925958988,0.23323754629794888,0.06971230594378586,0.01625952718510053,0.23323754629794888,1.0
2.25,0.005,0.8333,83.33,0.25,1.0,0.9308145025085112,0.2327036256271278,0.06971230594378586,0.01622230634394654,0.2327036256271278,1.0
2.3,0.005,0.8333,83.33,0.25,1.0,0.9567309523014298,0.23918273807535745,0.06971230594378586,0.016673980213181717,0.23918273807535745,1.0
2.35,0.005,0.8333,83.33,0.25,1.0,0.9250561013926247,0.23126402534815618,0.06971230594378586,0.01612194848886211,0.23126402534815618,1.0
2.4,0.005,0.8333,83.33,0.25,1.0,0.9356592583201919,0.23391481458004798,0.06971230594378586,0.016306741118788246,0.23391481458004798,1.0
2.45,0.005,0.8333,83.33,0.25,1.0,0.8437906626279505,0.21094766565698764,0.06971230594378586,0.01470564820640737,0.21094766565698764,1.0
2.5,0.005,0.8333,83.33,0.25,1.0,0.8051181103538708,0.2012795275884677,0.06971230594378586,0.014031660007467946,0.2012795275884677,1.0
2.55,0.005,0.8333,83.33,0.25,1.0,0.7572865215200228,0.1893216303800057,0.06971230594378586,0.013198047418827302,0.1893216303800057,1.0
2.6,0.005,0.8333,83.33,0.25,0.892639082835574,0.7394803607230978,0.2071050817016802,0.06971230594378586,0.014437772818100297,0.2071050817016802,1.0
2.65,0.005,0.8333,83.33,0.25,0.7267835371340678,0.6634278026951697,0.22820680739112176,0.06971230594378586,0.01590882277530449,0.22820680739112173,1.0000000000000002
2.7,0.005,0.8333,83.33,0.25,0.5609279914325601,0.6491908336834266,0.28933786671327055,0.06971230594378586,0.020170409885437852,0.28933786671327055,1.0
2.75,0.005,0.8333,83.33,0.25,0.39507244573105393,0.6217658063732621,0.39345050071938575,0.06971230594378586,0.027428341679885556,0.39345050071938575,1.0
2.8,0.005,0.8333,83.33,0.25,0.25,0.573685555991137,0.573685555991137,0.06971230594378586,0.039992942994785036,0.573685555991137,1.0
2.85,0.005,0.8333,83.33,0.25,0.25,0.518573186267766,0.518573186267766,0.06971230594378586,0.03615093261534236,0.518573186267766,1.0
2.9,0.005,0.8333,83.33,0.25,0.25,0.48516657196622553,0.48516657196622553,0.06971230594378586,0.03382208049860731,0.48516657196622553,1.0
2.95,0.005,0.8333,83.33,0.25,0.25,0.48610174557659247,0.48610174557659247,0.06971230594378586,0.033887273607443764,0.4861017455765924,1.0000000000000002
3.0,0.005,0.8333,83.33,0.25,0.25,0.3927129141452779,0.3927129141452779,0.06971230594378586,0.027376922818971323,0.3927129141452779,1.0
3.1,0.005,0.8333,83.33,0.1666666666666667,0.25,0.523303225352736,0.3488688169018241,0.06971230594378586,0.02432044969810657,0.3488688169018241,1.0
3.2,0.005,0.8333,83.33,0.1944444444444445,0.25,0.40769625311546165,0.3170970857564703,0.06971230594378586,0.022105569056137957,0.3170970857564703,1.0
3.3,0.005,0.8333,83.33,0.22222222222222218,0.25,0.34430730669023396,0.30605093928020793,0.06971230594378586,0.021335516713484885,0.30605093928020793,1.0
3.4,0.005,0.8333,83.33,0.25,0.25,0.2625336251410939,0.2625336251410939,0.06971230594378586,0.018301824396367128,0.2625336251410939,1.0
3.45,0.005,0.8333,83.33,0.25,0.25,0.25505138064593674,0.25505138064593674,0.06971230594378586,0.017780219878974525,0.25505138064593674,1.0
3.5,0.005,0.8333,83.33,0.25,0.25,0.2538382098085824,0.2538382098085824,0.06971230594378586,0.0176956469423988,0.2538382098085824,1.0
3.55,0.005,0.8333,83.33,0.25,0.25,0.23376815650022664,0.23376815650022664,0.06971230594378586,0.01629651724585861,0.23376815650022661,1.0000000000000002
3.6,0.005,0.8333,83.33,0.25,0.25,0.22997167782695804,0.22997167782695804,0.06971230594378586,0.016031855963078653,0.22997167782695804,1.0
3.65,0.005,0.8333,83.33,0.25,0.25,0.23966485389143724,0.23966485389143724,0.06971230594378586,0.01670758961845261,0.23966485389143727,0.9999999999999999
3.7,0.005,0.8333,83.33,0.25,0.25,0.23660997965172892,0.23660997965172892,0.06971230594378586,0.01649462729083427,0.2366099796517289,1.0000000000000002
3.75,0.005,0.8333,83.33,0.25,0.25,0.2337195398299077,0.2337195398299077,0.06971230594378586,0.01629312806566337,0.2337195398299077,1.0
3.8,0.005,0.8333,83.33,0.25,0.25,0.23242158277030445,0.23242158277030445,0.06971230594378586,0.016202644486022412,0.23242158277030445,1.0
3.85,0.005,0.8333,83.33,0.25,0.25,0.22981073687131023,0.22981073687131023,0.06971230594378586,0.016020636397939648,0.22981073687131023,1.0
3.9,0.005,0.8333,83.33,0.25,0.25,0.2308293949282919,0.2308293949282919,0.06971230594378586,0.016091649400060058,0.2308293949282919,1.0
4.0,0.005,0.8333,83.33,0.25,0.25,0.24186777477724636,0.24186777477724636,0.06971230594378586,0.01686116031321409,0.24186777477724636,1.0
4.1,0.005,0.8333,83.33,0.25,0.25,0.2332912548859997,0.2332912548859997,0.06971230594378586,0.016263271334622537,0.2332912548859997,1.0
4.2,0.005,0.8333,83.33,0.25,0.25,0.22854124669333917,0.22854124669333917,0.06971230594378586,0.0159321373102603,0.2285412466933392,0.9999999999999999
4.25,0.005,0.8333,83.33,0.21875000000000008,0.21875000078307374,0.2557093497527207,0.25570934883734125,0.06971230594378586,0.017826088358834997,0.25570934883734125,1.0
4.3,0.005,0.8333,83.33,0.18750000000000014,0.18750000067120615,0.2998663945183664,0.29986639344491506,0.06971230594378586,0.02090437776209158,0.29986639344491506,1.0
4.35,0.005,0.8333,83.33,0.15625000000000022,0.15625000055933855,0.35158896423691105,0.3515889629783051,0.06971230594378586,0.024510077353602003,0.3515889629783051,1.0
4.4,0.005,0.8333,83.33,0.12499999999999972,0.1250000004474704,0.45326556510574134,0.453265563483157,0.06971230594378586,0.03159818763532033,0.453265563483157,1.0
1.5,0.01,0.8333,83.33,0.5555555555555556,0.5555555608945703,0.15018347058048903,0.15018346913719188,0.09858808853000449,0.01480630115104067,0.15018346913719188,1.0
1.6,0.01,0.8333,83.33,0.777777777777778,0.7777777852523985,0.12727290525399446,0.12727290403087305,0.09858808853000449,0.012547592330066477,0.12727290403087305,1.0
1.7,0.01,0.8333,83.33,1.0,1.0,0.11864798005635013,0.11864798005635013,0.09858808853000449,0.011697277561701655,0.11864798005635015,0.9999999999999999
1.75,0.01,0.8333,83.33,1.0,1.0,0.12795457997545653,0.12795457997545653,0.09858808853000449,0.012614797458439849,0.12795457997545653,1.0
1.8,0.01,0.8333,83.33,1.0,1.0,0.14938877648999532,0.14938877648999532,0.09858808853000449,0.014727953921984713,0.14938877648999532,1.0
1.85,0.01,0.8333,83.33,1.0,1.0,0.17496530748251107,0.17496530748251107,0.09858808853000449,0.01724949522376526,0.17496530748251107,1.0
1.9,0.01,0.8333,83.33,1.0,1.0,0.189257981980927,0.189257981980927,0.09858808853000449,0.018658582682545624,0.189257981980927,1.0
1.95,0.01,0.8333,83.33,1.0,1.0,0.21804402560892278,0.21804402560892278,0.09858808853000449,0.021496543700171046,0.2180440256089228,0.9999999999999999
2.0,0.01,0.8333,83.33,1.0,1.0,0.22948432607695524,0.22948432607695524,0.09858808853000449,0.02262442105552328,0.2294843260769552,1.0000000000000002
2.05,0.01,0.8333,83.33,1.0,1.0,0.2436958355130543,0.2436958355130543,0.09858808853000449,0.02402550660595441,0.24369583551305432,0.9999999999999999
2.1,0.01,0.8333,83.33,1.0,1.0,0.26825830947174567,0.26825830947174567,0.09858808853000449,0.026447073963109805,0.26825830947174567,1.0
2.15,0.01,0.8333,83.33,0.7500000000000006,1.0,0.3698057320731087,0.2773542990548317,0.09858808853000449,0.02734383018939509,0.2773542990548317,1.0
2.2,0.01,0.8333,83.33,0.4999999999999989,1.0,0.6187187913868396,0.30935939569341914,0.09858808853000449,0.030499151490211495,0.30935939569341914,1.0
2.25,0.01,0.8333,83.33,0.25,1.0,1.2063828666565535,0.30159571666413837,0.09858808853000449,0.029733745214754224,0.30159571666413837,1.0
2.3,0.01,0.8333,83.33,0.25,1.0,1.199852761476225,0.2999631903690563,0.09858808853000449,0.02957279756784711,0.2999631903690563,1.0
2.35,0.01,0.8333,83.33,0.25,1.0,1.1906907692264135,0.29767269230660337,0.09858808853000449,0.029346981742088198,0.29767269230660337,1.0
2.4,0.01,0.8333,83.33,0.25,1.0,1.171885800306671,0.29297145007666775,0.09858808853000449,0.028883495256922312,0.29297145007666775,1.0
2.45,0.01,0.8333,83.33,0.25,1.0,1.0957506769073513,0.2739376692268378,0.09858808853000449,0.027006991185438572,0.2739376692268378,1.0
2.5,0.01,0.8333,83.33,0.25,1.0,1.0587412016314939,0.26468530040787347,0.09858808853000449,0.02609481782920226,0.26468530040787347,1.0
2.55,0.01,0.8333,83.33,0.25,1.0,1.02161868195935,0.2554046704898375,0.09858808853000449,0.025179858265228724,0.2554046704898375,1.0
2.6,0.01,0.8333,83.33,0.25,0.892639082835574,1.0515656672849947,0.29451031427633984,0.09858808853000449,0.029035208936875237,0.29451031427633984,1.0
2.65,0.01,0.8333,83.33,0.25,0.7267835371340678,0.8735585822376778,0.3004878817434381,0.09858808853000449,0.029624525887515595,0.3004878817434381,1.0
2.7,0.01,0.8333,83.33,0.25,0.5609279914325601,0.7902463480318396,0.35220489978295644,0.09858808853000449,0.03472320784050347,0.3522048997829565,0.9999999999999999
2.75,0.01,0.8333,83.33,0.25,0.39507244573105393,0.791651119079361,0.5009531338071844,0.09858808853000449,0.04938801190516588,0.5009531338071844,1.0
2.8,0.01,0.8333,83.33,0.25,0.25,0.6611298217024353,0.6611298217024353,0.09858808853000449,0.06517952539182577,0.6611298217024353,1.0
2.85,0.01,0.8333,83.33,0.25,0.25,0.6758921767298787,0.6758921767298787,0.09858808853000449,0.06663491775618272,0.6758921767298787,1.0
2.9,0.01,0.8333,83.33,0.25,0.25,0.5945955268512578,0.5945955268512578,0.09858808853000449,0.058620036440756466,0.5945955268512578,1.0
2.95,0.01,0.8333,83.33,0.25,0.25,0.5662018984565155,0.5662018984565155,0.09858808853000449,0.05582076289088756,0.5662018984565155,1.0
3.0,0.01,0.8333,83.33,0.25,0.25,0.5011946449046483,0.5011946449046483,0.09858808853000449,0.049411822022623626,0.5011946449046483,1.0
3.1,0.01,0.8333,83.33,0.1666666666666667,0.25,0.649833573925516,0.4332223826170108,0.09858808853000449,0.04271056661062534,0.4332223826170108,1.0
3.2,0.01,0.8333,83.33,0.1944444444444445,0.25,0.5104756356833698,0.39703660553151,0.09858808853000449,0.039143080015792975,0.39703660553151,1.0
3.3,0.01,0.8333,83.33,0.22222222222222218,0.25,0.4210320793442762,0.37425073719491214,0.09858808853000449,0.03689666481099144,0.37425073719491214,1.0
3.4,0.01,0.8333,83.33,0.25,0.25,0.324579291704631,0.324579291704631,0.09858808853000449,0.03199965194558231,0.32457929170463096,1.0000000000000002
3.45,0.01,0.8333,83.33,0.25,0.25,0.34289770122307645,0.34289770122307645,0.09858808853000449,0.03380562892491569,0.34289770122307645,1.0
3.5,0.01,0.8333,83.33,0.25,0.25,0.29033639401370737,0.29033639401370737,0.09858808853000449,0.028623710116505646,0.29033639401370737,1.0
3.55,0.01,0.8333,83.33,0.25,0.25,0.29182760375869654,0.29182760375869654,0.09858808853000449,0.028770725634861445,0.29182760375869654,1.0
3.6,0.01,0.8333,83.33,0.25,0.25,0.2780372851837646,0.2780372851837646,0.09858808853000449,0.02741116448633909,0.2780372851837646,1.0
3.65,0.01,0.8333,83.33,0.25,0.25,0.2607792450986741,0.2607792450986741,0.09858808853000449,0.025709727302575824,0.2607792450986741,1.0
3.7,0.01,0.8333,83.33,0.25,0.25,0.2846998605104132,0.2846998605104132,0.09858808853000449,0.028068015052480542,0.2846998605104132,1.0
3.75,0.01,0.8333,83.33,0.25,0.25,0.2736405204181807,0.2736405204181807,0.09858808853000449,0.0269776958523841,0.2736405204181807,1.0
3.8,0.01,0.8333,83.33,0.25,0.25,0.28840333358795317,0.28840333358795317,0.09858808853000449,0.028433133384117543,0.28840333358795317,1.0
3.85,0.01,0.8333,83.33,0.25,0.25,0.28072267338836915,0.28072267338836915,0.09858808853000449,0.027675911776392073,0.28072267338836915,1.0
3.9,0.01,0.8333,83.33,0.25,0.25,0.2648823910664448,0.2648823910664448,0.09858808853000449,0.02611424862049793,0.2648823910664448,1.0
4.0,0.01,0.8333,83.33,0.25,0.25,0.2661449553193069,0.2661449553193069,0.09858808853000449,0.026238722416833914,0.2661449553193069,1.0
4.1,0.01,0.8333,83.33,0.25,0.25,0.26458014823722176,0.26458014823722176,0.09858808853000449,0.02608445107769293,0.26458014823722176,1.0
4.2,0.01,0.8333,83.33,0.25,0.25,0.2488858753056612,0.2488858753056612,0.09858808853000449,0.024537182708502185,0.2488858753056612,1.0
4.25,0.01,0.8333,83.33,0.21875000000000008,0.21875000078307374,0.291258874441848,0.2912588733992096,0.09858808853000449,0.028714655595830644,0.2912588733992096,1.0
4.3,0.01,0.8333,83.33,0.18750000000000014,0.18750000067120615,0.33303341863665176,0.33303341744447024,0.09858808853000449,0.032833128042465375,0.33303341744447024,1.0
4.35,0.01,0.8333,83.33,0.15625000000000022,0.15625000055933855,0.40048662074729696,0.4004866193136489,0.09858808853000449,0.03948321027997622,0.4004866193136489,1.0
4.4,0.01,0.8333,83.33,0.12499999999999972,0.1250000004474704,0.4868241187853911,0.48682411704267503,0.09858808853000449,0.047995059149544515,0.48682411704267503,1.0
1.5,0.015,0.8333,83.33,0.5555555555555556,0.5555555608945703,0.18449685114208905,0.18449684936903257,0.12074525580742292,0.02227711927272741,0.18449684936903257,1.0
1.6,0.015,0.8333,83.33,0.777777777777778,0.7777777852523985,0.14868455473757666,0.14868455330868446,0.12074525580742292,0.017952954423869516,0.14868455330868446,1.0
1.7,0.015,0.8333,83.33,1.0,1.0,0.13944903490258884,0.13944903490258884,0.12074525580742292,0.016837809391411336,0.13944903490258884,1.0
1.75,0.015,0.8333,83.33,1.0,1.0,0.15600213707637148,0.15600213707637148,0.12074525580742292,0.018836517947791127,0.15600213707637148,1.0
1.8,0.015,0.8333,83.33,1.0,1.0,0.17258998881804463,0.17258998881804463,0.12074525580742292,0.02083942234963506,0.17258998881804463,1.0
1.85,0.015,0.8333,83.33,1.0,1.0,0.20243063046825344,0.20243063046825344,0.12074525580742292,0.024442538259147162,0.20243063046825344,1.0
1.9,0.015,0.8333,83.33,1.0,1.0,0.2188512423733403,0.2188512423733403,0.12074525580742292,0.02642524924414129,0.2188512423733403,1.0
1.95,0.015,0.8333,83.33,1.0,1.0,0.24303155491613868,0.24303155491613868,0.12074525580742292,0.029344907267624915,0.24303155491613868,1.0
2.0,0.015,0.8333,83.33,1.0,1.0,0.2825511130932003,0.2825511130932003,0.12074525580742292,0.034116706429110556,0.28255111309320036,0.9999999999999998
2.05,0.015,0.8333,83.33,1.0,1.0,0.29822015447115935,0.29822015447115935,0.12074525580742292,0.036008668838549314,0.29822015447115935,1.0
2.1,0.015,0.8333,83.33,1.0,1.0,0.3160768488144031,0.3160768488144031,0.12074525580742292,0.03816477996489925,0.3160768488144031,1.0
2.15,0.015,0.8333,83.33,0.7500000000000006,1.0,0.44291316866886965,0.33218487650165246,0.12074525580742292,0.040109747888549215,0.33218487650165246,1.0
2.2,0.015,0.8333,83.33,0.4999999999999989,1.0,0.670492189952538,0.3352460949762683,0.12074525580742292,0.04047937549634911,0.3352460949762683,1.0
2.25,0.015,0.8333,83.33,0.25,1.0,1.3822236640157046,0.34555591600392616,0.12074525580742292,0.04172423747366241,0.34555591600392616,1.0
2.3,0.015,0.8333,83.33,0.25,1.0,1.4434595741602114,0.36086489354005286,0.12074525580742292,0.043572723882412116,0.36086489354005286,1.0
2.35,0.015,0.8333,83.33,0.25,1.0,1.4179606277941281,0.35449015694853203,0.12074525580742292,0.042803004681964,0.35449015694853203,1.0
2.4,0.015,0.8333,83.33,0.25,1.0,1.3489547849738512,0.3372386962434628,0.12074525580742292,0.04071997264607871,0.3372386962434628,1.0
2.45,0.015,0.8333,83.33,0.25,1.0,1.2631185551988542,0.31577963879971355,0.12074525580742292,0.03812889326564702,0.31577963879971355,1.0
2.5,0.015,0.8333,83.33,0.25,1.0,1.2729652812449714,0.31824132031124286,0.12074525580742292,0.03842612962947303,0.31824132031124286,1.0
2.55,0.015,0.8333,83.33,0.25,1.0,1.2026715583080085,0.30066788957700213,0.12074525580742292,0.03630422124005311,0.30066788957700213,1.0
2.6,0.015,0.8333,83.33,0.25,0.892639082835574,1.0573035095550307,0.29611730258224317,0.12074525580742292,0.035754759449297006,0.29611730258224317,1.0
2.65,0.015,0.8333,83.33,0.25,0.7267835371340678,1.018014865248658,0.35017815251532985,0.12074525580742292,0.04228235060363426,0.35017815251532985,1.0
2.7,0.015,0.8333,83.33,0.25,0.5609279914325601,0.941017477592474,0.41940208545717217,0.12074525580742292,0.0506408120946929,0.41940208545717217,1.0
2.75,0.015,0.8333,83.33,0.25,0.39507244573105393,0.8967174424470632,0.567438612928162,0.12074525580742292,0.06851552047302016,0.567438612928162,1.0
2.8,0.015,0.8333,83.33,0.25,0.25,0.8241151160510582,0.8241151160510582,0.12074525580742292,0.09950799050234906,0.8241151160510582,1.0
2.85,0.015,0.8333,83.33,0.25,0.25,0.7473019423967266,0.7473019423967266,0.12074525580742292,0.09023316420007678,0.7473019423967266,1.0
2.9,0.015,0.8333,83.33,0.25,0.25,0.663915858177368,0.663915858177368,0.12074525580742292,0.080164690130231,0.6639158581773679,1.0000000000000002
2.95,0.015,0.8333,83.33,0.25,0.25,0.6955311904131363,0.6955311904131363,0.12074525580742292,0.08398209150847552,0.6955311904131363,1.0
3.0,0.015,0.8333,83.33,0.25,0.25,0.647509111506185,0.647509111506185,0.12074525580742292,0.07818365330645143,0.647509111506185,1.0
3.1,0.015,0.8333,83.33,0.1666666666666667,0.25,0.7696737239766358,0.513115815984424,0.12074525580742292,0.061956300459873825,0.513115815984424,1.0
3.2,0.015,0.8333,83.33,0.1944444444444445,0.25,0.5424591701989062,0.42191268793248277,0.12074525580742292,0.05094395543280503,0.42191268793248277,1.0
3.3,0.015,0.8333,83.33,0.22222222222222218,0.25,0.47581468190093695,0.4229463839119439,0.12074525580742292,0.051068769318272166,0.4229463839119439,1.0
3.4,0.015,0.8333,83.33,0.25,0.25,0.3593194278748731,0.3593194278748731,0.12074525580742292,0.0433861162353284,0.3593194278748731,1.0
3.45,0.015,0.8333,83.33,0.25,0.25,0.3675011841820748,0.3675011841820748,0.12074525580742292,0.04437402449359546,0.3675011841820748,1.0
3.5,0.015,0.8333,83.33,0.25,0.25,0.35140737038363284,0.35140737038363284,0.12074525580742292,0.04243077282958556,0.35140737038363284,1.0
3.55,0.015,0.8333,83.33,0.25,0.25,0.3143998953624331,0.3143998953624331,0.12074525580742292,0.03796229579136399,0.3143998953624331,1.0
3.6,0.015,0.8333,83.33,0.25,0.25,0.33762296615299925,0.33762296615299925,0.12074525580742292,0.040766371414604784,0.33762296615299925,1.0
3.65,0.015,0.8333,83.33,0.25,0.25,0.32200139445453857,0.32200139445453857,0.12074525580742292,0.03888014074376015,0.32200139445453857,1.0
3.7,0.015,0.8333,83.33,0.25,0.25,0.32737527564077207,0.32737527564077207,0.12074525580742292,0.03952901140227061,0.32737527564077207,1.0
3.75,0.015,0.8333,83.33,0.25,0.25,0.3001171104957021,0.3001171104957021,0.12074525580742292,0.03623771727898816,0.3001171104957021,1.0
3.8,0.015,0.8333,83.33,0.25,0.25,0.29455940885877074,0.29455940885877074,0.12074525580742292,0.03556665117313555,0.29455940885877074,1.0
3.85,0.015,0.8333,83.33,0.25,0.25,0.2954298189945703,0.2954298189945703,0.12074525580742292,0.03567174906764004,0.2954298189945703,1.0
3.9,0.015,0.8333,83.33,0.25,0.25,0.310936349611753,0.310936349611753,0.12074525580742292,0.0375440890736974,0.310936349611753,1.0
4.0,0.015,0.8333,83.33,0.25,0.25,0.3118610937397859,0.3118610937397859,0.12074525580742292,0.037655747539993144,0.3118610937397859,1.0
4.1,0.015,0.8333,83.33,0.25,0.25,0.28705312350244994,0.28705312350244994,0.12074525580742292,0.03466030282762308,0.28705312350244994,1.0
4.2,0.015,0.8333,83.33,0.25,0.25,0.29694044424894933,0.29694044424894933,0.12074525580742292,0.03585414990040919,0.29694044424894933,1.0
4.25,0.015,0.8333,83.33,0.21875000000000008,0.21875000078307374,0.3084014312538546,0.30840143014984983,0.12074525580742292,0.03723800957481869,0.30840143014984983,1.0
4.3,0.015,0.8333,83.33,0.18750000000000014,0.18750000067120615,0.3628106470669733,0.3628106457681963,0.12074525580742292,0.043807664232937166,0.3628106457681963,1.0
4.35,0.015,0.8333,83.33,0.15625000000000022,0.15625000055933855,0.4464869272713516,0.44648692567303316,0.12074525580742292,0.05391117805506021,0.44648692567303316,1.0
4.4,0.015,0.8333,83.33,0.12499999999999972,0.1250000004474704,0.5423401948216181,0.5423401928801674,0.12074525580742292,0.0654850053239629,0.5423401928801674,1.0
1.5,0.02,0.8333,83.33,0.5555555555555556,0.5555555608945703,0.22451292631224895,0.22451292415462892,0.13942461188757171,0.03130262731400296,0.22451292415462892,1.0
1.6,0.02,0.8333,83.33,0.777777777777778,0.7777777852523985,0.1710905849588757,0.17109058331465649,0.13942461188757171,0.023854238176264232,0.17109058331465649,1.0
1.7,0.02,0.8333,83.33,1.0,1.0,0.16022392446302514,0.16022392446302514,0.13942461188757171,0.022339158483360887,0.16022392446302514,1.0
1.75,0.02,0.8333,83.33,1.0,1.0,0.1750427494604794,0.1750427494604794,0.13942461188757171,0.024405267407260792,0.1750427494604794,1.0
1.8,0.02,0.8333,83.33,1.0,1.0,0.19702075615085188,0.19702075615085188,0.13942461188757171,0.02746954246012843,0.19702075615085188,1.0
1.85,0.02,0.8333,83.33,1.0,1.0,0.2201760858766425,0.2201760858766425,0.13942461188757171,0.03069796532027554,0.2201760858766425,1.0
1.9,0.02,0.8333,83.33,1.0,1.0,0.24880074799856114,0.24880074799856114,0.13942461188757171,0.03468894772703692,0.24880074799856114,1.0
1.95,0.02,0.8333,83.33,1.0,1.0,0.28093829111845414,0.28093829111845414,0.13942461188757171,0.039169712203548104,0.28093829111845414,1.0
2.0,0.02,0.8333,83.33,1.0,1.0,0.2862707396308047,0.2862707396308047,0.13942461188757171,0.03991318676779304,0.2862707396308047,1.0
2.05,0.02,0.8333,83.33,1.0,1.0,0.3232947511168036,0.3232947511168036,0.13942461188757171,0.04507524519974944,0.3232947511168036,1.0
2.1,0.02,0.8333,83.33,1.0,1.0,0.33432315657673095,0.33432315657673095,0.13942461188757171,0.04661287635073858,0.33432315657673095,1.0
2.15,0.02,0.8333,83.33,0.7500000000000006,1.0,0.49201440124855245,0.3690108009364146,0.13942461188757171,0.05144918770288159,0.3690108009364146,1.0
2.2,0.02,0.8333,83.33,0.4999999999999989,1.0,0.7518490481681767,0.3759245240840875,0.13942461188757171,0.052413130869444005,0.3759245240840875,1.0
2.25,0.02,0.8333,83.33,0.25,1.0,1.4787954925967863,0.3696988731491966,0.13942461188757171,0.05154512190409934,0.3696988731491966,1.0
2.3,0.02,0.8333,83.33,0.25,1.0,1.5337824157856899,0.38344560394642246,0.13942461188757171,0.05346175451022549,0.38344560394642246,1.0
2.35,0.02,0.8333,83.33,0.25,1.0,1.4364699610560374,0.35911749026400935,0.13942461188757171,0.05006981670209832,0.35911749026400935,1.0
2.4,0.02,0.8333,83.33,0.25,1.0,1.4993562243973597,0.37483905609933993,0.13942461188757171,0.05226178991695419,0.37483905609933993,1.0
2.45,0.02,0.8333,83.33,0.25,1.0,1.4185100115401437,0.3546275028850359,0.13942461188757171,0.04944380195440485,0.3546275028850359,1.0
2.5,0.02,0.8333,83.33,0.25,1.0,1.3194103188640438,0.32985257971601095,0.13942461188757171,0.045989567907019135,0.32985257971601095,1.0
2.55,0.02,0.8333,83.33,0.25,1.0,1.2656695870276193,0.31641739675690483,0.13942461188757171,0.04411637273730725,0.31641739675690483,1.0
2.6,0.02,0.8333,83.33,0.25,0.892639082835574,1.2756486648918373,0.3572688809567882,0.13942461188757171,0.049812075066907255,0.3572688809567882,1.0
2.65,0.02,0.8333,83.33,0.25,0.7267835371340678,1.143920979062171,0.3934875105911882,0.13942461188757171,0.05486184344678318,0.3934875105911882,1.0
2.7,0.02,0.8333,83.33,0.25,0.5609279914325601,1.0008557376060483,0.4460713999358242,0.13942461188757171,0.062193331810198066,0.4460713999358242,1.0
2.75,0.02,0.8333,83.33,0.25,0.39507244573105393,0.9925369369497181,0.6280727418949061,0.13942461188757171,0.0875687982758603,0.6280727418949061,1.0
2.8,0.02,0.8333,83.33,0.25,0.25,0.7997229359065456,0.7997229359065456,0.13942461188757171,0.11150105995635952,0.7997229359065456,1.0
2.85,0.02,0.8333,83.33,0.25,0.25,0.8695479573138902,0.8695479573138902,0.13942461188757171,0.12123638646611992,0.8695479573138902,1.0
2.9,0.02,0.8333,83.33,0.25,0.25,0.8477845054722383,0.8477845054722383,0.13942461188757171,0.11820202563976374,0.8477845054722383,1.0
2.95,0.02,0.8333,83.33,0.25,0.25,0.7252774595408619,0.7252774595408619,0.13942461188757171,0.10112152830728867,0.7252774595408619,1.0
3.0,0.02,0.8333,83.33,0.25,0.25,0.6699370199500372,0.6699370199500372,0.13942461188757171,0.09340570899565032,0.6699370199500372,1.0
3.1,0.02,0.8333,83.33,0.1666666666666667,0.25,0.9212358849081731,0.614157256605449,0.13942461188757171,0.08562863714015051,0.614157256605449,1.0
3.2,0.02,0.8333,83.33,0.1944444444444445,0.25,0.6632627231364429,0.5158710068839002,0.13942461188757171,0.07192511491883861,0.5158710068839002,1.0
3.3,0.02,0.8333,83.33,0.22222222222222218,0.25,0.5217197577328145,0.4637508957625017,0.13942461188757171,0.06465828865420054,0.4637508957625018,0.9999999999999999
3.4,0.02,0.8333,83.33,0.25,0.25,0.4239704187945865,0.4239704187945865,0.13942461188757171,0.059111911092246464,0.4239704187945865,1.0
3.45,0.02,0.8333,83.33,0.25,0.25,0.4260079350935683,0.4260079350935683,0.13942461188757171,0.0593959910114466,0.4260079350935683,1.0
3.5,0.02,0.8333,83.33,0.25,0.25,0.4063639917550652,0.4063639917550652,0.13942461188757171,0.05665714183553436,0.4063639917550652,1.0
3.55,0.02,0.8333,83.33,0.25,0.25,0.37363473863238644,0.37363473863238644,0.13942461188757171,0.052093878421534776,0.37363473863238644,1.0
3.6,0.02,0.8333,83.33,0.25,0.25,0.3744237195399608,0.3744237195399608,0.13942461188757171,0.05220388177836004,0.3744237195399608,1.0
3.65,0.02,0.8333,83.33,0.25,0.25,0.3581933318099047,0.3581933318099047,0.13942461188757171,0.04994096626831216,0.3581933318099047,1.0
3.7,0.02,0.8333,83.33,0.25,0.25,0.34470978432905197,0.34470978432905197,0.13942461188757171,0.04806102789392662,0.34470978432905197,1.0
3.75,0.02,0.8333,83.33,0.25,0.25,0.3834170685839925,0.3834170685839925,0.13942461188757171,0.05345777597839362,0.3834170685839925,1.0
3.8,0.02,0.8333,83.33,0.25,0.25,0.33999597831918876,0.33999597831918876,0.13942461188757171,0.04740380732048814,0.33999597831918876,1.0
3.85,0.02,0.8333,83.33,0.25,0.25,0.3382160842129079,0.3382160842129079,0.13942461188757171,0.04715564627551895,0.3382160842129079,1.0
3.9,0.02,0.8333,83.33,0.25,0.25,0.3376867589914424,0.3376867589914424,0.13942461188757171,0.04708184531195383,0.3376867589914424,1.0
4.0,0.02,0.8333,83.33,0.25,0.25,0.3223065554769526,0.3223065554769526,0.13942461188757171,0.04493746640619421,0.3223065554769526,1.0
4.1,0.02,0.8333,83.33,0.25,0.25,0.32839212595592165,0.32839212595592165,0.13942461188757171,0.045785944708338945,0.32839212595592165,1.0
4.2,0.02,0.8333,83.33,0.25,0.25,0.3217372772526111,0.3217372772526111,0.13942461188757171,0.04485809501070936,0.3217372772526111,1.0
4.25,0.02,0.8333,83.33,0.21875000000000008,0.21875000078307374,0.34031113504303223,0.3403111338247983,0.13942461188757171,0.047447747754541976,0.3403111338247983,1.0
4.3,0.02,0.8333,83.33,0.18750000000000014,0.18750000067120615,0.4309927427003132,0.4309927411574603,0.13942461188757171,0.060090995662239556,0.4309927411574603,1.0
4.35,0.02,0.8333,83.33,0.15625000000000022,0.15625000055933855,0.4883177170888019,0.48831771534073914,0.13942461188757171,0.06808350793920828,0.48831771534073914,1.0
4.4,0.02,0.8333,83.33,0.12499999999999972,0.1250000004474704,0.6067583707897672,0.6067583686177147,0.13942461188757171,0.08459705005406104,0.6067583686177147,1.0
1.5,0.025,0.8333,83.33,0.5555555555555556,0.5555555608945703,0.244300117003629,0.2443001146558496,0.1558814549585678,0.03808185731909877,0.2443001146558496,1.0
1.6,0.025,0.8333,83.33,0.777777777777778,0.7777777852523985,0.1905948733471953,0.19059487151553545,0.1558814549585678,0.02971020587948296,0.19059487151553545,1.0
1.7,0.025,0.8333,83.33,1.0,1.0,0.16748774416088316,0.16748774416088316,0.1558814549585678,0.026108233247526837,0.16748774416088316,1.0
1.75,0.025,0.8333,83.33,1.0,1.0,0.1938113051638946,0.1938113051638946,0.1558814549585678,0.03021158823636688,0.1938113051638946,1.0
1.8,0.025,0.8333,83.33,1.0,1.0,0.21234056895277809,0.21234056895277809,0.1558814549585678,0.03309995683508914,0.21234056895277806,1.0000000000000002
1.85,0.025,0.8333,83.33,1.0,1.0,0.24026373602161488,0.24026373602161488,0.1558814549585678,0.037452660744830585,0.24026373602161488,1.0
1.9,0.025,0.8333,83.33,1.0,1.0,0.2612072624533873,0.2612072624533873,0.1558814549585678,0.0407173681169785,0.2612072624533873,1.0
1.95,0.025,0.8333,83.33,1.0,1.0,0.2925935539342415,0.2925935539342415,0.1558814549585678,0.04560990889876775,0.2925935539342415,1.0
2.0,0.025,0.8333,83.33,1.0,1.0,0.32348569972925517,0.32348569972925517,0.1558814549585678,0.05042542153208668,0.32348569972925517,1.0
2.05,0.025,0.8333,83.33,1.0,1.0,0.33290234559059556,0.33290234559059556,0.1558814549585678,0.051893301989781995,0.33290234559059556,1.0
2.1,0.025,0.8333,83.33,1.0,1.0,0.3566119626254662,0.3566119626254662,0.1558814549585678,0.05558919158968807,0.3566119626254662,1.0
2.15,0.025,0.8333,83.33,0.7500000000000006,1.0,0.5255252930901828,0.3941439698176374,0.1558814549585678,0.06143973547831915,0.3941439698176374,1.0
2.2,0.025,0.8333,83.33,0.4999999999999989,1.0,0.7845081146435777,0.392254057321788,0.1558814549585678,0.06114513316872177,0.392254057321788,1.0
2.25,0.025,0.8333,83.33,0.25,1.0,1.627984478398634,0.4069961195996585,0.1558814549585678,0.06344314728568604,0.4069961195996584,1.0000000000000002
2.3,0.025,0.8333,83.33,0.25,1.0,1.631193226192928,0.407798306548232,0.1558814549585678,0.06356819335437845,0.40779830654823196,1.0000000000000002
2.35,0.025,0.8333,83.33,0.25,1.0,1.638546129913506,0.4096365324783765,0.1558814549585678,0.06385473868691195,0.40963653247837656,0.9999999999999999
2.4,0.025,0.8333,83.33,0.25,1.0,1.6228684135943474,0.40571710339858685,0.1558814549585678,0.06324377237934742,0.40571710339858685,1.0
2.45,0.025,0.8333,83.33,0.25,1.0,1.4947908793507698,0.37369771983769245,0.1558814549585678,0.058252544282998746,0.37369771983769245,1.0
2.5,0.025,0.8333,83.33,0.25,1.0,1.5344549021113554,0.38361372552783884,0.1558814549585678,0.05979826567735621,0.38361372552783884,1.0
2.55,0.025,0.8333,83.33,0.25,1.0,1.4061023922148064,0.3515255980537016,0.1558814549585678,0.0547963216797917,0.3515255980537016,1.0
2.6,0.025,0.8333,83.33,0.25,0.892639082835574,1.2460522950509243,0.3489798729999283,0.1558814549585678,0.05439949035448503,0.3489798729999283,1.0
2.65,0.025,0.8333,83.33,0.25,0.7267835371340678,1.2828747063858226,0.44128500469499976,0.1558814549585678,0.068788148583255,0.44128500469499976,1.0
2.7,0.025,0.8333,83.33,0.25,0.5609279914325601,1.198525684613379,0.5341709198503587,0.1558814549585678,0.08326734018283043,0.5341709198503587,1.0
2.75,0.025,0.8333,83.33,0.25,0.39507244573105393,1.063303486770836,0.6728534843801035,0.1558814549585678,0.10488538011911251,0.6728534843801035,1.0
2.8,0.025,0.8333,83.33,0.25,0.25,0.9835628038260379,0.9835628038260379,0.1558814549585678,0.15331920090353118,0.9835628038260378,1.0000000000000002
2.85,0.025,0.8333,83.33,0.25,0.25,0.9124726395083214,0.9124726395083214,0.1558814549585678,0.14223756265644188,0.9124726395083214,1.0
2.9,0.025,0.8333,83.33,0.25,0.25,0.858237441694125,0.858237441694125,0.1558814549585678,0.1337833011111992,0.858237441694125,1.0
2.95,0.025,0.8333,83.33,0.25,0.25,0.840898427303852,0.840898427303852,0.1558814549585678,0.1310804703204959,0.840898427303852,1.0
3.0,0.025,0.8333,83.33,0.25,0.25,0.7874217805080549,0.7874217805080549,0.1558814549585678,0.12274445281166163,0.7874217805080549,1.0
3.1,0.025,0.8333,83.33,0.1666666666666667,0.25,1.0301822919099337,0.6867881946066227,0.1558814549585678,0.10705754302364835,0.6867881946066227,1.0
3.2,0.025,0.8333,83.33,0.1944444444444445,0.25,0.7270092912712198,0.5654516709887267,0.1558814549585678,0.08814342918247611,0.5654516709887267,1.0
3.3,0.025,0.8333,83.33,0.22222222222222218,0.25,0.5436779570906662,0.48326929519170325,0.1558814549585678,0.0753327208712843,0.48326929519170325,1.0
3.4,0.025,0.8333,83.33,0.25,0.25,0.4732059057476045,0.4732059057476045,0.1558814549585678,0.0737640250829235,0.4732059057476045,1.0
3.45,0.025,0.8333,83.33,0.25,0.25,0.4467250619316813,0.4467250619316813,0.1558814549585678,0.06963615262036679,0.44672506193168127,1.0000000000000002
3.5,0.025,0.8333,83.33,0.25,0.25,0.4103797427949302,0.4103797427949302,0.1558814549585678,0.06397059139239655,0.41037974279493017,1.0000000000000002
3.55,0.025,0.8333,83.33,0.25,0.25,0.4386657193021627,0.4386657193021627,0.1558814549585678,0.06837985056526782,0.4386657193021627,1.0
3.6,0.025,0.8333,83.33,0.25,0.25,0.40602462254620547,0.40602462254620547,0.1558814549585678,0.06329170891150583,0.4060246225462055,0.9999999999999999
3.65,0.025,0.8333,83.33,0.25,0.25,0.38486123427187074,0.38486123427187074,0.1558814549585678,0.05999272915544943,0.38486123427187074,1.0
3.7,0.025,0.8333,83.33,0.25,0.25,0.41651018071442353,0.41651018071442353,0.1558814549585678,0.06492621297482035,0.41651018071442353,1.0
3.75,0.025,0.8333,83.33,0.25,0.25,0.3870074291300052,0.3870074291300052,0.1558814549585678,0.06032728113256003,0.3870074291300052,1.0
3.8,0.025,0.8333,83.33,0.25,0.25,0.4031371462241712,0.4031371462241712,0.1558814549585678,0.06284160490126871,0.4031371462241712,1.0
3.85,0.025,0.8333,83.33,0.25,0.25,0.3789718315526379,0.3789718315526379,0.1558814549585678,0.059074680490738475,0.3789718315526379,1.0
3.9,0.025,0.8333,83.33,0.25,0.25,0.3750093485492431,0.3750093485492431,0.1558814549585678,0.0584570028749207,0.3750093485492431,1.0
4.0,0.025,0.8333,83.33,0.25,0.25,0.3664693255154965,0.3664693255154965,0.1558814549585678,0.05712577165904059,0.3664693255154965,1.0
4.1,0.025,0.8333,83.33,0.25,0.25,0.3696528746237025,0.3696528746237025,0.1558814549585678,0.057622027925959794,0.3696528746237025,1.0
4.2,0.025,0.8333,83.33,0.25,0.25,0.3491261854099109,0.3491261854099109,0.1558814549585678,0.05442229774583162,0.3491261854099109,1.0
4.25,0.025,0.8333,83.33,0.21875000000000008,0.21875000078307374,0.4054435007339926,0.40544349928260004,0.1558814549585678,0.06320112257166474,0.40544349928260004,1.0
4.3,0.025,0.8333,83.33,0.18750000000000014,0.18750000067120615,0.4359930484879036,0.4359930469271508,0.1558814549585678,0.0679632305068234,0.4359930469271508,1.0
4.35,0.025,0.8333,83.33,0.15625000000000022,0.15625000055933855,0.552725603969614,0.5527256019909861,0.1558814549585678,0.08615967103120517,0.5527256019909861,1.0
4.4,0.025,0.8333,83.33,0.12499999999999972,0.1250000004474704,0.6402939065353851,0.6402939042432831,0.1558814549585678,0.09980994539454487,0.6402939042432831,1.0
1.5,0.03,0.8333,83.33,0.5555555555555556,0.5555555608945703,0.24771370223679834,0.24771369985621358,0.17075957835506625,0.04229948694022047,0.24771369985621358,1.0
1.6,0.03,0.8333,83.33,0.777777777777778,0.7777777852523985,0.2050373171592608,0.2050373151888058,0.17075957835506625,0.0350120854886953,0.2050373151888058,1.0
1.7,0.03,0.8333,83.33,1.0,1.0,0.18258919499441947,0.18258919499441947,0.17075957835506625,0.03117885394943804,0.18258919499441947,1.0
1.75,0.03,0.8333,83.33,1.0,1.0,0.20646904400017424,0.20646904400017424,0.17075957835506625,0.035256566896843373,0.20646904400017424,1.0
1.8,0.03,0.8333,83.33,1.0,1.0,0.22850529459544078,0.22850529459544078,0.17075957835506625,0.039019467757017666,0.22850529459544078,1.0
1.85,0.03,0.8333,83.33,1.0,1.0,0.2532737848475141,0.2532737848475141,0.17075957835506625,0.04324892470895328,0.2532737848475141,1.0
1.9,0.03,0.8333,83.33,1.0,1.0,0.2727197369456661,0.2727197369456661,0.17075957835506625,0.04656950728994653,0.2727197369456661,1.0
1.95,0.03,0.8333,83.33,1.0,1.0,0.30656612761733315,0.30656612761733315,0.17075957835506625,0.05234910268988124,0.30656612761733315,1.0
2.0,0.03,0.8333,83.33,1.0,1.0,0.33808481029264803,0.33808481029264803,0.17075957835506625,0.05773121965382514,0.33808481029264803,1.0
2.05,0.03,0.8333,83.33,1.0,1.0,0.3577181814068537,0.3577181814068537,0.17075957835506625,0.06108380582697544,0.3577181814068537,1.0
2.1,0.03,0.8333,83.33,1.0,1.0,0.3856375626944766,0.3856375626944766,0.17075957835506625,0.06585130760358425,0.3856375626944766,1.0
2.15,0.03,0.8333,83.33,0.7500000000000006,1.0,0.5345912360993792,0.4009434270745347,0.17075957835506625,0.0684649305514828,0.4009434270745347,1.0
2.2,0.03,0.8333,83.33,0.4999999999999989,1.0,0.8317336180120898,0.41586680900604395,0.17075957835506625,0.07101324095773894,0.41586680900604395,1.0
2.25,0.03,0.8333,83.33,0.25,1.0,1.661612564969578,0.4154031412423945,0.17075957835506625,0.07093406524592132,0.4154031412423945,1.0
2.3,0.03,0.8333,83.33,0.25,1.0,1.676596034059244,0.419149008514811,0.17075957835506625,0.0715737079619332,0.419149008514811,1.0
2.35,0.03,0.8333,83.33,0.25,1.0,1.6818261410220723,0.42045653525551807,0.17075957835506625,0.07179698067686431,0.42045653525551807,1.0
2.4,0.03,0.8333,83.33,0.25,1.0,1.6529733074916704,0.4132433268729176,0.17075957835506625,0.07056525625486422,0.41324332687291754,1.0000000000000002
2.45,0.03,0.8333,83.33,0.25,1.0,1.7092166479832998,0.42730416199582494,0.17075957835506625,0.072966278531772,0.427304161995825,0.9999999999999999
2.5,0.03,0.8333,83.33,0.25,1.0,1.5784406712836798,0.39461016782091995,0.17075957835506625,0.06738346587172223,0.39461016782091995,1.0
2.55,0.03,0.8333,83.33,0.25,1.0,1.5008297966845041,0.37520744917112603,0.17075957835506625,0.06407026581614143,0.37520744917112603,1.0
2.6,0.03,0.8333,83.33,0.25,0.892639082835574,1.335904703911321,0.3741446934150757,0.17075957835506625,0.06388879009134386,0.3741446934150757,1.0
2.65,0.03,0.8333,83.33,0.25,0.7267835371340678,1.2720500610059906,0.43756152829977313,0.17075957835506625,0.07471782207686765,0.4375615282997732,0.9999999999999999
2.7,0.03,0.8333,83.33,0.25,0.5609279914325601,1.2620911674580042,0.562501420295828,0.17075957835506625,0.09605250535384148,0.562501420295828,1.0
2.75,0.03,0.8333,83.33,0.25,0.39507244573105393,1.1179360288821112,0.7074247020780257,0.17075957835506625,0.12079954384480202,0.7074247020780257,1.0
2.8,0.03,0.8333,83.33,0.25,0.25,1.0222395080889557,1.0222395080889557,0.17075957835506625,0.1745571873791604,1.0222395080889557,1.0
2.85,0.03,0.8333,83.33,0.25,0.25,1.0102977841824459,1.0102977841824459,0.17075957835506625,0.17251802364005217,1.0102977841824459,1.0
2.9,0.03,0.8333,83.33,0.25,0.25,0.9064319189728074,0.9064319189728074,0.17075957835506625,0.15478193229137016,0.9064319189728074,1.0
2.95,0.03,0.8333,83.33,0.25,0.25,0.8633923680365734,0.8633923680365734,0.17075957835506625,0.14743251672090746,0.8633923680365735,0.9999999999999999
3.0,0.03,0.8333,83.33,0.25,0.25,0.8182814510799381,0.8182814510799381,0.17075957835506625,0.139729395562182,0.8182814510799381,1.0
3.1,0.03,0.8333,83.33,0.1666666666666667,0.25,1.021802196191898,0.6812014641279321,0.17075957835506625,0.11632167478933948,0.6812014641279321,1.0
3.2,0.03,0.8333,83.33,0.1944444444444445,0.25,0.8585403344131608,0.6677535934324585,0.17075957835506625,0.11402532205960696,0.6677535934324585,1.0
3.3,0.03,0.8333,83.33,0.22222222222222218,0.25,0.603635121446711,0.5365645523970763,0.17075957835506625,0.09162353672759961,0.5365645523970763,1.0
3.4,0.03,0.8333,83.33,0.25,0.25,0.5101862487149621,0.5101862487149621,0.17075957835506625,0.08711918871311988,0.5101862487149621,1.0
3.45,0.03,0.8333,83.33,0.25,0.25,0.4862250150809684,0.4862250150809684,0.17075957835506625,0.08302757856091189,0.4862250150809684,1.0
3.5,0.03,0.8333,83.33,0.25,0.25,0.4818512571331172,0.4818512571331172,0.17075957835506625,0.0822807174979097,0.4818512571331172,1.0
3.55,0.03,0.8333,83.33,0.25,0.25,0.46374378142304734,0.46374378142304734,0.17075957835506625,0.07918869258058357,0.46374378142304734,1.0
3.6,0.03,0.8333,83.33,0.25,0.25,0.4653336832318625,0.4653336832318625,0.17075957835506625,0.0794601835430828,0.4653336832318625,1.0
3.65,0.03,0.8333,83.33,0.25,0.25,0.3963882936523357,0.3963882936523357,0.17075957835506625,0.06768709788895702,0.39638829365233563,1.0000000000000002
3.7,0.03,0.8333,83.33,0.25,0.25,0.4207901558841858,0.4207901558841858,0.17075957835506625,0.07185394959474617,0.42079015588418583,0.9999999999999999
3.75,0.03,0.8333,83.33,0.25,0.25,0.4046071052420763,0.4046071052420763,0.17075957835506625,0.06909053869060088,0.4046071052420764,0.9999999999999999
3.8,0.03,0.8333,83.33,0.25,0.25,0.3994045224471139,0.3994045224471139,0.17075957835506625,0.06820214784617576,0.3994045224471139,1.0
3.85,0.03,0.8333,83.33,0.25,0.25,0.4027518398045848,0.4027518398045848,0.17075957835506625,0.06877373434675808,0.4027518398045848,1.0
3.9,0.03,0.8333,83.33,0.25,0.25,0.39655279765639884,0.39655279765639884,0.17075957835506625,0.06771518852332857,0.39655279765639884,1.0
4.0,0.03,0.8333,83.33,0.25,0.25,0.3764550863451428,0.3764550863451428,0.17075957835506625,0.06428331181391664,0.3764550863451428,1.0
4.1,0.03,0.8333,83.33,0.25,0.25,0.36231144772546064,0.36231144772546064,0.17075957835506625,0.061868150046813286,0.36231144772546064,1.0
4.2,0.03,0.8333,83.33,0.25,0.25,0.3712980931070786,0.3712980931070786,0.17075957835506625,0.06340270582300488,0.3712980931070786,1.0
4.25,0.03,0.8333,83.33,0.21875000000000008,0.21875000078307374,0.4220901437048779,0.4220901421938943,0.17075957835506625,0.07207593470885934,0.42209014219389424,1.0000000000000002
4.3,0.03,0.8333,83.33,0.18750000000000014,0.18750000067120615,0.4485257487718959,0.4485257471662789,0.17075957835506625,0.07659006746750484,0.4485257471662789,1.0
4.35,0.03,0.8333,83.33,0.15625000000000022,0.15625000055933855,0.5635505553720619,0.5635505533546832,0.17075957835506625,0.09623165487260997,0.5635505533546832,1.0
4.4,0.03,0.8333,83.33,0.12499999999999972,0.1250000004474704,0.6809224679833225,0.6809224655457797,0.17075957835506625,0.11627403310908947,0.6809224655457797,1.0
