damping,mass_ratio,p90_factor,n_frequency_points,frequency_min,frequency_max,bias_min,bias_mean,bias_max
0.005,0.05,0.1609924036936658,46,1.5,4.2,0.055662957255433534,0.11960101044868454,0.17592222058382107
0.005,0.1,0.14923117642046635,46,1.5,4.2,0.0507705977324233,0.11609577484600198,0.19885934513861994
0.005,0.15,0.14648738303492193,46,1.5,4.2,0.04817386673662331,0.11218796662202586,0.22607217515044634
0.005,0.2,0.1754760711224876,46,1.5,4.2,0.04338210541806266,0.1082969074392419,0.21044860062261425
0.005,0.3,0.17396769278016644,46,1.5,4.2,0.0338080967254371,0.10826579362341486,0.30620420767258627
0.01,0.05,0.27828920371174176,46,1.5,4.2,0.11152351298002827,0.21337842343723223,0.3226509731408928
0.01,0.1,0.26873937970743167,46,1.5,4.2,0.10196513967155484,0.20166666284299542,0.3419777469823922
0.01,0.15,0.28256334248987913,46,1.5,4.2,0.08307010303956927,0.19274068899465222,0.37667576267086583
0.01,0.2,0.34133565722565806,46,1.5,4.2,0.07131276114406608,0.19455435267401605,0.45009330763452254
0.01,0.25,0.3589203446790623,46,1.5,4.2,0.06728480889251394,0.19615309555162042,0.5215698228184192
0.01,0.3,0.39178068066211835,46,1.5,4.2,0.062331903770740216,0.19594110086636968,0.4675347227822102
0.015,0.05,0.40470086659088755,46,1.5,4.2,0.16613107878243,0.29980645278772017,0.456577289548159
0.015,0.1,0.3691574331054133,46,1.5,4.2,0.14303622684413417,0.28284437053929745,0.44336987922965887
0.015,0.15,0.4037024416431387,46,1.5,4.2,0.13341577563309553,0.27790039481704254,0.6115544063727867
0.015,0.2,0.4429898600027897,46,1.5,4.2,0.10569353580082591,0.27080545162948244,0.5894352015024471
0.015,0.25,0.4626152327995054,46,1.5,4.2,0.1004959773541008,0.2742102605773017,0.6404383856222631
0.015,0.3,0.49605662866188366,46,1.5,4.2,0.09059845281558312,0.28078576134472033,0.7953748517682264
0.02,0.05,0.4959793952451391,46,1.5,4.2,0.22580821923705302,0.37743136378427067,0.5952269445003737
0.02,0.1,0.47739458760558584,46,1.5,4.2,0.1810659226054544,0.3525557533084014,0.6186703026058064
0.02,0.15,0.4613460493791486,46,1.5,4.2,0.1623234881925781,0.3490566004371255,0.7119928818515864
0.02,0.2,0.6032622194722801,46,1.5,4.2,0.14774512459568787,0.35919635005048717,0.9299955237399659
0.02,0.25,0.6208953178301616,46,1.5,4.2,0.13757061080279742,0.3567755930738986,0.9055080457805521
0.02,0.3,0.5979136765992199,46,1.5,4.2,0.1243366286050417,0.3573847750350075,0.9194523239071927
