damping_key,mass_ratio,p95_factor,n_points,modified_bias_mean,modified_bias_p90,modified_bias_p95,modified_bias_max
0.005,0.05,0.16988152042668445,46,0.11960101044868454,0.1609924036936658,0.16988152042668445,0.17592222058382107
0.005,0.1,0.15941134902531726,46,0.11609577484600198,0.14923117642046635,0.15941134902531726,0.19885934513861994
0.005,0.15,0.18844783411514077,46,0.11218796662202586,0.14648738303492193,0.18844783411514077,0.22607217515044634
0.005,0.2,0.19441176590427767,46,0.1082969074392419,0.1754760711224876,0.19441176590427767,0.21044860062261425
0.005,0.3,0.23635716564215078,46,0.10826579362341486,0.17396769278016644,0.23635716564215078,0.30620420767258627
0.01,0.05,0.30494553897393595,46,0.21337842343723223,0.27828920371174176,0.30494553897393595,0.3226509731408928
0.01,0.1,0.28555559213876935,46,0.20166666284299542,0.26873937970743167,0.28555559213876935,0.3419777469823922
0.01,0.15,0.3345399207925819,46,0.19274068899465222,0.28256334248987913,0.3345399207925819,0.37667576267086583
0.01,0.2,0.3891059704731166,46,0.19455435267401605,0.34133565722565806,0.3891059704731166,0.45009330763452254
0.01,0.25,0.38017577488928783,46,0.19615309555162042,0.3589203446790623,0.38017577488928783,0.5215698228184192
0.01,0.3,0.44675132906941567,46,0.19594110086636968,0.39178068066211835,0.44675132906941567,0.4675347227822102
0.015,0.05,0.4140256530727771,46,0.29980645278772017,0.40470086659088755,0.4140256530727771,0.456577289548159
0.015,0.1,0.40203411838201836,46,0.28284437053929745,0.3691574331054133,0.40203411838201836,0.44336987922965887
0.015,0.15,0.5065237410951318,46,0.27790039481704254,0.4037024416431387,0.5065237410951318,0.6115544063727867
0.015,0.2,0.5181943903433435,46,0.27080545162948244,0.4429898600027897,0.5181943903433435,0.5894352015024471
0.015,0.25,0.5853049935530624,46,0.2742102605773017,0.4626152327995054,0.5853049935530624,0.6404383856222631
0.015,0.3,0.6372715292764676,46,0.28078576134472033,0.49605662866188366,0.6372715292764676,0.7953748517682264
0.02,0.05,0.5299812831307443,46,0.37743136378427067,0.4959793952451391,0.5299812831307443,0.5952269445003737
0.02,0.1,0.5045154250035061,46,0.3525557533084014,0.47739458760558584,0.5045154250035061,0.6186703026058064
0.02,0.15,0.6771452950920376,46,0.3490566004371255,0.4613460493791486,0.6771452950920376,0.7119928818515864
0.02,0.2,0.6442197682105388,46,0.35919635005048717,0.6032622194722801,0.6442197682105388,0.9299955237399659
0.02,0.25,0.8035346668268392,46,0.3567755930738986,0.6208953178301616,0.8035346668268392,0.9055080457805521
0.02,0.3,0.7796644302854394,46,0.3573847750350075,0.5979136765992199,0.7796644302854394,0.9194523239071927
