xi_b,parameter,mean_abs_sensitivity,rms_sensitivity,max_abs_sensitivity,frequency_at_max_abs,signed_sensitivity_at_max_abs
0.005,beta_p,3.136910477501664,4.181037110394446,10.283223256102902,2.2054054054054055,10.283223256102902
0.005,B,0.98760699703592,0.9876330015881902,0.9967357822139558,2.3360360360360364,0.9967357822139558
0.005,alpha,0.842985529191446,1.1552195431282728,3.677381265974921,2.3534534534534535,3.677381265974921
0.005,mu,0.41707811047754256,0.5429772131301186,1.3337567095836744,2.4463463463463464,-1.3337567095836744
0.005,zeta_a,0.2623255678584978,0.3241854612875188,0.7300754513418117,2.4985985985985986,0.7300754513418117
0.005,y0,0.012391784157616397,0.014314736039484638,0.04124709243852286,1.5,0.04124709243852286
0.01,beta_p,3.368965613419462,4.361177021520091,10.333482463407657,2.2083083083083084,10.333482463407657
0.01,alpha,1.6876996860958122,2.51891383670298,6.124341365349411,1.5,6.124341365349411
0.01,B,0.8685981171535484,0.8721205485014172,0.9682990848152662,2.344744744744745,0.9682990848152662
0.01,mu,0.4148086814207531,0.5611625875629312,1.4943950766430123,2.2286286286286288,-1.4943950766430123
0.01,zeta_a,0.14353800889856716,0.25447261993181486,0.8199035827116578,2.341841841841842,-0.8199035827116578
0.01,y0,0.13139108232714727,0.15295236678442006,0.3825054739419525,1.5812812812812813,0.3825054739419525
0.015,beta_p,3.2051754830180403,4.052060794833611,8.92951164817404,2.1821821821821823,8.92951164817404
0.015,alpha,1.6177262463561835,2.4259929977278234,5.9487031269708135,1.5,5.9487031269708135
0.015,B,0.93371682654958,0.9346244172423888,0.9820323044697941,2.3534534534534535,0.9820323044697941
0.015,mu,0.4141248411462542,0.5543760907158798,1.3352856379665121,2.2112112112112112,-1.3352856379665121
0.015,zeta_a,0.17517522919833148,0.29319352306116137,0.7948999815934886,2.3476476476476478,-0.7948999815934886
0.015,y0,0.06627715401017156,0.07802615158279398,0.20084239674549034,1.5783783783783785,0.20084239674549034
0.02,beta_p,3.4100595849110027,4.393104219078364,10.331807460101029,1.5,-10.331807460101029
0.02,alpha,1.8349030592348512,2.844502126450343,9.021716070131296,1.5,9.021716070131296
0.02,B,0.9202489320749722,0.9214412725757695,0.9788582395328836,2.3505505505505506,0.9788582395328836
0.02,mu,0.41207839153299014,0.5536807668548545,1.3192669848632685,2.2112112112112112,-1.3192669848632685
0.02,zeta_a,0.16271248037660407,0.27568738870239956,0.7527488975101158,1.624824824824825,0.7527488975101158
0.02,y0,0.07974394838128401,0.0924915200308026,0.22844252459886402,1.6393393393393394,0.22844252459886402
