bridge_frequency,B_rounded,B_final,weight_sum
1.5,0.3017524974445345,0.4226374854114296,0.999999999999998
1.6,0.2708375858069302,0.37933775922230256,0.999999999999998
1.7,0.2759794801153941,0.38653954644588623,0.999999999999998
1.75,0.3359555260233535,0.4705425801974783,0.999999999999998
1.8,0.3859629418515538,0.5405834536170566,0.999999999999998
1.85,0.45660107565647823,0.6395199114700921,0.999999999999998
1.9,0.5246255115670252,0.7347955986085194,0.999999999999998
1.95,0.5759287748509048,0.8066514485892968,0.999999999999998
2.0,0.6373106126766649,0.892623448186019,0.999999999999998
2.05,0.6952563313877443,0.9737827859008963,0.999999999999998
2.1,0.6898957295499478,0.9662746747826623,0.999999999999998
2.15,0.6801725228784081,0.9526562568653407,0.999999999999998
2.2,0.6728234496608178,0.9423630733752595,0.999999999999998
2.25,0.6354446597129427,0.8900099763004101,0.999999999999998
2.3,0.571588206716262,0.8005720066054914,0.999999999999998
2.35,0.5502494203790517,0.7706846947334561,0.999999999999998
2.4,0.4906415393017681,0.687197316227708,0.999999999999998
2.45,0.4268374367639878,0.5978326690951448,0.999999999999998
2.5,0.3955923909857159,0.5540705538148193,0.999999999999998
2.55,0.34970572927237803,0.4898012487231033,0.999999999999998
2.6,0.3391762502115536,0.47505355784847475,0.999999999999998
2.65,0.3531302378004926,0.4945976487043772,0.999999999999998
2.7,0.37259132857754623,0.5218550418959261,0.999999999999998
2.75,0.4282252247083012,0.599776418399744,0.999999999999998
2.8,0.4894775359750686,0.6855670018370301,0.999999999999998
2.85,0.6284123907610208,0.8801605119488402,0.999999999999998
2.9,0.7139747605463441,1.0,0.999999999999998
2.95,0.6665807761500246,0.9336195240850631,0.999999999999998
3.0,0.6157298397835679,0.8623972075881258,0.999999999999998
3.1,0.5413801439710387,0.7582622998560433,0.999999999999998
3.2,0.5125514739707565,0.7178845840132283,0.999999999999998
3.3,0.48951355628973103,0.6856174522403957,0.999999999999998
3.4,0.47687820628994754,0.6679202580284956,0.999999999999998
3.45,0.4824055731458825,0.6756619418545532,0.999999999999998
3.5,0.48398520332719613,0.6778743872638346,0.999999999999998
3.55,0.4932993762042768,0.6909199084667877,0.999999999999998
3.6,0.4975709768166676,0.6969027538675442,0.999999999999998
3.65,0.5090509263409764,0.7129816829259384,0.999999999999998
3.7,0.521601855686621,0.7305606367478361,0.999999999999998
3.75,0.5318234378093147,0.7448770841736135,0.999999999999998
3.8,0.5515359429542178,0.7724866107762329,0.999999999999998
3.85,0.5624177848035893,0.7877278244026705,0.999999999999998
3.9,0.5820640615273802,0.8152445908339618,0.999999999999998
4.0,0.5920486530932725,0.829229106978835,0.999999999999998
4.1,0.5898900648214856,0.8262057672320139,0.999999999999998
4.2,0.6138949809708436,0.8598272864730988,0.999999999999998
