bridge_frequency,target_beamdamp,target_density,psi_original,psi_modified,bias_after_psi_mean,psi_correction_factor,psi_required_mean,final_bias_check
1.5,0.005,0.5,0.5555555555555556,0.5555555608945703,0.12070329740344708,0.12070329740344708,0.06705738809079617,1.0
1.6,0.005,0.5,0.777777777777778,0.7777777852523985,0.111202204933206,0.111202204933206,0.0864906046681323,1.0
1.7,0.005,0.5,1.0,1.0,0.11372969618271306,0.11372969618271306,0.11372969618271306,1.0
1.75,0.005,0.5,1.0,1.0,0.13703086705115072,0.13703086705115072,0.13703086705115072,1.0
1.8,0.005,0.5,1.0,1.0,0.15660084908443253,0.15660084908443253,0.15660084908443253,1.0
1.85,0.005,0.5,1.0,1.0,0.18784533088848668,0.18784533088848668,0.18784533088848668,1.0
1.9,0.005,0.5,1.0,1.0,0.2224804863509915,0.2224804863509915,0.2224804863509915,1.0
1.95,0.005,0.5,1.0,1.0,0.24391991625498904,0.24391991625498904,0.24391991625498904,1.0
2.0,0.005,0.5,1.0,1.0,0.2759754444253891,0.2759754444253891,0.2759754444253891,1.0
2.05,0.005,0.5,1.0,1.0,0.2804997008235248,0.2804997008235248,0.2804997008235248,1.0
2.1,0.005,0.5,1.0,1.0,0.3011532130341665,0.3011532130341665,0.3011532130341665,1.0
2.15,0.005,0.5,0.7500000000000006,1.0,0.32528176255879715,0.32528176255879715,0.32528176255879715,1.0
2.2,0.005,0.5,0.4999999999999989,1.0,0.3144157362175927,0.3144157362175927,0.3144157362175927,1.0
2.25,0.005,0.5,0.25,1.0,0.3011500834114517,0.3011500834114517,0.3011500834114517,1.0
2.3,0.005,0.5,0.25,1.0,0.2893435920652164,0.2893435920652164,0.2893435920652164,1.0
2.35,0.005,0.5,0.25,1.0,0.2646160371089353,0.2646160371089353,0.2646160371089353,1.0
2.4,0.005,0.5,0.25,1.0,0.2549046292977924,0.2549046292977924,0.2549046292977924,1.0
2.45,0.005,0.5,0.25,1.0,0.24261993187784603,0.24261993187784603,0.24261993187784603,1.0
2.5,0.005,0.5,0.25,1.0,0.212418950356537,0.212418950356537,0.212418950356537,1.0
2.55,0.005,0.5,0.25,1.0,0.1891850983863989,0.1891850983863989,0.1891850983863989,1.0
2.6,0.005,0.5,0.25,0.892639082835574,0.2082829772370402,0.2082829772370402,0.1859215257711343,1.0
2.65,0.005,0.5,0.25,0.7267835371340678,0.2201819180666062,0.2201819180666062,0.16002459322541157,1.0
2.7,0.005,0.5,0.25,0.5609279914325601,0.2358482694624066,0.2358482694624066,0.13229389607239295,1.0
2.75,0.005,0.5,0.25,0.39507244573105393,0.31998966898200304,0.31998966898200304,0.1264191011333903,1.0
2.8,0.005,0.5,0.25,0.25,0.45407157492569383,0.45407157492569383,0.11351789373142346,1.0
2.85,0.005,0.5,0.25,0.25,0.4017766304766217,0.4017766304766217,0.10044415761915543,1.0
2.9,0.005,0.5,0.25,0.25,0.39030440447857806,0.39030440447857806,0.09757610111964451,1.0
2.95,0.005,0.5,0.25,0.25,0.35797852488958953,0.35797852488958953,0.08949463122239738,1.0
3.0,0.005,0.5,0.25,0.25,0.3184765844661076,0.3184765844661076,0.0796191461165269,1.0
3.1,0.005,0.5,0.1666666666666667,0.25,0.2657623669783133,0.2657623669783133,0.06644059174457832,1.0
3.2,0.005,0.5,0.1944444444444445,0.25,0.2662580416031401,0.2662580416031401,0.06656451040078502,1.0
3.3,0.005,0.5,0.22222222222222218,0.25,0.2409778423109769,0.2409778423109769,0.06024446057774423,1.0
3.4,0.005,0.5,0.25,0.25,0.23323874901904135,0.23323874901904135,0.05830968725476034,1.0
3.45,0.005,0.5,0.25,0.25,0.2322827438016402,0.2322827438016402,0.05807068595041005,1.0
3.5,0.005,0.5,0.25,0.25,0.22469875126822247,0.22469875126822247,0.05617468781705562,1.0
3.55,0.005,0.5,0.25,0.25,0.24141532533251855,0.24141532533251855,0.06035383133312964,1.0
3.6,0.005,0.5,0.25,0.25,0.22441854110483295,0.22441854110483295,0.05610463527620824,1.0
3.65,0.005,0.5,0.25,0.25,0.23898067520166694,0.23898067520166694,0.059745168800416734,1.0
3.7,0.005,0.5,0.25,0.25,0.24183969904363686,0.24183969904363686,0.060459924760909216,1.0
3.75,0.005,0.5,0.25,0.25,0.24953785162127917,0.24953785162127917,0.06238446290531979,1.0
3.8,0.005,0.5,0.25,0.25,0.24737236069868793,0.24737236069868793,0.06184309017467198,1.0
3.85,0.005,0.5,0.25,0.25,0.2553924158923541,0.2553924158923541,0.06384810397308853,1.0
3.9,0.005,0.5,0.25,0.25,0.24840216992365668,0.24840216992365668,0.06210054248091417,1.0
4.0,0.005,0.5,0.25,0.25,0.26015828317254125,0.26015828317254125,0.06503957079313531,1.0
4.1,0.005,0.5,0.25,0.25,0.2595136687724371,0.2595136687724371,0.06487841719310927,1.0
4.2,0.005,0.5,0.25,0.25,0.2653408020959151,0.2653408020959151,0.06633520052397877,1.0
4.25,0.005,0.5,0.21875000000000008,0.21875000078307374,0.3085505265117513,0.3085505265117513,0.06749542791606342,1.0
4.3,0.005,0.5,0.18750000000000014,0.18750000067120615,0.34477938427944027,0.34477938427944027,0.06464613478381309,1.0
4.35,0.005,0.5,0.15625000000000022,0.15625000055933855,0.4166882998668736,0.4166882998668736,0.06510754708726883,1.0
4.4,0.005,0.5,0.12499999999999972,0.1250000004474704,0.5184381747902207,0.5184381747902207,0.06480477208076332,1.0
1.5,0.01,0.5,0.5555555555555556,0.5555555608945703,0.1664530494484997,0.1664530494484997,0.09247391724897289,1.0
1.6,0.01,0.5,0.777777777777778,0.7777777852523985,0.14804276871830674,0.14804276871830674,0.11514437677635768,1.0
1.7,0.01,0.5,1.0,1.0,0.146951633380991,0.146951633380991,0.146951633380991,1.0
1.75,0.01,0.5,1.0,1.0,0.17549964954328257,0.17549964954328257,0.17549964954328257,1.0
1.8,0.01,0.5,1.0,1.0,0.20574675959271793,0.20574675959271793,0.20574675959271793,1.0
1.85,0.01,0.5,1.0,1.0,0.24243352042048827,0.24243352042048827,0.24243352042048827,1.0
1.9,0.01,0.5,1.0,1.0,0.2745057315743055,0.2745057315743055,0.2745057315743055,1.0
1.95,0.01,0.5,1.0,1.0,0.3114695672779406,0.3114695672779406,0.3114695672779406,1.0
2.0,0.01,0.5,1.0,1.0,0.3409670263212815,0.3409670263212815,0.3409670263212815,1.0
2.05,0.01,0.5,1.0,1.0,0.3516175354486682,0.3516175354486682,0.3516175354486682,1.0
2.1,0.01,0.5,1.0,1.0,0.3766747542202457,0.3766747542202457,0.3766747542202457,1.0
2.15,0.01,0.5,0.7500000000000006,1.0,0.39424157339300614,0.39424157339300614,0.39424157339300614,1.0
2.2,0.01,0.5,0.4999999999999989,1.0,0.401292155688752,0.401292155688752,0.401292155688752,1.0
2.25,0.01,0.5,0.25,1.0,0.3945785108115164,0.3945785108115164,0.3945785108115164,1.0
2.3,0.01,0.5,0.25,1.0,0.3740351521417323,0.3740351521417323,0.3740351521417323,1.0
2.35,0.01,0.5,0.25,1.0,0.3449892363928745,0.3449892363928745,0.3449892363928745,1.0
2.4,0.01,0.5,0.25,1.0,0.32419309116508416,0.32419309116508416,0.32419309116508416,1.0
2.45,0.01,0.5,0.25,1.0,0.3122817229389727,0.3122817229389727,0.3122817229389727,1.0
2.5,0.01,0.5,0.25,1.0,0.281018991032469,0.281018991032469,0.281018991032469,1.0
2.55,0.01,0.5,0.25,1.0,0.2676017137694053,0.2676017137694053,0.2676017137694053,1.0
2.6,0.01,0.5,0.25,0.892639082835574,0.2594598045606574,0.2594598045606574,0.23160396197572253,1.0
2.65,0.01,0.5,0.25,0.7267835371340678,0.27358218608449214,0.27358218608449214,0.19883502889935795,1.0
2.7,0.01,0.5,0.25,0.5609279914325601,0.3166965995102018,0.3166965995102018,0.1776439874567794,1.0
2.75,0.01,0.5,0.25,0.39507244573105393,0.44432034004270954,0.44432034004270954,0.17553872342872678,1.0
2.8,0.01,0.5,0.25,0.25,0.571692247006638,0.571692247006638,0.1429230617516595,1.0
2.85,0.01,0.5,0.25,0.25,0.5207471736900829,0.5207471736900829,0.13018679342252074,1.0
2.9,0.01,0.5,0.25,0.25,0.5300480590927179,0.5300480590927179,0.13251201477317948,1.0
2.95,0.01,0.5,0.25,0.25,0.43435824092212344,0.43435824092212344,0.10858956023053086,1.0
3.0,0.01,0.5,0.25,0.25,0.4161427564816129,0.4161427564816129,0.10403568912040323,1.0
3.1,0.01,0.5,0.1666666666666667,0.25,0.3502295952446325,0.3502295952446325,0.08755739881115812,1.0
3.2,0.01,0.5,0.1944444444444445,0.25,0.33955892360325435,0.33955892360325435,0.08488973090081359,1.0
3.3,0.01,0.5,0.22222222222222218,0.25,0.3026238824125074,0.3026238824125074,0.07565597060312684,1.0
3.4,0.01,0.5,0.25,0.25,0.2935551510725588,0.2935551510725588,0.0733887877681397,1.0
3.45,0.01,0.5,0.25,0.25,0.2619127093708548,0.2619127093708548,0.0654781773427137,1.0
3.5,0.01,0.5,0.25,0.25,0.28028966564147584,0.28028966564147584,0.07007241641036896,1.0
3.55,0.01,0.5,0.25,0.25,0.28153597690585125,0.28153597690585125,0.07038399422646281,1.0
3.6,0.01,0.5,0.25,0.25,0.2803314460137754,0.2803314460137754,0.07008286150344385,1.0
3.65,0.01,0.5,0.25,0.25,0.29158310917990243,0.29158310917990243,0.07289577729497561,1.0
3.7,0.01,0.5,0.25,0.25,0.2769598042644962,0.2769598042644962,0.06923995106612404,1.0
3.75,0.01,0.5,0.25,0.25,0.28328910818202,0.28328910818202,0.070822277045505,1.0
3.8,0.01,0.5,0.25,0.25,0.2940647994379038,0.2940647994379038,0.07351619985947595,1.0
3.85,0.01,0.5,0.25,0.25,0.29262677769530965,0.29262677769530965,0.07315669442382741,1.0
3.9,0.01,0.5,0.25,0.25,0.2935156870962883,0.2935156870962883,0.07337892177407207,1.0
4.0,0.01,0.5,0.25,0.25,0.295840650588882,0.295840650588882,0.0739601626472205,1.0
4.1,0.01,0.5,0.25,0.25,0.2947201865732989,0.2947201865732989,0.07368004664332473,1.0
4.2,0.01,0.5,0.25,0.25,0.2990721899473984,0.2990721899473984,0.0747680474868496,1.0
4.25,0.01,0.5,0.21875000000000008,0.21875000078307374,0.3462798808971168,0.3462798808971168,0.07574872421740698,1.0
4.3,0.01,0.5,0.18750000000000014,0.18750000067120615,0.38688612844256215,0.38688612844256215,0.07254114934266075,1.0
4.35,0.01,0.5,0.15625000000000022,0.15625000055933855,0.46337758351560027,0.46337758351560027,0.07240274768349748,1.0
4.4,0.01,0.5,0.12499999999999972,0.1250000004474704,0.5460519560812742,0.5460519560812742,0.06825649475450137,1.0
1.5,0.015,0.5,0.5555555555555556,0.5555555608945703,0.20234129527781045,0.20234129527781045,0.11241183179019784,1.0
1.6,0.015,0.5,0.777777777777778,0.7777777852523985,0.18211262195142483,0.18211262195142483,0.14164315176788653,1.0
1.7,0.015,0.5,1.0,1.0,0.17371400465069362,0.17371400465069362,0.17371400465069362,1.0
1.75,0.015,0.5,1.0,1.0,0.19350317496908584,0.19350317496908584,0.19350317496908584,1.0
1.8,0.015,0.5,1.0,1.0,0.23079260590898584,0.23079260590898584,0.23079260590898584,1.0
1.85,0.015,0.5,1.0,1.0,0.27279393186874384,0.27279393186874384,0.27279393186874384,1.0
1.9,0.015,0.5,1.0,1.0,0.3102273269062171,0.3102273269062171,0.3102273269062171,1.0
1.95,0.015,0.5,1.0,1.0,0.3464359288043296,0.3464359288043296,0.3464359288043296,1.0
2.0,0.015,0.5,1.0,1.0,0.37393151476963943,0.37393151476963943,0.37393151476963943,1.0
2.05,0.015,0.5,1.0,1.0,0.4111013250930434,0.4111013250930434,0.4111013250930434,1.0
2.1,0.015,0.5,1.0,1.0,0.4372001087597291,0.4372001087597291,0.4372001087597291,1.0
2.15,0.015,0.5,0.7500000000000006,1.0,0.4158133451771747,0.4158133451771747,0.4158133451771747,1.0
2.2,0.015,0.5,0.4999999999999989,1.0,0.4400830865532531,0.4400830865532531,0.4400830865532531,1.0
2.25,0.015,0.5,0.25,1.0,0.42604640135810934,0.42604640135810934,0.42604640135810934,1.0
2.3,0.015,0.5,0.25,1.0,0.42080044472908623,0.42080044472908623,0.42080044472908623,1.0
2.35,0.015,0.5,0.25,1.0,0.3864974214643421,0.3864974214643421,0.3864974214643421,1.0
2.4,0.015,0.5,0.25,1.0,0.3650400172608213,0.3650400172608213,0.3650400172608213,1.0
2.45,0.015,0.5,0.25,1.0,0.3601303472928224,0.3601303472928224,0.3601303472928224,1.0
2.5,0.015,0.5,0.25,1.0,0.33249074760194575,0.33249074760194575,0.33249074760194575,1.0
2.55,0.015,0.5,0.25,1.0,0.2914933098315417,0.2914933098315417,0.2914933098315417,1.0
2.6,0.015,0.5,0.25,0.892639082835574,0.29356316545332106,0.29356316545332106,0.2620459547645604,1.0
2.65,0.015,0.5,0.25,0.7267835371340678,0.3063316648799454,0.3063316648799454,0.22263681093761462,1.0
2.7,0.015,0.5,0.25,0.5609279914325601,0.3894370628337383,0.3894370628337383,0.21844614944472454,1.0
2.75,0.015,0.5,0.25,0.39507244573105393,0.5002074321244402,0.5002074321244402,0.19761817358225275,1.0
2.8,0.015,0.5,0.25,0.25,0.7298649536372355,0.7298649536372355,0.18246623840930887,1.0
2.85,0.015,0.5,0.25,0.25,0.6520060255438659,0.6520060255438659,0.16300150638596647,1.0
2.9,0.015,0.5,0.25,0.25,0.6163704995300741,0.6163704995300741,0.15409262488251851,1.0
2.95,0.015,0.5,0.25,0.25,0.5156892423618974,0.5156892423618974,0.12892231059047435,1.0
3.0,0.015,0.5,0.25,0.25,0.46302107264292003,0.46302107264292003,0.11575526816073001,1.0
3.1,0.015,0.5,0.1666666666666667,0.25,0.442790500287964,0.442790500287964,0.110697625071991,1.0
3.2,0.015,0.5,0.1944444444444445,0.25,0.39559477847637303,0.39559477847637303,0.09889869461909326,1.0
3.3,0.015,0.5,0.22222222222222218,0.25,0.3493979668799768,0.3493979668799768,0.0873494917199942,1.0
3.4,0.015,0.5,0.25,0.25,0.33055189444977623,0.33055189444977623,0.08263797361244406,1.0
3.45,0.015,0.5,0.25,0.25,0.3417546291903347,0.3417546291903347,0.08543865729758368,1.0
3.5,0.015,0.5,0.25,0.25,0.3242650325216085,0.3242650325216085,0.08106625813040212,1.0
3.55,0.015,0.5,0.25,0.25,0.3271346134386939,0.3271346134386939,0.08178365335967347,1.0
3.6,0.015,0.5,0.25,0.25,0.3305032227891559,0.3305032227891559,0.08262580569728897,1.0
3.65,0.015,0.5,0.25,0.25,0.32942245221826305,0.32942245221826305,0.08235561305456576,1.0
3.7,0.015,0.5,0.25,0.25,0.3241046875371645,0.3241046875371645,0.08102617188429112,1.0
3.75,0.015,0.5,0.25,0.25,0.32659063015900985,0.32659063015900985,0.08164765753975246,1.0
3.8,0.015,0.5,0.25,0.25,0.3295444228141374,0.3295444228141374,0.08238610570353436,1.0
3.85,0.015,0.5,0.25,0.25,0.3303547974553379,0.3303547974553379,0.08258869936383448,1.0
3.9,0.015,0.5,0.25,0.25,0.33070772335679893,0.33070772335679893,0.08267693083919973,1.0
4.0,0.015,0.5,0.25,0.25,0.33611993209470087,0.33611993209470087,0.08402998302367522,1.0
4.1,0.015,0.5,0.25,0.25,0.32132340592569525,0.32132340592569525,0.08033085148142381,1.0
4.2,0.015,0.5,0.25,0.25,0.3228342501588946,0.3228342501588946,0.08070856253972365,1.0
4.25,0.015,0.5,0.21875000000000008,0.21875000078307374,0.3741429041470779,0.3741429041470779,0.08184376057515477,1.0
4.3,0.015,0.5,0.18750000000000014,0.18750000067120615,0.4417188785064337,0.4417188785064337,0.08282229001644074,1.0
4.35,0.015,0.5,0.15625000000000022,0.15625000055933855,0.5051195362060018,0.5051195362060018,0.07892492781472062,1.0
4.4,0.015,0.5,0.12499999999999972,0.1250000004474704,0.6141660880113354,0.6141660880113354,0.07677076127623807,1.0
1.5,0.02,0.5,0.5555555555555556,0.5555555608945703,0.2400394758918726,0.2400394758918726,0.13335526566594796,1.0
1.6,0.02,0.5,0.777777777777778,0.7777777852523985,0.2056952871899822,0.2056952871899822,0.1599852249074804,1.0
1.7,0.02,0.5,1.0,1.0,0.19887907407710434,0.19887907407710434,0.19887907407710434,1.0
1.75,0.02,0.5,1.0,1.0,0.23124579682909943,0.23124579682909943,0.23124579682909943,1.0
1.8,0.02,0.5,1.0,1.0,0.2535797920808596,0.2535797920808596,0.2535797920808596,1.0
1.85,0.02,0.5,1.0,1.0,0.2943454384520609,0.2943454384520609,0.2943454384520609,1.0
1.9,0.02,0.5,1.0,1.0,0.3376025689228803,0.3376025689228803,0.3376025689228803,1.0
1.95,0.02,0.5,1.0,1.0,0.357416661509975,0.357416661509975,0.357416661509975,1.0
2.0,0.02,0.5,1.0,1.0,0.40645453045169155,0.40645453045169155,0.40645453045169155,1.0
2.05,0.02,0.5,1.0,1.0,0.43636123159292056,0.43636123159292056,0.43636123159292056,1.0
2.1,0.02,0.5,1.0,1.0,0.460161672884287,0.460161672884287,0.460161672884287,1.0
2.15,0.02,0.5,0.7500000000000006,1.0,0.5010700838063499,0.5010700838063499,0.5010700838063499,1.0
2.2,0.02,0.5,0.4999999999999989,1.0,0.47725023940946876,0.47725023940946876,0.47725023940946876,1.0
2.25,0.02,0.5,0.25,1.0,0.473285613461271,0.473285613461271,0.473285613461271,1.0
2.3,0.02,0.5,0.25,1.0,0.48313927567286474,0.48313927567286474,0.48313927567286474,1.0
2.35,0.02,0.5,0.25,1.0,0.4145449217082389,0.4145449217082389,0.4145449217082389,1.0
2.4,0.02,0.5,0.25,1.0,0.4089219125056676,0.4089219125056676,0.4089219125056676,1.0
2.45,0.02,0.5,0.25,1.0,0.3702599877629163,0.3702599877629163,0.3702599877629163,1.0
2.5,0.02,0.5,0.25,1.0,0.3488297174773159,0.3488297174773159,0.3488297174773159,1.0
2.55,0.02,0.5,0.25,1.0,0.31142968371398533,0.31142968371398533,0.31142968371398533,1.0
2.6,0.02,0.5,0.25,0.892639082835574,0.33103572175075563,0.33103572175075563,0.2954954230494068,1.0
2.65,0.02,0.5,0.25,0.7267835371340678,0.3428855137356681,0.3428855137356681,0.2492035465048409,1.0
2.7,0.02,0.5,0.25,0.5609279914325601,0.44041925953440436,0.44041925953440436,0.24704349063884884,1.0
2.75,0.02,0.5,0.25,0.39507244573105393,0.5602256537515217,0.5602256537515217,0.22132971918889224,1.0
2.8,0.02,0.5,0.25,0.25,0.7609632084956449,0.7609632084956449,0.19024080212391123,1.0
2.85,0.02,0.5,0.25,0.25,0.6904962118840033,0.6904962118840033,0.17262405297100084,1.0
2.9,0.02,0.5,0.25,0.25,0.6539724949292753,0.6539724949292753,0.16349312373231883,1.0
2.95,0.02,0.5,0.25,0.25,0.6100586450403006,0.6100586450403006,0.15251466126007515,1.0
3.0,0.02,0.5,0.25,0.25,0.5708275112227138,0.5708275112227138,0.14270687780567845,1.0
3.1,0.02,0.5,0.1666666666666667,0.25,0.4786575471652144,0.4786575471652144,0.1196643867913036,1.0
3.2,0.02,0.5,0.1944444444444445,0.25,0.4470034216451201,0.4470034216451201,0.11175085541128002,1.0
3.3,0.02,0.5,0.22222222222222218,0.25,0.3939233766374321,0.3939233766374321,0.09848084415935802,1.0
3.4,0.02,0.5,0.25,0.25,0.3817936243790809,0.3817936243790809,0.09544840609477022,1.0
3.45,0.02,0.5,0.25,0.25,0.37415940885548943,0.37415940885548943,0.09353985221387236,1.0
3.5,0.02,0.5,0.25,0.25,0.3759801063854457,0.3759801063854457,0.09399502659636143,1.0
3.55,0.02,0.5,0.25,0.25,0.3665069977977708,0.3665069977977708,0.0916267494494427,1.0
3.6,0.02,0.5,0.25,0.25,0.3476931525737854,0.3476931525737854,0.08692328814344635,1.0
3.65,0.02,0.5,0.25,0.25,0.376806336854376,0.376806336854376,0.094201584213594,1.0
3.7,0.02,0.5,0.25,0.25,0.35650462981490194,0.35650462981490194,0.08912615745372549,1.0
3.75,0.02,0.5,0.25,0.25,0.37530043915176653,0.37530043915176653,0.09382510978794163,1.0
3.8,0.02,0.5,0.25,0.25,0.35724468860925773,0.35724468860925773,0.08931117215231443,1.0
3.85,0.02,0.5,0.25,0.25,0.3621048959264883,0.3621048959264883,0.09052622398162208,1.0
3.9,0.02,0.5,0.25,0.25,0.3745801564920269,0.3745801564920269,0.09364503912300673,1.0
4.0,0.02,0.5,0.25,0.25,0.36728443002478484,0.36728443002478484,0.09182110750619621,1.0
4.1,0.02,0.5,0.25,0.25,0.35296064004091915,0.35296064004091915,0.08824016001022979,1.0
4.2,0.02,0.5,0.25,0.25,0.35644206312238613,0.35644206312238613,0.08911051578059653,1.0
4.25,0.02,0.5,0.21875000000000008,0.21875000078307374,0.40717281793729015,0.40717281793729015,0.08906905424262856,1.0
4.3,0.02,0.5,0.18750000000000014,0.18750000067120615,0.4688237656181288,0.4688237656181288,0.08790445636807653,1.0
4.35,0.02,0.5,0.15625000000000022,0.15625000055933855,0.554312184223508,0.554312184223508,0.08661127909497131,1.0
4.4,0.02,0.5,0.12499999999999972,0.1250000004474704,0.6749446052096854,0.6749446052096854,0.0843680759532284,1.0
1.5,0.025,0.5,0.5555555555555556,0.5555555608945703,0.27468174391622474,0.27468174391622474,0.15260097030887695,1.0
1.6,0.025,0.5,0.777777777777778,0.7777777852523985,0.2305804082190175,0.2305804082190175,0.17934031922718138,1.0
1.7,0.025,0.5,1.0,1.0,0.21856446689732711,0.21856446689732711,0.21856446689732711,1.0
1.75,0.025,0.5,1.0,1.0,0.2416964774193026,0.2416964774193026,0.2416964774193026,1.0
1.8,0.025,0.5,1.0,1.0,0.26772319689784724,0.26772319689784724,0.26772319689784724,1.0
1.85,0.025,0.5,1.0,1.0,0.31388399424768926,0.31388399424768926,0.31388399424768926,1.0
1.9,0.025,0.5,1.0,1.0,0.35771689815318763,0.35771689815318763,0.35771689815318763,1.0
1.95,0.025,0.5,1.0,1.0,0.3967562043720776,0.3967562043720776,0.3967562043720776,1.0
2.0,0.025,0.5,1.0,1.0,0.43899254362654816,0.43899254362654816,0.43899254362654816,1.0
2.05,0.025,0.5,1.0,1.0,0.450060318761579,0.450060318761579,0.450060318761579,1.0
2.1,0.025,0.5,1.0,1.0,0.47484092827498414,0.47484092827498414,0.47484092827498414,1.0
2.15,0.025,0.5,0.7500000000000006,1.0,0.48112701140830016,0.48112701140830016,0.48112701140830016,1.0
2.2,0.025,0.5,0.4999999999999989,1.0,0.48177333450688986,0.48177333450688986,0.48177333450688986,1.0
2.25,0.025,0.5,0.25,1.0,0.4779504637176111,0.4779504637176111,0.4779504637176111,1.0
2.3,0.025,0.5,0.25,1.0,0.4666040871860101,0.4666040871860101,0.4666040871860101,1.0
2.35,0.025,0.5,0.25,1.0,0.4754434236300801,0.4754434236300801,0.4754434236300801,1.0
2.4,0.025,0.5,0.25,1.0,0.43564735488570805,0.43564735488570805,0.43564735488570805,1.0
2.45,0.025,0.5,0.25,1.0,0.3886284221478431,0.3886284221478431,0.3886284221478431,1.0
2.5,0.025,0.5,0.25,1.0,0.3786676321045854,0.3786676321045854,0.3786676321045854,1.0
2.55,0.025,0.5,0.25,1.0,0.3448955833471405,0.3448955833471405,0.3448955833471405,1.0
2.6,0.025,0.5,0.25,0.892639082835574,0.3661922838987409,0.3661922838987409,0.3268775444408362,1.0
2.65,0.025,0.5,0.25,0.7267835371340678,0.39156301546484606,0.39156301546484606,0.2845815533904225,1.0
2.7,0.025,0.5,0.25,0.5609279914325601,0.4753724487744591,0.4753724487744591,0.2666497128734349,1.0
2.75,0.025,0.5,0.25,0.39507244573105393,0.5707943956283568,0.5707943956283568,0.22550513789047372,1.0
2.8,0.025,0.5,0.25,0.25,0.9046324804873845,0.9046324804873845,0.22615812012184613,1.0
2.85,0.025,0.5,0.25,0.25,0.8080507157077568,0.8080507157077568,0.2020126789269392,1.0
2.9,0.025,0.5,0.25,0.25,0.6952200773107776,0.6952200773107776,0.1738050193276944,1.0
2.95,0.025,0.5,0.25,0.25,0.6913462768336252,0.6913462768336252,0.1728365692084063,1.0
3.0,0.025,0.5,0.25,0.25,0.6453298074828331,0.6453298074828331,0.16133245187070827,1.0
3.1,0.025,0.5,0.1666666666666667,0.25,0.5717620330731482,0.5717620330731482,0.14294050826828705,1.0
3.2,0.025,0.5,0.1944444444444445,0.25,0.48505339487337706,0.48505339487337706,0.12126334871834427,1.0
3.3,0.025,0.5,0.22222222222222218,0.25,0.4237579164968124,0.4237579164968124,0.1059394791242031,1.0
3.4,0.025,0.5,0.25,0.25,0.4097530951705349,0.4097530951705349,0.10243827379263372,1.0
3.45,0.025,0.5,0.25,0.25,0.4197520093209253,0.4197520093209253,0.10493800233023133,1.0
3.5,0.025,0.5,0.25,0.25,0.4031106693746635,0.4031106693746635,0.10077766734366587,1.0
3.55,0.025,0.5,0.25,0.25,0.3936508054907773,0.3936508054907773,0.09841270137269433,1.0
3.6,0.025,0.5,0.25,0.25,0.41112548668054855,0.41112548668054855,0.10278137167013714,1.0
3.65,0.025,0.5,0.25,0.25,0.4063579848529927,0.4063579848529927,0.10158949621324817,1.0
3.7,0.025,0.5,0.25,0.25,0.386687581768337,0.386687581768337,0.09667189544208425,1.0
3.75,0.025,0.5,0.25,0.25,0.3914406592208628,0.3914406592208628,0.0978601648052157,1.0
3.8,0.025,0.5,0.25,0.25,0.39409945895175147,0.39409945895175147,0.09852486473793787,1.0
3.85,0.025,0.5,0.25,0.25,0.3821733302188409,0.3821733302188409,0.09554333255471023,1.0
3.9,0.025,0.5,0.25,0.25,0.38527226410757814,0.38527226410757814,0.09631806602689454,1.0
4.0,0.025,0.5,0.25,0.25,0.39200423868647355,0.39200423868647355,0.09800105967161839,1.0
4.1,0.025,0.5,0.25,0.25,0.3827167983943469,0.3827167983943469,0.09567919959858673,1.0
4.2,0.025,0.5,0.25,0.25,0.3664998625614244,0.3664998625614244,0.0916249656403561,1.0
4.25,0.025,0.5,0.21875000000000008,0.21875000078307374,0.41434437659912526,0.41434437659912526,0.09063783270552085,1.0
4.3,0.025,0.5,0.18750000000000014,0.18750000067120615,0.4964650765029027,0.4964650765029027,0.09308720217752467,1.0
4.35,0.025,0.5,0.15625000000000022,0.15625000055933855,0.5595012122726272,0.5595012122726272,0.08742206473054859,1.0
4.4,0.025,0.5,0.12499999999999972,0.1250000004474704,0.7011113066310634,0.7011113066310634,0.08763891364260948,1.0
1.5,0.03,0.5,0.5555555555555556,0.5555555608945703,0.3003189983296724,0.3003189983296724,0.16684388956433666,1.0
1.6,0.03,0.5,0.777777777777778,0.7777777852523985,0.25626758456757504,0.25626758456757504,0.19931923435695026,1.0
1.7,0.03,0.5,1.0,1.0,0.2374526107503954,0.2374526107503954,0.2374526107503954,1.0
1.75,0.03,0.5,1.0,1.0,0.26580370844671763,0.26580370844671763,0.26580370844671763,1.0
1.8,0.03,0.5,1.0,1.0,0.2917143922454939,0.2917143922454939,0.2917143922454939,1.0
1.85,0.03,0.5,1.0,1.0,0.34244514044010765,0.34244514044010765,0.34244514044010765,1.0
1.9,0.03,0.5,1.0,1.0,0.37148822591987285,0.37148822591987285,0.37148822591987285,1.0
1.95,0.03,0.5,1.0,1.0,0.388422855079444,0.388422855079444,0.388422855079444,1.0
2.0,0.03,0.5,1.0,1.0,0.45126181837371065,0.45126181837371065,0.45126181837371065,1.0
2.05,0.03,0.5,1.0,1.0,0.4666589853493555,0.4666589853493555,0.4666589853493555,1.0
2.1,0.03,0.5,1.0,1.0,0.4817309340767174,0.4817309340767174,0.4817309340767174,1.0
2.15,0.03,0.5,0.7500000000000006,1.0,0.5009272194325677,0.5009272194325677,0.5009272194325677,1.0
2.2,0.03,0.5,0.4999999999999989,1.0,0.4828215806310511,0.4828215806310511,0.4828215806310511,1.0
2.25,0.03,0.5,0.25,1.0,0.5295799404778131,0.5295799404778131,0.5295799404778131,1.0
2.3,0.03,0.5,0.25,1.0,0.4957492608785576,0.4957492608785576,0.4957492608785576,1.0
2.35,0.03,0.5,0.25,1.0,0.4879330080806917,0.4879330080806917,0.4879330080806917,1.0
2.4,0.03,0.5,0.25,1.0,0.47307815539176096,0.47307815539176096,0.47307815539176096,1.0
2.45,0.03,0.5,0.25,1.0,0.43303159884683284,0.43303159884683284,0.43303159884683284,1.0
2.5,0.03,0.5,0.25,1.0,0.395886532380526,0.395886532380526,0.395886532380526,1.0
2.55,0.03,0.5,0.25,1.0,0.3737696280296096,0.3737696280296096,0.3737696280296096,1.0
2.6,0.03,0.5,0.25,0.892639082835574,0.3793880175987254,0.3793880175987254,0.3386565720681329,1.0
2.65,0.03,0.5,0.25,0.7267835371340678,0.4276283646894231,0.4276283646894231,0.31079325546783604,1.0
2.7,0.03,0.5,0.25,0.5609279914325601,0.5133183526595676,0.5133183526595676,0.2879346325228018,1.0
2.75,0.03,0.5,0.25,0.39507244573105393,0.6565858029228959,0.6565858029228959,0.2593989589930363,1.0
2.8,0.03,0.5,0.25,0.25,0.9324604498990651,0.9324604498990651,0.23311511247476627,1.0
2.85,0.03,0.5,0.25,0.25,0.840495104377103,0.840495104377103,0.21012377609427574,1.0
2.9,0.03,0.5,0.25,0.25,0.7707295505575368,0.7707295505575368,0.1926823876393842,1.0
2.95,0.03,0.5,0.25,0.25,0.724516254180726,0.724516254180726,0.1811290635451815,1.0
3.0,0.03,0.5,0.25,0.25,0.6660072319850151,0.6660072319850151,0.16650180799625378,1.0
3.1,0.03,0.5,0.1666666666666667,0.25,0.5624659825607382,0.5624659825607382,0.14061649564018455,1.0
3.2,0.03,0.5,0.1944444444444445,0.25,0.5333501939837048,0.5333501939837048,0.1333375484959262,1.0
3.3,0.03,0.5,0.22222222222222218,0.25,0.4965376047809127,0.4965376047809127,0.12413440119522817,1.0
3.4,0.03,0.5,0.25,0.25,0.4515639435389431,0.4515639435389431,0.11289098588473577,1.0
3.45,0.03,0.5,0.25,0.25,0.43076922919964383,0.43076922919964383,0.10769230729991096,1.0
3.5,0.03,0.5,0.25,0.25,0.44304123744699764,0.44304123744699764,0.11076030936174941,1.0
3.55,0.03,0.5,0.25,0.25,0.45033660514322604,0.45033660514322604,0.11258415128580651,1.0
3.6,0.03,0.5,0.25,0.25,0.42970248721216564,0.42970248721216564,0.10742562180304141,1.0
3.65,0.03,0.5,0.25,0.25,0.4358610347249541,0.4358610347249541,0.10896525868123852,1.0
3.7,0.03,0.5,0.25,0.25,0.4289510339854777,0.4289510339854777,0.10723775849636942,1.0
3.75,0.03,0.5,0.25,0.25,0.4275104308445005,0.4275104308445005,0.10687760771112513,1.0
3.8,0.03,0.5,0.25,0.25,0.4157626166957171,0.4157626166957171,0.10394065417392928,1.0
3.85,0.03,0.5,0.25,0.25,0.41171324659202774,0.41171324659202774,0.10292831164800693,1.0
3.9,0.03,0.5,0.25,0.25,0.4018576300902034,0.4018576300902034,0.10046440752255086,1.0
4.0,0.03,0.5,0.25,0.25,0.4192963610364582,0.4192963610364582,0.10482409025911454,1.0
4.1,0.03,0.5,0.25,0.25,0.4133099258097026,0.4133099258097026,0.10332748145242565,1.0
4.2,0.03,0.5,0.25,0.25,0.4005008656205501,0.4005008656205501,0.10012521640513752,1.0
4.25,0.03,0.5,0.21875000000000008,0.21875000078307374,0.4604669255078837,0.4604669255078837,0.10072714031542912,1.0
4.3,0.03,0.5,0.18750000000000014,0.18750000067120615,0.5310456525700546,0.5310456525700546,0.09957106021332636,1.0
4.35,0.03,0.5,0.15625000000000022,0.15625000055933855,0.632761946806059,0.632761946806059,0.09886905454237487,1.0
4.4,0.03,0.5,0.12499999999999972,0.1250000004474704,0.7644118756493411,0.7644118756493411,0.09555148479821932,1.0
