mu,xi_b,contribution_Steel,contribution_Concrete,contribution_Steel-concrete composite,contribution_FRP,contribution_Timber,contribution_Other,raw_weight,weight,weight_percent,contribution_Steel_normalised,contribution_Concrete_normalised,contribution_Steel-concrete composite_normalised,contribution_FRP_normalised,contribution_Timber_normalised,contribution_Other_normalised,weight_original,mu_key,xi_key
0.05,0.005,0.03813641036184211,0.01921195623961794,0.0,0.0,0.0,0.0,0.057348366601460046,0.11484680233395354,8.729546139724189,0.05805109606185028,0.02924436533539161,0.0,0.0,0.0,0.0,0.08729546139724188,0.05,0.005
0.05,0.01,0.013652327688116774,0.02544121158637872,0.0,0.0,0.0,0.0,0.03909353927449549,0.07828937847164992,5.950803398350662,0.020781520299658414,0.03872651368384822,0.0,0.0,0.0,0.0,0.059508033983506625,0.05,0.01
0.05,0.015,0.004874306126644731,0.012061727834302323,0.0,0.0,0.0,0.0,0.016936033960947054,0.033916386113505996,2.5779965262734983,0.007419649896463167,0.018360315366271817,0.0,0.0,0.0,0.0,0.025779965262734985,0.05,0.015
0.05,0.02,0.004975116930509866,0.006950231000830556,0.0,0.0,0.0,0.0,0.011925347931340423,0.02388190209761627,1.8152718406499524,0.007573103711432149,0.010579614695067375,0.0,0.0,0.0,0.0,0.018152718406499523,0.05,0.02
0.1,0.005,0.03813641036184211,0.006403985413205983,0.010533396402994792,0.0,0.0,0.0,0.05507379217804288,0.11029170138373039,8.38331130246291,0.05805109606185028,0.009748121778463877,0.016033895184314948,0.0,0.0,0.0,0.0838331130246291,0.1,0.005
0.1,0.01,0.013652327688116774,0.008480403862126245,0.0060901641845703125,0.0,0.0,0.0,0.028222895734813333,0.05651964510642866,4.296078251466809,0.020781520299658414,0.01290883789461608,0.009270424320393593,0.0,0.0,0.0,0.04296078251466809,0.1,0.01
0.1,0.015,0.004874306126644731,0.004020575944767443,0.003116607666015625,0.0,0.0,0.0,0.0120114897374278,0.024054411125557004,1.8283843129898323,0.007419649896463167,0.00612010512209061,0.004744088111344544,0.0,0.0,0.0,0.018283843129898322,0.1,0.015
0.1,0.02,0.004975116930509866,0.00231674366694352,0.0036689758300781253,0.0,0.0,0.0,0.010960836427531512,0.02195035515755144,1.6684542733196164,0.007573103711432149,0.0035265382316891263,0.005584900790074888,0.0,0.0,0.0,0.016684542733196164,0.1,0.02
0.15,0.005,0.03813641036184211,0.0,0.0,0.0,0.0,0.0,0.03813641036184211,0.07637261603265107,5.805109606185028,0.05805109606185028,0.0,0.0,0.0,0.0,0.0,0.05805109606185028,0.15,0.005
0.15,0.01,0.013652327688116774,0.0,0.0,0.0,0.0,0.0,0.013652327688116774,0.027340380769547326,2.0781520299658416,0.020781520299658414,0.0,0.0,0.0,0.0,0.0,0.020781520299658414,0.15,0.01
0.15,0.015,0.004874306126644731,0.0,0.0,0.0,0.0,0.0,0.004874306126644731,0.009761367331213478,0.7419649896463167,0.007419649896463167,0.0,0.0,0.0,0.0,0.0,0.007419649896463167,0.15,0.015
0.15,0.02,0.004975116930509866,0.0,0.0,0.0,0.0,0.0,0.004975116930509866,0.009963252740524007,0.7573103711432149,0.007573103711432149,0.0,0.0,0.0,0.0,0.0,0.007573103711432149,0.15,0.02
0.2,0.005,0.07627282072368421,0.0,0.0,0.0,0.0,0.0,0.07627282072368421,0.15274523206530213,11.610219212370056,0.11610219212370056,0.0,0.0,0.0,0.0,0.0,0.11610219212370056,0.2,0.005
0.2,0.01,0.02730465537623355,0.0,0.0,0.0,0.0,0.0,0.02730465537623355,0.05468076153909465,4.156304059931683,0.04156304059931683,0.0,0.0,0.0,0.0,0.0,0.04156304059931683,0.2,0.01
0.2,0.015,0.009748612253289463,0.0,0.0,0.0,0.0,0.0,0.009748612253289463,0.019522734662426957,1.4839299792926335,0.014839299792926334,0.0,0.0,0.0,0.0,0.0,0.014839299792926334,0.2,0.015
0.2,0.02,0.009950233861019732,0.0,0.0,0.0,0.0,0.0,0.009950233861019732,0.019926505481048015,1.5146207422864297,0.015146207422864297,0.0,0.0,0.0,0.0,0.0,0.015146207422864297,0.2,0.02
0.25,0.005,0.03813641036184211,0.006403985413205978,0.0,0.0,0.0,0.0,0.044540395775048085,0.0891973447997519,6.779921784031415,0.05805109606185028,0.009748121778463868,0.0,0.0,0.0,0.0,0.06779921784031415,0.25,0.005
0.25,0.01,0.013652327688116774,0.008480403862126238,0.0,0.0,0.0,0.0,0.022132731550243014,0.04432338000358152,3.3690358194274483,0.020781520299658414,0.01290883789461607,0.0,0.0,0.0,0.0,0.03369035819427448,0.25,0.01
0.25,0.015,0.004874306126644731,0.00402057594476744,0.0,0.0,0.0,0.0,0.008894882071412171,0.017813040258644317,1.3539755018553772,0.007419649896463167,0.006120105122090605,0.0,0.0,0.0,0.0,0.013539755018553772,0.25,0.015
0.25,0.02,0.004975116930509866,0.0023167436669435182,0.0,0.0,0.0,0.0,0.007291860597453384,0.014602802526221427,1.1099641943121272,0.007573103711432149,0.0035265382316891237,0.0,0.0,0.0,0.0,0.011099641943121272,0.25,0.02
