damping_key,bridge_frequency,env_bias_upper,old_bias_upper
0.005,1.5,0.06177393958402463,0.06031891621106254
0.005,1.6,0.055662957255433534,0.054351857646907226
0.005,1.7,0.06440258329078473,0.06288561908292029
0.005,1.75,0.08098262520467157,0.08098262520467157
0.005,1.8,0.09645405394343272,0.09645405394343272
0.005,1.85,0.1136345082550531,0.1136345082550531
0.005,1.9,0.12049749051022711,0.12049749051022711
0.005,1.95,0.13638788023205595,0.13638788023205595
0.005,2.0,0.15830685829417687,0.15830685829417687
0.005,2.05,0.1636779490931547,0.1636779490931547
0.005,2.1,0.17592222058382107,0.17592222058382107
0.005,2.15,0.17341927210345343,0.23122569613793773
0.005,2.2,0.17018090791998894,0.34036181583997865
0.005,2.25,0.1541046424404588,0.6164185697618352
0.005,2.3,0.1385058889035764,0.5540235556143056
0.005,2.35,0.12104023917577046,0.48416095670308185
0.005,2.4,0.1281447678627115,0.512579071450846
0.005,2.45,0.12179767511369229,0.48719070045476914
0.005,2.5,0.0925453714518495,0.3661022709245435
0.005,2.55,0.1109282779358114,0.3618553417073052
0.005,2.6,0.12407207670200633,0.31864309847802935
0.005,2.65,0.1448323694230396,0.2714670440581309
0.005,2.7,0.2580832588811451,0.3046665644760663
0.005,2.75,0.30620420767258627,0.30620420767258627
0.005,2.8,0.251894487022744,0.251894487022744
0.005,2.85,0.1897452015003712,0.1897452015003712
0.005,2.9,0.1728939579774151,0.1728939579774151
0.005,2.95,0.1977495672775379,0.1977495672775379
0.005,3.0,0.16885029550720831,0.16885029550720831
0.005,3.1,0.13806848204841313,0.20710272307261965
0.005,3.2,0.16287070449872112,0.20940519149835565
0.005,3.3,0.11529171071667883,0.1297031745562637
0.005,3.4,0.12991548092760194,0.12991548092760194
0.005,3.45,0.1102355656224136,0.1102355656224136
0.005,3.5,0.1057159802727294,0.1057159802727294
0.005,3.55,0.10827308775077,0.10827308775077
0.005,3.6,0.10804662020328659,0.10804662020328659
0.005,3.65,0.1088345289447194,0.1088345289447194
0.005,3.7,0.11960070832584044,0.11960070832584044
0.005,3.75,0.12985417085468634,0.12985417085468634
0.005,3.8,0.12936533702764244,0.12936533702764244
0.005,3.85,0.12638638736538885,0.12638638736538885
0.005,3.9,0.13707611472993408,0.13707611472993408
0.005,4.0,0.1321962005127011,0.1321962005127011
0.005,4.1,0.1332687874163167,0.1332687874163167
0.005,4.2,0.13868494972049203,0.13622290354509428
0.01,1.5,0.11152351298002827,0.10889668815529673
0.01,1.6,0.11666039389128151,0.11391254497517933
0.01,1.7,0.1277460598195341,0.12473707802812092
0.01,1.75,0.17351076599323673,0.17351076599323673
0.01,1.8,0.18725732799677253,0.18725732799677253
0.01,1.85,0.21692793912336036,0.21692793912336036
0.01,1.9,0.2459742435203652,0.2459742435203652
0.01,1.95,0.26843845088434454,0.26843845088434454
0.01,2.0,0.3226509731408928,0.3226509731408928
0.01,2.05,0.29220648286602086,0.29220648286602086
0.01,2.1,0.31328907241070597,0.31328907241070597
0.01,2.15,0.3091918910099077,0.41225585467987663
0.01,2.2,0.27357239527136684,0.5471447905427349
0.01,2.25,0.2830060121521167,1.1320240486084667
0.01,2.3,0.2513435272377496,1.0053741089509984
0.01,2.35,0.22251574382269454,0.8900629752907782
0.01,2.4,0.2073656154951255,0.829462461980502
0.01,2.45,0.1954575368316973,0.7818301473267892
0.01,2.5,0.16533910177505282,0.6540685901721707
0.01,2.55,0.1922377287550264,0.6270921204414486
0.01,2.6,0.2527798354421939,0.6491916000690634
0.01,2.65,0.2890401771691669,0.5417634388136315
0.01,2.7,0.4561711734889959,0.5385087930244729
0.01,2.75,0.5215698228184192,0.5215698228184192
0.01,2.8,0.4675347227822102,0.4675347227822102
0.01,2.85,0.41115422731158385,0.41115422731158385
0.01,2.9,0.4460683311988715,0.4460683311988715
0.01,2.95,0.345861418128183,0.345861418128183
0.01,3.0,0.37240713401265285,0.37240713401265285
0.01,3.1,0.2894077012073016,0.43411155181095223
0.01,3.2,0.2627050831811476,0.3377636783757611
0.01,3.3,0.21323493343820027,0.23988930011797535
0.01,3.4,0.2338222738287722,0.2338222738287722
0.01,3.45,0.19096794276641205,0.19096794276641205
0.01,3.5,0.21865302899208994,0.21865302899208994
0.01,3.55,0.1798927553414116,0.1798927553414116
0.01,3.6,0.17289957569363998,0.17289957569363998
0.01,3.65,0.2205305705141838,0.2205305705141838
0.01,3.7,0.21096141992715076,0.21096141992715076
0.01,3.75,0.23304885207412604,0.23304885207412604
0.01,3.8,0.21849322764590737,0.21849322764590737
0.01,3.85,0.2094502807084814,0.2094502807084814
0.01,3.9,0.2163834313252117,0.2163834313252117
0.01,4.0,0.2517004297443137,0.2517004297443137
0.01,4.1,0.25217218904148514,0.25217218904148514
0.01,4.2,0.2618056141585546,0.257157831451521
0.015,1.5,0.1737970514710506,0.16970343572070154
0.015,1.6,0.16613107878243,0.1622179846333685
0.015,1.7,0.1872389152968672,0.18282861499039874
0.015,1.75,0.21856732944401144,0.21856732944401144
0.015,1.8,0.25737452612546563,0.25737452612546563
0.015,1.85,0.3301016997317594,0.3301016997317594
0.015,1.9,0.3548862787348902,0.3548862787348902
0.015,1.95,0.33290420017426325,0.33290420017426325
0.015,2.0,0.4158818014197662,0.4158818014197662
0.015,2.05,0.4011866965783676,0.4011866965783676
0.015,2.1,0.41799345224872747,0.41799345224872747
0.015,2.15,0.4082150366034075,0.5442867154712097
0.015,2.2,0.456577289548159,0.91315457909632
0.015,2.25,0.36678118620199424,1.467124744807977
0.015,2.3,0.38927483237636096,1.5570993295054438
0.015,2.35,0.29742070717490043,1.1896828286996017
0.015,2.4,0.2903398579335914,1.1613594317343656
0.015,2.45,0.27407446704205346,1.0962978681682138
0.015,2.5,0.2653548764800986,1.0497231936749047
0.015,2.55,0.2904719424034218,0.9475385891737726
0.015,2.6,0.32460522887580473,0.8336542650090398
0.015,2.65,0.39963391086238564,0.7490551795802111
0.015,2.7,0.6516760611220572,0.769301765461616
0.015,2.75,0.6797328243481804,0.6797328243481804
0.015,2.8,0.7953748517682264,0.7953748517682264
0.015,2.85,0.5940579337396986,0.5940579337396986
0.015,2.9,0.5208011778983297,0.5208011778983297
0.015,2.95,0.4884477091567746,0.4884477091567746
0.015,3.0,0.46945618531559635,0.46945618531559635
0.015,3.1,0.4187636888278031,0.6281455332417045
0.015,3.2,0.37903884662303305,0.4873356599438995
0.015,3.3,0.3264497555733967,0.3672559750200714
0.015,3.4,0.3136418337983054,0.3136418337983054
0.015,3.45,0.29390430650652805,0.29390430650652805
0.015,3.5,0.27571995799549726,0.27571995799549726
0.015,3.55,0.2569999303773695,0.2569999303773695
0.015,3.6,0.24553145152929104,0.24553145152929104
0.015,3.65,0.27011080320884806,0.27011080320884806
0.015,3.7,0.2904626862982384,0.2904626862982384
0.015,3.75,0.2836504714229576,0.2836504714229576
0.015,3.8,0.2963287308826845,0.2963287308826845
0.015,3.85,0.32881723168256805,0.32881723168256805
0.015,3.9,0.3291384640965604,0.3291384640965604
0.015,4.0,0.3297286439708733,0.3297286439708733
0.015,4.1,0.31019983359248704,0.31019983359248704
0.015,4.2,0.3457210816020619,0.33958356438459736
0.02,1.5,0.2907570340603052,0.28390854288004885
0.02,1.6,0.23563351836095178,0.23008334587800192
0.02,1.7,0.22580821923705302,0.22048944211785587
0.02,1.75,0.27900204591923566,0.27900204591923566
0.02,1.8,0.3022536721228122,0.3022536721228122
0.02,1.85,0.36029847611056837,0.36029847611056837
0.02,1.9,0.36594407893947506,0.36594407893947506
0.02,1.95,0.4543192364619625,0.4543192364619625
0.02,2.0,0.49850980421343816,0.49850980421343816
0.02,2.05,0.4631208211314229,0.4631208211314229
0.02,2.1,0.5952269445003737,0.5952269445003737
0.02,2.15,0.4820010075717058,0.6426680100956073
0.02,2.2,0.5445089514448559,1.0890179028897142
0.02,2.25,0.48001991362640273,1.920079654505611
0.02,2.3,0.4102933752107269,1.6411735008429076
0.02,2.35,0.3814225202771547,1.5256900811086187
0.02,2.4,0.3793706156138181,1.5174824624552723
0.02,2.45,0.33052684815610034,1.3221073926244014
0.02,2.5,0.2985895861835717,1.1811971129544876
0.02,2.55,0.34189227193989163,1.1152750875794208
0.02,2.6,0.41215628560614476,1.058503729394044
0.02,2.65,0.5537640134900226,1.0379494614826719
0.02,2.7,0.8553041798533103,1.0096841894651274
0.02,2.75,0.9299955237399659,0.9299955237399659
0.02,2.8,0.9194523239071927,0.9194523239071927
0.02,2.85,0.8139980330755486,0.8139980330755486
0.02,2.9,0.656563347558566,0.656563347558566
0.02,2.95,0.6479775779974274,0.6479775779974274
0.02,3.0,0.5737118942374465,0.5737118942374465
0.02,3.1,0.5351847527118111,0.8027771290677164
0.02,3.2,0.473207033348222,0.6084090428762853
0.02,3.3,0.45745177303906304,0.514633244668946
0.02,3.4,0.4083594976289157,0.4083594976289157
0.02,3.45,0.3898689595422709,0.3898689595422709
0.02,3.5,0.41783011917661667,0.41783011917661667
0.02,3.55,0.373887734028263,0.373887734028263
0.02,3.6,0.37342451107550106,0.37342451107550106
0.02,3.65,0.3355196450464535,0.3355196450464535
0.02,3.7,0.3705987682638546,0.3705987682638546
0.02,3.75,0.3563769585942852,0.3563769585942852
0.02,3.8,0.34883620159021733,0.34883620159021733
0.02,3.85,0.37386700350359314,0.37386700350359314
0.02,3.9,0.42750176161777326,0.42750176161777326
0.02,4.0,0.3918852941125746,0.3918852941125746
0.02,4.1,0.3875406065961929,0.3875406065961929
0.02,4.2,0.36488217236284914,0.35840449213332654
