Test,Window,Measure,Measured value (m/s²),Mean simulated value (m/s²),Median simulated value (m/s²),Mean bias,P5 bias,Median bias,P95 bias,Original measured fs (Hz),Final measured fs (Hz),Monte Carlo fs (Hz),Removed measured offset (m/s²)
W073_free1,100-600 s,Peak 1-sec RMS,0.11471797483111773,0.20300342956384035,0.20698118983607483,0.6698435871715834,0.3851272646827465,0.5542440000977367,1.5018183995457843,200.0,100.0,100.0,-0.10778431665467801
W073_free1,100-600 s,Peak absolute acceleration,0.3101050925964982,0.3306091597325176,0.3405673615556718,1.0752968519746333,0.6813528386126478,0.9105611096114655,2.1736253530602516,200.0,100.0,100.0,-0.10778431665467801
W073_free1,100-600 s,P95 absolute acceleration,0.12376869819493894,0.15797611715764087,0.16458916769753518,0.9758983604942877,0.5164214522832008,0.7520167129949693,2.650541809765896,200.0,100.0,100.0,-0.10778431665467801
W073_free2,110-610 s,Peak 1-sec RMS,0.12441359299671514,0.20220491334396468,0.20545358611867723,0.7475207932685511,0.4176770626461614,0.605580976518614,1.8491387588897936,200.0,100.0,100.0,-0.10788957779076852
W073_free2,110-610 s,Peak absolute acceleration,0.2728070583281166,0.3292828395624088,0.3405673615556718,0.9735676452216618,0.599402808993171,0.8010429485732822,2.3588825216746176,200.0,100.0,100.0,-0.10788957779076852
W073_free2,110-610 s,P95 absolute acceleration,0.12384161657501942,0.15742355240891376,0.16412898664714481,0.9897921275489178,0.5173760750680871,0.7545399738942051,2.7585828511971537,200.0,100.0,100.0,-0.10788957779076852
W073_free3,100-600 s,Peak 1-sec RMS,0.18033535217080413,0.20300342956384035,0.20698118983607483,1.0529865033772865,0.6054156814517129,0.8712652667842316,2.3608414494536425,200.0,100.0,100.0,-0.10594142264265877
W073_free3,100-600 s,Peak absolute acceleration,0.37316410392060717,0.3306091597325176,0.3405673615556718,1.2939554873349897,0.819904050416494,1.0957211882206712,2.615626045810386,200.0,100.0,100.0,-0.10594142264265877
W073_free3,100-600 s,P95 absolute acceleration,0.12026327455061649,0.15797611715764087,0.16458916769753518,0.9482585998987278,0.5017951695827264,0.7307178126663398,2.575472167233302,200.0,100.0,100.0,-0.10594142264265877
W073_free4,100-600 s,Peak 1-sec RMS,0.42355647116179806,0.20300342956384035,0.20698118983607483,2.473165922170698,1.421949310187544,2.0463544025213976,5.544945354674494,200.0,100.0,100.0,-0.10643158025731736
W073_free4,100-600 s,Peak absolute acceleration,0.7152822721809796,0.3306091597325176,0.3405673615556718,2.480258447578154,1.5715949792348507,2.1002822429942833,5.013641241390816,200.0,100.0,100.0,-0.10643158025731736
W073_free4,100-600 s,P95 absolute acceleration,0.1490220632532774,0.15797611715764087,0.16458916769753518,1.1750175070702675,0.6217904159118275,0.9054557719832319,3.1913497919180775,200.0,100.0,100.0,-0.10643158025731736
